Time,Cluster,Probability
0.51976669373785,2,0.7851001910789498
2.2677334514444567,7,0.62996100087083
2.8330001475520987,11,0.9968413102652018
4.862500253255234,11,0.998397880023093
5.418900282234404,11,0.9931917261704607
6.453233669439271,7,0.9990546254207445
7.436533720652818,0,0.9818621960736433
8.164600425239627,7,0.9554075567051868
8.79346712465977,7,0.9846994303023286
10.707933891038252,7,0.9820020250335469
3.721966860519117,7,0.8670149982632445
4.610566906800372,7,0.936316110068526
280.6474146170536,7,0.9978404116221837
14.577134092559106,7,0.9812872840383601
580.6206635739944,7,0.981791196460433
16.551134195371617,7,0.9810599272362452
16.925534214871618,2,0.7968388029815741
18.486300962828224,7,0.9800078877613568
19.492167681883785,0,0.9722064942194112
20.0027010418074,7,0.9929094788893543
18.251400950593847,2,0.9542901588787012
18.29870095305739,0,0.9979231765840073
23.01513453203832,4,0.5052219437403159
18.476267628972323,2,0.9944719005197522
18.843267648086908,7,0.9855993391085126
18.75746764361816,7,0.9881040519750633
19.1304009963751,7,0.9778409223148048
19.75486769556608,2,0.9098760236579901
20.0271343764133,1,0.5938836698411237
23.19676787483172,1,0.9795126477348816
25.0227679699359,10,0.5195647698829744
25.31870131868243,7,0.606327086169278
25.481501327161595,1,0.9022789354036049
26.292434702731043,7,0.9318841281933767
26.295401369552224,4,0.9225052116849621
36.70066857815992,7,0.9973970775629962
37.00670192743249,2,0.9464905446205881
38.00316864599847,12,0.991376527633107
38.027735313944646,0,0.9983024855968187
40.77110212349501,7,0.8542477284341118
40.97240213397939,7,0.8436453170036226
41.11403547468946,12,0.7716625647566737
39.11750203737,7,0.9246980134998961
40.14740209101063,0,0.98598519842806
44.03990229374503,0,0.6057434272401063
37.2960019425002,4,0.48992244850248445
47.08743578580408,7,0.963488918240347
39.716835401918615,0,0.8220234802812132
40.34130210110959,1,0.8712839011317495
50.10656927638395,7,0.9246925518067689
43.37180225894815,7,0.9997125378335199
44.969902342182536,2,0.9992131000001147
53.05756943008189,7,0.9159606698122776
54.06750281601592,1,0.8702191328649614
55.00566953154544,7,0.8728954203358144
48.84393587728846,0,0.9999399091744521
57.00893630254892,0,0.9997052852753036
49.187335895173874,1,0.9812684819903438
50.41540262580236,2,0.9312645498600056
51.264802670041945,2,0.995725337538041
61.023169844956925,2,0.7304721668360507
54.22743615767911,10,0.5017712882872836
63.08150328549513,4,0.7609887608708693
64.01897000098819,3,0.9991982303656872
65.03440338720868,2,0.9792740278686001
66.01993677187188,10,0.5629350017446663
67.0464701586705,10,0.5036921472767795
68.01853687596564,1,0.8244776729835294
69.0166702612851,2,0.9009220919671196
70.52870367337017,4,0.5231962457482365
64.81950337601597,2,0.9759279028082966
68.93850359054724,7,0.9468921918228228
73.01860380305247,4,0.8748826724727329
74.0433705230924,7,0.5723223210873493
75.1972372498563,1,0.8967017645870747
76.25743730507506,2,0.6942775978940781
77.35467069555597,2,0.9814690607701426
78.11453740179903,3,0.9999979182687678
79.08577078571744,2,0.9096469195764126
80.08653750450738,2,0.7534137062520544
81.0303708869987,3,0.9988282765346542
73.09120380683373,1,0.8403794492865702
74.58580388467749,2,0.7313295683405634
75.32587058988929,2,0.9084547084184653
79.42480413670876,4,0.9288495619303864
79.67037081616536,2,0.9936613554093247
80.71217087042578,9,0.9905615110639039
81.05843755512717,2,0.9853433876402538
81.78633759303864,2,0.5177682429465202
90.00067135420187,10,0.8115162644367998
91.00313807308036,10,0.7999273626526578
83.99443770804385,10,0.9811378952652559
84.18970438488066,10,0.8900277174020857
85.03310442880775,3,0.39055474852623256
86.19910448953692,4,0.6927330322130514
96.12653833992412,5,0.9998810367804145
97.18730506183908,5,0.9999972468925433
98.00127177089983,0,0.9823182877980956
99.0128051569172,7,0.9989731581007751
100.08600521281303,0,0.934926422316573
20.38520106172928,7,0.9990230653149523
20.906101088859486,7,0.9245831791201451
101.05573859665331,2,0.8654544082354876
102.00597197947798,11,0.6083325996153742
103.03867203326443,3,0.9937679396190939
104.00357208351966,1,0.9854414497697259
105.00857213586342,10,0.5889908174628821
107.04397224187385,12,0.4781640900612147
109.02753901185127,3,0.5783220861636955
110.25400574239644,9,0.9999999977983549
111.00300578140684,2,0.594616583826175
112.0481391691742,2,0.6650955360859824
113.46250590950582,7,0.952470626875562
114.01537260496762,7,0.6703766750097958
115.2219726678114,3,0.9946773747002081
116.0330393767211,7,0.9677398689331647
117.79277280170724,4,0.8167415821335551
118.5655061752871,11,0.5508474253490436
117.86800613895896,7,0.9940463383765425
120.0422729188687,12,0.8567606983853014
121.03727297069162,12,0.8096258318908498
113.82617259511346,12,0.8542741132618211
114.11910594370374,12,0.9633795614117272
116.44533939819507,7,0.6870643403391138
116.71767274571243,7,0.5544851644153115
117.05497276328016,10,0.5450783524923752
118.0375061477871,7,0.9337781953244689
128.2899400151014,0,0.9598283610707181
128.5387733613948,7,0.7304485667424977
130.95357348716564,3,0.9830390699393813
26.69490139035952,3,0.9252304302119638
26.848801398375144,7,0.8748996988499943
131.0954068278861,7,0.9068178596626808
132.00584020863786,0,0.999859535155157
133.02030692814134,2,0.9217675983181601
27.08560141070848,9,0.9719386605955092
134.01637364668647,1,0.7789736471588969
135.01407369865004,7,0.9972718446868398
136.02557375133233,2,0.9193083528753525
139.00757390664484,7,0.9847493092900454
140.08680729618823,2,0.5725091561490866
141.0617073469643,2,0.823794540109917
143.00460744815703,7,0.9067335028451112
144.0099075005164,2,0.8959138237403279
145.00397421895738,7,0.8573083775268499
29.843801554364745,2,0.7098717678308814
146.02354093872648,7,0.9987185249419819
147.0060076565633,7,0.9307561124152504
148.04790771082892,2,0.707872790785539
149.01597442791572,11,0.920154888169693
30.19896823952968,2,0.8930119532834258
150.0712744828793,7,0.5136150729532767
151.1947745413949,7,0.9996215684641291
152.0215079177873,2,0.9604814964646257
153.02460797003206,2,0.7941712144959033
154.00447468773348,2,0.9876353150907999
155.0071080732873,4,0.8360295092218983
156.0674747951814,2,0.9764589147508475
157.00284151056508,7,0.9930337520672841
160.01040833387586,7,0.7572236998741405
161.00097505213455,7,0.8762674695994327
162.06537510757204,4,0.9289864647799085
157.2138081882196,7,0.9858451091093029
163.3088418390026,7,0.8737739890718278
161.99574177061197,7,0.9811212292443958
162.92447515231686,7,0.9952924275933969
33.97533510288213,2,0.9955863496646481
167.05937536767624,7,0.9641316234665667
161.87760843112588,2,0.7913038974695161
162.836708481079,3,0.9998715195169926
163.46520851381337,10,0.5188524563718393
164.246475221171,2,0.8945346969655075
164.268541888987,2,0.985600450032532
165.8456753044627,2,0.9693603885474836
166.13010865261026,2,0.979376166720412
167.1123420371016,2,0.7961783117511674
35.07633516022588,2,0.9783963827696898
169.01607546958772,2,0.5875042990588435
170.00604218781515,2,0.9871374226700501
171.00760890664677,2,0.7635024511117657
172.0268089597301,2,0.9854178215966716
173.01194234437247,2,0.9926260710991234
174.00010906250614,2,0.8345079965290925
175.04390911687074,2,0.9179301992305272
176.00347583351484,2,0.8663219363179426
177.10907589109817,2,0.9448194240634141
37.7871353014134,10,0.9089602438700662
179.00694265661207,2,0.99473092821313
180.1563093831416,2,0.869490954852991
181.08354276476837,2,0.9898207047878014
182.00254281263287,2,0.9766877087064804
183.00797619833256,2,0.9883247561804034
184.06740958684475,10,0.8728538060334868
185.00790963582912,2,0.605396357891807
186.0088096879593,2,0.8697343228665209
187.0001764062597,2,0.7399388318332362
188.0105431255496,3,0.9882300415550394
189.23470985597496,9,0.572140854322824
190.0049765627597,0,0.7423537078534262
191.01767661550448,5,0.9991068651955639
192.01097666723888,1,0.5434955751768283
40.72313545433008,1,0.9547993966518109
194.0576434405028,1,0.9397874157361027
195.3213768396556,1,0.996441186392344
196.0141102090688,1,0.9273703815364019
197.02444359502363,4,0.7963357877546949
198.0277769806139,1,0.7104961000400568
199.01207703187956,1,0.8705162395304942
200.00297708348893,1,0.9636121497934372
201.0649104721313,7,0.753509449036887
202.0344771892962,1,0.9463440672868562
203.1471105805792,0,0.9996334778775923
204.04397729395768,1,0.6187961634855127
205.02277734493688,1,0.9799223353339921
206.00847739627545,5,0.9999982867233581
207.04771078373548,1,0.9964529200996627
208.02467750128585,1,0.7069091050697185
209.01521088620945,1,0.48606491844480576
210.03437760595773,0,0.9992061481973621
211.12431099605843,7,0.5116543529037568
212.0561777112598,7,0.992715124410554
213.0859110982251,1,0.9848159176618955
214.07637781647855,5,0.9999929661901168
215.0419445334352,12,0.4875383621269638
216.00707791703587,7,0.7588329165536434
217.01544463622164,0,0.9986441535461775
218.01091135473555,0,0.9991175710397562
219.01727807381715,1,0.967606196827036
220.0631781282911,1,0.9859497989039102
221.0491448463102,5,0.999979555423104
222.0250782304734,1,0.977519407462903
223.02104494901332,4,0.6513708763029918
224.1124450058571,0,0.9985289867979563
225.0043783856453,1,0.8785775948179514
226.0014784375776,1,0.4388244356709616
227.03167849123383,0,0.9693197046805055
228.0232118762096,5,0.9999690669500294
229.00344526059672,5,0.9999976675713841
230.1256786523797,1,0.9920563093306151
231.0587453676436,1,0.9738902240816742
232.06014541979985,1,0.9937002257602011
233.0009121354648,7,0.9950856511889842
234.0122121881367,1,0.8497666194015063
235.058278909286,5,0.9998770310606088
236.01524562579468,0,0.9993412238667522
237.02411234500647,1,0.9659867247993585
238.0070123961992,4,0.768744893487825
239.11661245399088,4,0.3014430599425194
240.03694583525825,2,0.840532746579101
241.02004588646136,10,0.6226111846516955
242.26721261808464,3,0.999061452857698
243.09791266135028,2,0.9600060650744289
244.0050793752652,7,0.7303692532526856
245.01981276144923,4,0.9659655364434961
246.07404614969056,4,0.8772063585635945
247.00647953158813,4,0.9426256736429612
248.00891291713157,4,0.9831002946400905
249.0421129709441,7,0.9062763112504407
250.0348130226472,2,0.7997848072658499
251.1494797473694,4,0.9506725648532678
252.22091313650657,3,0.9977444475378029
253.14324651787808,1,0.9692106584382235
254.10434656793535,2,0.8580084581102553
255.01551328205863,10,0.7136874895253751
256.0181133342774,1,0.4920937528481916
257.0349800539059,7,0.8839595174239266
258.00954677133126,2,0.9803337335226673
259.1380134967722,2,0.6837655864673197
260.006213541991,2,0.6843527786673342
261.0206469281594,7,0.9928525668082023
262.0128136465014,7,0.9957798920128446
263.08018036876007,1,0.572920355496764
264.0071470837063,7,0.9568953236671704
265.02664713680525,7,0.8853767961089158
266.0323138558504,7,0.9805383459096686
267.0658472430136,7,0.9887478229396801
268.03038062658305,4,0.4888213645022655
269.02354734497715,7,0.9915445168873643
270.0224140636681,2,0.6914762041983875
271.0683141181421,7,0.919600766538246
272.0361808352185,7,0.9969588513151034
56.7163696206444,4,0.9747275520986405
56.90570296383885,2,0.9404452811957287
275.0578143259286,3,0.9990614909551458
276.1971477186022,11,0.999457196771622
277.09361443195985,9,0.9549022268213603
278.0104144797098,11,0.9944484084221156
279.01258119857266,7,0.9988151261917196
280.00261458347023,1,0.6340981444588221
281.01594796958136,7,0.9963351766095566
282.26431470126715,7,0.9980666908757159
283.217514750913,7,0.6113506366603256
284.0406147937828,1,0.9880209744460631
285.05318151318727,11,0.8049618260678822
286.1318482360345,11,0.7548943910067706
287.18191495739217,9,0.9702454489146863
59.62850310565136,8,0.7409077020213004
289.06794838895644,7,0.9682941490021456
290.0160817716717,4,0.5900611934159629
291.00121515631406,5,0.9973081260080788
292.0086485421179,1,0.5928981919641035
293.0192819280884,7,0.7473017351063719
294.1740819882342,8,0.9995084543276032
295.10298203661443,9,0.9119366085019838
296.0380820853176,12,0.9626215919675158
297.061182138604,11,0.9977267023708539
61.84213655427811,9,0.5788439854668395
299.00144890632623,6,0.9739398563835626
300.04038229377073,9,0.9689645715951718
301.0649156804652,1,0.8493162605981861
302.0692157327725,8,0.8913055145108514
303.0349157830693,11,0.966936928025671
304.080182504177,6,0.7261038495683169
305.030582553677,6,0.8856171461954211
306.00001593750164,8,0.999554251583534
307.002449323045,8,0.9950181330807891
63.65346998195173,9,0.9961890243574624
309.0162827612656,6,0.8690540565389137
310.047049481618,12,0.9911563134020682
311.0000828645885,11,0.9876876974102692
312.0051495836024,11,0.9447185464821651
313.0154496362222,11,0.9820742223341418
64.13883667389791,1,0.9577663130921165
64.60067003128506,1,0.7454999732992544
64.8018033750941,11,0.9925168451499268
64.9318367152,12,0.9142364911510894
318.0533498986128,4,0.6759271728940086
319.04354995018576,5,0.9974976450228524
320.03835000199825,1,0.9832996135403194
321.00095005213365,1,0.7993092490496922
322.0844167752309,6,0.9837667482825821
323.153916830934,1,0.5400518141288021
66.5064701305455,1,0.9579547411903593
325.0040835939636,1,0.8739539849304011
326.0195836468542,9,0.9598465631832968
327.0465503670087,1,0.6486617799941757
328.0832504210035,5,0.9782365807159736
67.21683683421043,5,0.999967306131751
67.8560368675021,11,0.3510758843884529
331.0324839079428,8,0.9954889345754171
332.0051839586042,4,0.3839305502844032
333.3180840269844,4,0.7284577489985843
334.0120507297952,4,0.5951796322064394
335.0336507830035,11,0.4306837364653511
336.0817508375921,7,0.6162620151038383
337.0262508867848,0,0.9997625318664535
338.13061761097055,4,0.9589629878964097
69.03970359581808,12,0.9766487910343827
340.00188437509905,9,0.5718953819929393
341.0595844301876,9,0.9998198813650833
342.20575115655043,9,0.9999999763972486
343.1665845399272,12,0.8294936707154981
344.0078179170748,11,0.9695886721834519
345.0095846359168,11,0.9455922296342631
346.0228180220227,6,0.9996653051309476
347.02111807401747,6,0.9968249272518768
348.0047847919168,4,0.9048887497459808
349.05408484656783,9,0.7238767593731978
350.0289848973439,9,0.46707711277500663
351.02775161602966,11,0.4907976935920456
352.0078516670765,1,0.9063938834328424
353.0289183869237,9,0.9532485404066958
72.11763708946046,7,0.46472093039089823
355.0008184896269,11,0.9757395468225071
279.8820479105241,5,0.99984928574747
357.0339852621877,5,0.9999848645256465
358.0098853130158,5,0.9998710893613418
274.89921431766817,9,0.9999999990319566
360.0013520834047,5,0.9999527773379229
361.00661880242905,1,0.9180489286654506
362.061652190712,5,0.7941855536109451
363.03428557470335,1,0.9144703557842985
364.0250856263075,5,0.9996134080253837
365.0628190136895,4,0.6309785966444809
366.0309857307815,1,0.9854826333976786
367.0659857846877,1,0.890403916924825
368.0110191672416,12,0.9848082136853754
75.42047059481638,11,0.9203738020795218
75.49137059850909,8,0.9721004413913444
371.02981932447074,4,0.8456372978405028
372.364319393976,11,0.8933902868481387
373.0034527605975,6,0.9963888803336103
374.0997194843614,9,0.9940035801971512
375.0115528651861,1,0.7143575981861912
376.1287862567086,9,0.5401900866806679
377.0186529697225,12,0.9464139282680173
378.0227530220194,4,0.969085364724526
379.0012197396479,8,0.9987137121695717
380.0026531251392,12,0.9805243403540568
381.0677531806132,12,0.9817762303668116
382.0249865638024,6,0.98576065758669
383.0018532813476,8,0.9765585492110198
384.0181533342798,9,0.9994856212306173
385.12182005842914,9,0.9996829070092309
386.0914201089292,6,0.9861351595549515
387.0089201567157,4,0.9026754520828755
28.822868167857795,7,0.9652522686752942
389.1073869326775,1,0.8794590514976521
316.96088317504683,9,0.6685068255162963
391.147153705582,6,0.9994613403134727
392.02938708486494,9,0.956809048210831
311.5052495575659,5,0.9999782867612542
394.041087189641,5,0.9901633039039227
395.03715390818616,1,0.9956217302827937
396.1029872970316,10,0.6390037004516381
397.0546206799292,11,0.5878053926034519
398.3226207459709,11,0.585742747605851
81.91980426665668,11,0.7986646627448708
400.0605541698216,6,0.7627075511397658
401.0024542188789,0,0.9495961362024214
402.15862094576255,11,0.971532666872078
403.0015209896636,12,0.9315441336998405
82.33397095489454,8,0.9922215738530248
82.55877096660288,6,0.9963247829580051
406.0243878137713,7,0.7460372678964126
407.084087868964,12,0.3768143740131479
408.02842125148135,8,0.9847418956820159
409.0422546376185,8,0.9951224867958518
410.0789546916133,9,0.7928449121562942
411.004688073162,9,0.6122373066848324
412.042954793905,9,0.9254401546162608
413.0540881799015,11,0.9802077286962423
414.0078882295786,9,0.7761559742702957
415.007888281662,6,0.9698270376039526
416.0090550004727,11,0.8520223706482051
417.0198550531185,11,0.8081192646221681
418.000221770846,6,0.5729309019173237
85.18690443681817,11,0.5987453858719084
85.76683780035637,9,0.780628685869251
421.00918859422967,5,0.999995963796624
422.00468864607865,5,0.9999859979642338
423.0559887008339,7,0.9251944942970073
86.8089378546324,8,0.3228712156135214
425.0456888044641,1,0.654070108171275
426.0679221910388,5,0.9999953106016154
427.0035889064381,7,0.9850322533342689
428.009188958813,5,0.9999262700826704
87.62577123050914,7,0.9060778976280665
430.001155729228,11,0.7444337259871247
431.1107891203548,9,0.9000964652989351
432.0280891681308,8,0.9751231582493308
433.004489218985,12,0.3521619544960978
434.0579226071847,11,0.4965720213716357
435.0390559916187,8,0.9957799721907482
436.0509893776568,12,0.9925889771731948
437.00968942758914,8,0.9978741742265052
438.0188894801517,9,0.4714905127376039
89.79210467667235,12,0.8422166485680185
440.0061562503218,6,0.998502602036772
441.0189896364069,6,0.63166871735926
442.3190230374503,1,0.6693617572482171
443.0599230760389,6,0.9892199353074808
90.75093805994491,1,0.5731401177629383
90.77467139451436,7,0.4950298834347341
90.98777140561332,5,0.9960003289290154
447.00265661472287,11,0.8628209760526665
448.02535666798855,5,0.9999957668878988
91.50867143274354,9,0.7470512844159796
91.8042714481394,12,0.5138100124640914
451.03725682485833,1,0.5890352042897261
452.0461902107403,1,0.8995414927980164
453.0064902607559,7,0.6997186592636985
92.0765381289866,11,0.899564536349562
455.5806237281587,0,0.7085954560639264
456.0382904186622,9,0.840238596518769
457.0442571377229,0,0.9588159769187986
458.0750238580754,9,0.9972894516399418
459.0001905729278,6,0.9985685789834114
460.0893572963219,8,0.9873205839101545
461.0337573455094,12,0.9425358889087708
462.0195907301882,1,0.7231115799861736
463.0073574483011,1,0.994768405509639
464.0049908335945,1,0.8961521048243658
465.014657552848,6,0.925029581402115
466.0546909403497,11,0.9733228066261927
467.0127909902508,1,0.6671924617127497
468.0122910423081,7,0.9115239817479827
95.52157164174878,6,0.6997503544195958
470.0472578149626,1,0.9066242544793737
471.0359578664574,1,0.918443910586565
472.0292245848567,6,0.7127602396351856
473.0076913024852,6,0.675735234875356
474.0633913574696,9,0.7901162874997908
96.40960502133385,9,0.5735466935197744
421.8987219738929,2,0.5995434701063235
477.0911915151675,6,0.484638354234175
478.1193915687196,9,0.785094307438184
479.1734249569505,1,0.5295535359689879
480.005525000289,8,0.9970223902807769
481.0051250523516,6,0.9995268066943612
482.0031584376658,4,0.7165004492045414
483.0043584898117,6,0.9987560302622807
484.1668585503585,4,0.8896166468960532
98.83610514771408,1,0.5437406846775344
486.1326253194089,12,0.9930290199826753
487.0117920318655,1,0.574755964944592
488.0030587501606,5,0.9995173665650556
489.0197254697787,6,0.7378164442766332
99.75970519581824,1,0.7200590847501376
491.0723922433551,1,0.8945626343222903
492.035225626836,11,0.5339838514068165
493.04845901294186,1,0.9587574492504262
494.0112590630877,2,0.9926276609986795
495.0346924497249,7,0.6279442809126486
496.0037591668638,2,0.9089341561968451
497.0010258854714,7,0.9909431169880611
498.01072593806,11,0.6891866444148386
499.0555926591468,7,0.9987416574301863
101.34590527843284,2,0.9946424299993546
501.0027594272284,9,0.9995798189946555
502.0174928134125,2,0.8544674571469622
503.0535595340409,2,0.987397946868708
504.0401595854263,10,0.5384158332244217
102.49407200489986,2,0.8659309318190858
506.152459695442,7,0.9931703241797647
507.0162264070965,2,0.9413157601342125
508.09035979637423,2,0.6191776193903532
509.01092651098713,10,0.9996347446819459
103.82020540730264,12,0.9262546225713852
511.01705994880655,1,0.9962734601344546
512.0073266670496,7,0.9978465406923418
513.1872933951729,2,0.9288098691598947
514.0005934375323,4,0.9554277112202373
104.17527209246236,2,0.9123676576144609
104.44767210664986,2,0.711783234317099
517.0316935954021,10,0.9347214866761951
518.0763936498136,1,0.520655991204326
519.0698603682233,7,0.9839215697712197
105.3236388189398,4,0.9799117444952617
521.1104604745045,7,0.9905664133064647
522.0165271883621,4,0.9811442796530517
523.0046272398257,7,0.9770309359794015
524.0360939602147,2,0.9873910587459952
525.110494016173,2,0.9692723964365568
526.0031607293326,2,0.750730066560039
527.0115274485185,10,0.8789864576210238
528.0052941669438,2,0.6085707024059402
529.0185608863848,7,0.3019264217533467
530.1048609429629,7,0.464674501370868
531.0289276577581,2,0.8626120285730063
532.0385610436765,2,0.6695808292110301
533.013227761107,7,0.9936174202264976
534.0420611480255,7,0.9722331390640045
535.0203278656435,7,0.939243501517008
536.0058945836417,7,0.9897537077119453
537.0074946358085,2,0.9823284426121744
532.6599610760411,2,0.5169143558288016
539.0044280731487,2,0.7754770875779834
540.0032947918397,1,0.9913881640826471
541.0483615129369,1,0.7539513129865835
542.0074615628901,1,0.9560138021796178
543.1144282872112,7,0.9532733803274951
544.0118616672859,4,0.9599835277055522
110.42580575134434,2,0.9976066896404133
546.0033951043449,1,0.7227863665395164
547.1921284995915,4,0.9928134603599367
548.0143285424144,1,0.9414806781036634
549.1372619342338,10,0.9882360632766113
111.57423914449193,2,0.8351670340429982
111.7044058179381,7,0.9963970245531171
111.90553916174711,10,0.6855374327294289
553.0415288042477,2,0.7643888133242371
554.0263288555394,4,0.9813336309091139
112.75793920614296,1,0.9893856962844355
556.0049289585916,4,0.9615543314232192
557.0186956780585,2,0.9982951218101653
558.1745290715916,10,0.6671139914468441
559.0763624518954,0,0.7783972059773708
560.0030958334961,3,0.8398374152737406
561.0377625540516,10,0.5337095833810324
562.0086959379544,4,0.708105492723723
563.0316626579006,2,0.9366259012873109
561.4134959069544,5,0.9999976221755125
114.58090596775584,1,0.9949417954487343
566.1005294844041,2,0.9932249021875817
567.0297295327999,7,0.9966986410258445
568.0073295837166,0,0.9977840981511156
569.0039629689579,1,0.9732958792162573
570.0054296877843,1,0.9983596218841042
571.0178297405134,1,0.9686024673494009
572.043329793925,10,0.5578415337306226
573.0369631790101,1,0.42359917388809687
574.0175632300829,2,0.8800365742888641
116.91307275588952,2,0.9830866699802603
576.0851633377705,0,0.9995854127654623
532.4847277335809,4,0.71184124767674
532.7554944143501,2,0.8927778064561519
579.031163491208,2,0.9553988633933829
580.1222968813712,1,0.9985380659397453
581.1488636015049,11,0.9853139109171758
582.0284969806524,4,0.9548015272334157
583.0323970329389,2,0.9625330038749679
584.1362304237635,7,0.9962295567093623
118.2508728255666,2,0.7406398340524527
586.0092305213157,7,0.994064621041126
587.0276639076924,1,0.7748463765055105
588.0463639607497,2,0.8874649682786676
589.0063306774147,2,0.7923547952346748
590.0021973959493,2,0.6302822884539226
591.0261974492827,2,0.6377759446678001
592.0357641685309,3,0.982578131163177
593.0076642191508,0,0.9994502472590336
594.0293309390293,7,0.9963116165612929
120.41707293838954,7,0.9670834950038714
596.0084310421074,4,0.9448262232791483
597.0001977604286,2,0.8370050458880085
598.0303311474147,4,0.613399156280188
599.0727645350414,4,0.9246290572400894
600.0081645837602,4,0.9844497143682159
601.0568313050449,2,0.9590018271499963
602.1014313594511,4,0.975672443737618
603.0140314069824,2,0.9760804459960707
20.36760106081261,4,0.9031386605474386
605.1178981832255,7,0.8960816809908012
606.0144648965884,12,0.9728936865918207
607.053064950682,4,0.9356611567451362
523.3345605903431,2,0.9906944702538699
523.4667939305635,12,0.7054070672104665
610.0303317724147,2,0.7693450593633725
611.1258651628071,2,0.9923222824258446
612.1179985478141,4,0.8998744364885026
447.5819899782298,4,0.6966675516347973
614.0044653127342,4,0.9520696268736614
274.68901430672025,10,0.638735051328703
616.0488320858783,5,0.9999982465179212
617.0375321373731,2,0.8174132048705486
618.0155988549808,4,0.9779394100491848
619.2523655860624,4,0.8594320384484958
620.2123989693974,2,0.7626360652611784
621.1383656842916,4,0.9756910356737005
622.085632400295,2,0.8988605220732334
623.0179324488523,2,0.6144848647441732
624.0640325033366,4,0.9772764892041415
126.54920659110483,10,0.9552862005535263
626.0316326058158,4,0.6664301179630245
627.0173993238245,4,0.9871840443195801
628.1399660489583,1,0.605401211955375
629.0296994286318,1,0.8545275625511729
127.68560665029236,11,0.497525032640366
631.0171995321475,7,0.990154502797426
632.0093662504895,9,0.8575201569987544
580.9551969247514,9,0.6004197341725408
26.191968030831735,6,0.49997745108865016
635.1131664121458,9,0.995863044183529
636.0018997917673,9,0.8970448479936143
637.0166665112864,9,0.9308816021098362
638.0667665659792,8,0.9951021095473812
639.2727666287916,8,0.9777852017969019
130.79910681245383,8,0.9843141201471657
130.9176068186257,4,0.947390159617844
131.3199401729139,7,0.9844600569522051
131.75767352904586,1,0.9548044806047554
623.8965324946128,12,0.9985399753083629
133.05984026353372,6,0.5678116120571218
133.15457360180108,12,0.9961273376987321
133.9481736431344,0,0.3564884441556552
627.4928660152551,8,0.9910618242364748
134.74114035110142,12,0.9241842593767076
606.2047315731647,12,0.998531826464366
135.5458403930129,12,0.7278412795352929
135.09634036960142,7,0.9989506282270834
135.0487070337872,4,0.9432497975875768
135.4041070522976,8,0.7649672658015754
568.4809962750534,12,0.7779753542482364
136.35130710163094,12,0.9990040923979707
136.69437378616567,9,0.8156945810522921
137.1800738114625,1,0.7989547896054774
137.665573836749,8,0.9988559570259471
587.9771639571455,9,0.46190177558280915
638.477133254019,1,0.5666632414704115
138.75404056010666,1,0.9445657968278769
138.00827385459797,11,0.9976824603805221
139.61850727179765,9,0.9457338982154576
440.8614562948687,11,0.9966535270455893
38.16026865418076,1,0.8590906718637277
140.52970731925598,11,0.9798756837998358
39.15476870597764,6,0.39518348552360016
39.81770207383875,4,0.8463243714456392
141.702374046999,1,0.7245152402740421
141.1808406865025,8,0.9894215128594753
40.39773543738216,8,0.9986945592908004
632.6366662831614,8,0.9391808985809917
143.74967415362926,8,0.9999491846625845
143.4069408024452,7,0.7292735526487777
143.15794078947647,7,0.6087267626840673
143.98707416599382,12,0.9726326167699387
578.6524968048191,7,0.9995014622564206
144.03437416845736,12,0.9791179216850578
144.06934083694523,8,0.9951927784468662
144.44860752336535,8,0.5317657801556518
144.50734085975773,12,0.6751578637337672
43.44000226250024,9,0.9830350813207406
145.09967422394175,8,0.9993166358236387
145.8690409306796,12,0.9777032821883339
273.67374758717506,7,0.5645512627314917
273.95721426860564,1,0.6804434011572139
44.25693563838218,12,0.9393839994951669
146.99344098924212,9,0.9941589283608573
146.62634097012233,9,0.6382944691675833
314.94104973651383,8,0.9991226336688939
431.7842891554329,8,0.9898020119125752
516.5767935717093,12,0.8882486952063474
147.5263743503324,12,0.9102843777270224
594.1522309454302,8,0.9891877434711891
630.2641328262586,8,0.9997620072208362
569.9550630184943,12,0.9710378050566696
47.82020249063567,8,0.5720924786885073
149.84680780452163,1,0.7911627290460376
279.9343145799129,1,0.7109620870840703
376.9065196305489,8,0.5699787773316989
550.0463953149178,8,0.999508491546358
151.97717458214493,11,0.6706718961040227
539.8221947824075,7,0.6330512710527725
152.26167459696262,12,0.8812721218652557
152.474974608072,4,0.8131241808069131
152.9836746345668,8,0.9861950432596127
473.9876913535268,12,0.9621005829196164
51.99906937495167,12,0.6893672633844886
153.94224135115883,8,0.6278953929429514
153.48084132712756,8,0.9992926191307548
52.55533607059056,1,0.9640299927458105
154.4868413795234,8,0.9998466644966395
154.9726080714904,1,0.848953208813199
155.73010811094355,12,0.9916482102655898
155.91930812079772,12,0.8054787432358477
55.38466955128502,2,0.9390846884047492
418.57788846759945,4,0.8609217434220602
418.8264551472123,12,0.9932799000035806
158.86754160768487,8,0.901467324099125
158.8912749422543,11,0.9950947232014672
159.22244162616926,11,0.9988986680036245
159.28167496258766,2,0.9966178257657874
159.44757497122828,1,0.8759859142362382
159.31727496444182,8,0.9032185788165628
160.11024167240885,7,0.9987661326154644
160.43007502240016,8,0.9746594867862649
160.54810836188108,1,0.8316917852412298
475.7837914470737,12,0.9118254968978764
161.1754750612231,9,0.9309606760825495
161.51907507911892,8,0.7495166085665886
161.6846084210738,8,0.9083536606408713
162.43017512657207,12,0.4947998977211667
163.7566751956606,12,0.7195647599322307
582.5808970094233,9,0.9992657264202474
521.9058605159316,12,0.5495581556071181
623.1173324540293,7,0.9900461035901784
165.91074197451826,12,0.9977947521076252
384.6246533658684,12,0.9413122348847314
561.4737959100951,12,0.5841110994725334
168.20737542746792,7,0.9862220025892516
169.47450882679777,7,0.988879555078705
169.5449754971346,8,0.48850184830014465
170.01880885514674,4,0.9500228826845915
170.07764219154433,4,0.9527728676504875
170.84727556496273,1,0.9287749694369712
553.765995508647,4,0.9091618524147226
171.86584228467973,5,0.9999784480013002
172.5283089858499,7,0.6319583496887178
172.6353089914228,4,0.5129301196696067
172.64674232535162,7,0.9989165268721507
533.682361129291,1,0.9715386463188426
173.0727756808742,11,0.542105156235185
173.1441090179228,1,0.5667503382725072
173.1795756864367,7,0.9613102878520515
173.71217571417628,12,0.7146770696415525
173.73610904875613,8,0.9995494358864783
173.8894423900756,8,0.6090859604084125
173.9607757271242,7,0.9842831402843302
174.0433757314263,9,0.9561844145873245
22.11676781858172,7,0.7137400596269358
174.067242399336,12,0.9982689857044617
174.4228757511919,4,0.8829772263047372
174.88407577521275,9,0.8673132595498529
175.75987582082735,8,0.772223478447334
176.03237583502005,8,0.4915839306981965
176.95614254979955,12,0.5906996281787025
177.13350922570407,7,0.9789663916466369
177.14497589296798,11,0.4747922621322015
177.15710922693324,8,0.9944603840113891
177.51230924543324,11,0.773584443770382
178.02160927195928,7,0.9690816420046219
178.11590927687075,12,0.4949945544610239
178.8852759836086,9,0.7806860949506733
585.3056304846698,11,0.8187970312969158
636.3249331419253,2,0.9709678928784927
179.5481426847996,1,0.5003195716292408
179.9506760390982,5,0.9983026878375929
27.775434779970634,12,0.6733830393753993
532.677227743607,7,0.7630024307363752
181.19410943719367,5,0.9999922562129752
182.03427614761904,7,0.4786525576204021
182.30644282846103,1,0.8827059545489561
182.4128761673378,8,0.8565491076963357
183.9045095783604,8,0.5283133737545778
184.28374293144543,9,0.9892412118971186
185.3137096517562,11,0.3318734460384611
185.49147632768157,4,0.9629734704660617
186.05944302392984,8,0.787688526466025
186.08277635847844,4,0.6437798945457492
186.13034302762253,7,0.9982979775677258
186.24870970045413,4,0.6402649838016252
186.28464303565897,8,0.9465988561777795
186.39094304119544,8,0.961776559310513
186.6391763874576,9,0.99999441904272
186.97094307140375,1,0.8109896257593533
187.2430097522406,2,0.9894992586257861
187.2551097528708,12,0.629061559670257
187.47970976456872,6,0.6163458416201288
187.53910976766247,7,0.9985710638288972
187.68137644173885,7,0.8782396945011693
187.89440978616767,2,0.8135435758909576
603.6850981086004,2,0.9447122344735541
189.42170986571452,7,0.5272201364054303
525.4628940345272,1,0.6138313873294715
191.6466099815948,9,0.6815909550093786
191.67087664952533,12,0.7316992692091366
191.74164331987777,11,0.9397356306425675
191.87204332666943,8,0.8809151927939041
627.3421326740711,8,0.999321248699472
598.358797831189,7,0.47909223176484816
192.36934335257047,4,0.9675250055850741
467.90572437009104,4,0.6848572287889234
194.9969101560896,7,0.5120988149376214
517.8973603071555,7,0.8269602125270756
195.94407687208783,9,0.49076801348736143
197.41211028188127,7,0.9988928138443158
198.37124366516943,3,0.9997118871544622
198.56071034170415,4,0.8712351395418679
636.6397664916562,4,0.9066926964234542
627.6940660257343,2,0.9145771686673674
199.11697703734308,1,0.9446651347511337
199.89821041136565,2,0.6654886962816687
199.91001041198024,7,0.9549278109893314
569.7554296747635,2,0.9862196940356186
200.72664378784657,9,0.9046256645227064
203.5325439339872,7,0.9949362339213975
203.75757727904104,7,0.992836231112292
1.5582000811562584,12,0.4213068321631611
1.7616667584201484,7,0.9990917872963562
3.362766841810782,7,0.9993403519146805
3.373866842388907,2,0.984910373506376
204.0888439629612,4,0.9622495083226197
204.31367730800457,4,0.9518687578793672
204.3256439752945,4,0.9577393229703155
204.3608106437928,2,0.9181298276104358
204.75151066414173,4,0.9771185892329526
205.46167736779623,1,0.5973724888494337
280.63481461639736,7,0.9191423448621534
560.5735625298745,7,0.9916996520362585
206.11324406839867,2,0.9919225399930971
206.1369774029681,7,0.9109814633473028
206.25531074246464,10,0.566175086339445
206.3854107492407,2,0.8428083851979271
206.8943107757459,0,0.9957353002270174
207.2496107942511,4,0.4320889013898678
207.69927748433796,4,0.9969910189827773
207.7704441547112,4,0.819498360610109
208.3620441855237,1,0.6330002933163111
208.70584420342996,2,0.9974860225305763
209.0487775546244,4,0.8399639835303025
209.97261093607403,2,0.916434766563358
464.8304242099192,2,0.9246019355464774
210.10284427619035,2,0.9833354696871914
383.632786647542,8,0.9689723231817476
211.58207768656712,1,0.970848304057897
612.7484985806526,1,0.7898717694419713
551.721695402173,1,0.9676558278725801
212.20987771926505,5,0.9999903686891087
214.32904449630496,11,0.961618351384103
214.56564450862788,7,0.3962727525064525
582.7038970158295,7,0.9903725155732822
215.0511778672494,2,0.9071842716667183
215.1334445382008,11,0.4162180728149573
215.8912112443345,2,0.9822141474911178
277.4882144525119,2,0.9952584545949804
613.2259986055224,3,0.992565828089891
217.37084465473208,2,0.7182737886346511
217.66694467015395,2,0.9649730203870983
217.9508780182755,2,0.5122932826352523
542.9269282774457,1,0.518023512104865
218.2351446997477,11,0.9231266167942641
218.40081137504285,2,0.9761517464809121
364.9580523415662,3,0.9999725034662953
532.7021277449039,3,0.9847913070958794
532.951761091239,7,0.6134841234663946
219.2772780873588,1,0.9885833200301433
219.5139114330168,5,0.9999973005074935
219.65591144041264,11,0.9996915140195636
16.407967521248352,4,0.9451853884556958
219.84504478359668,11,0.9977351304683209
220.68581149405327,8,0.9955423227293821
573.6870298795343,12,0.9865684148837988
221.2069115211939,7,0.6105655906056328
221.52607820448384,7,0.9495297122157589
553.6975288384144,7,0.9351330844200428
222.91154494331025,2,0.9958905602349385
19.994934374736214,10,0.9995337305817369
19.166267664909824,5,0.9999986675411559
225.30237840116612,5,0.9999939882367331
225.3500784036505,1,0.9897858095513398
22.04293448140289,3,0.9434036892267942
274.80171431259004,1,0.9896414883443819
226.0600784406297,2,0.9030625134455451
226.20251178138145,2,0.7594907605347668
226.39141179122,2,0.7155498375380703
226.53351179862105,4,0.9807568960683382
226.59304513505504,4,0.9145600065001961
226.96034515418523,4,0.9824265002479139
227.07834516033108,2,0.8608480876773974
227.39831184366267,10,0.9211009097367694
227.65831185720435,4,0.9926680068744954
227.7179451936436,1,0.9953794642511388
227.75334519548733,7,0.9525850523918756
228.81861191763664,7,0.8362252842621335
228.91361192258452,7,0.6589444281169258
473.6369580019261,7,0.9553139579734645
573.429629866128,5,0.999995270011399
229.31597861020785,11,0.4800086275420162
26.19803469781438,4,0.9409453843550534
230.1446453200342,5,0.9999939809523496
280.9448812992133,7,0.9906235062316014
27.74890144525536,5,0.9996392749372554
27.01486807369112,1,0.9832875908015934
565.6041294585499,4,0.9896392615089699
231.16214537302903,5,0.9999744456325841
326.9940503642743,2,0.9439069958102038
555.674428941378,5,0.9999868153627648
232.0743120872044,5,0.9999886431533589
545.7108950891105,1,0.9888515832928662
233.34101215317835,5,0.9999563884935346
233.45874549264363,6,0.7796476528457489
233.9090788494318,5,0.9999977245759222
362.5677188837364,1,0.8800392932316281
234.3232122043346,1,0.9361611814978991
234.4771788790204,2,0.9996422883638054
234.52487888150472,2,0.7315231248162305
234.77301222776168,2,0.6687610961774689
586.2536305340449,3,0.9990716985870661
235.42387892832767,2,0.7748248950923812
235.5778122696784,2,0.9431069140217645
627.7113326933003,11,0.9993849040675442
32.62613503261129,11,0.9959092714855294
236.16997896718703,11,0.9972185715030238
236.27651230606895,11,0.7073043971826101
236.51314565172697,11,0.9997067043485532
237.1406456844093,11,0.9447501056670722
237.60231237512107,12,0.7325150049317195
172.83510900182907,11,0.9988458768644283
237.7086457139926,2,0.9952328377391411
237.7563123831419,1,0.9309171910627619
237.82717905349955,1,0.9867910649279226
238.01684573004468,1,0.8469026546840918
238.05251239856895,5,0.9994301179437646
238.7273124337148,2,0.6143572094262714
238.8687457744145,2,0.7565505237290844
239.5673458107999,4,0.95851190526318
414.8774549415352,1,0.7861179209642899
36.7340685798995,2,0.9051558184728195
36.48546856695158,2,0.9529681605617163
240.10011250521484,3,0.9999698604105439
628.4210660635989,10,0.6163192107249882
37.71660196440645,10,0.7240941957468061
241.3312792360048,2,0.8011598917952436
241.76927925881728,7,0.9769518065274923
38.23743532486653,2,0.9317102388559295
38.26110199276583,7,0.9725263556035956
242.5984459686697,1,0.5401126235071377
39.06603536802278,7,0.6624611226853482
243.46194601364368,7,0.995655995023063
243.48564601487809,7,0.9936081899231123
243.8648793679631,7,0.9904838433346278
244.8946794215985,7,0.6713672072831309
41.26793548270509,0,0.9972684588232213
245.3915794474788,0,0.9973269269296654
245.90111280735027,4,0.9942298952387557
245.9124461412739,7,0.9407790820430937
227.96151187299603,6,0.999060951866969
446.666723263893,2,0.9953068298266972
273.7388475905657,9,0.9999999942652948
247.72367956894232,0,0.9857550948021258
247.97257958190585,4,0.5088318407578957
548.0167285425395,1,0.9342674641479718
248.18591292635028,0,0.950592484559362
248.2800462645864,4,0.9908140596184373
538.5968613852547,12,0.5888788597730443
45.84936905465476,4,0.9936554622856381
472.3350246007838,2,0.9945117730292092
249.58257966576,7,0.9951116406309459
528.205994177397,2,0.7513556101522855
528.8935275465393,4,0.9354921008194171
250.0564796904423,4,0.991134933210169
250.35231303918363,0,0.9790583728209621
250.7548797268173,7,0.726759353270532
47.1041024533388,2,0.9971103679988929
47.56586914405581,4,0.9594139323399042
47.7552691539204,7,0.8232042433303703
250.94397973666628,7,0.9696259397191064
251.31111308912116,2,0.8854172451677749
254.4124799173173,7,0.8729764734958946
254.4242465845969,2,0.9939462135521961
254.63731326236075,4,0.6343921716874844
51.92233603762181,1,0.773362293634994
256.3651800190205,1,0.9853343319670349
256.4135800215413,6,0.6221494944484701
256.44888002337984,1,0.47452894556914793
256.5907800307705,1,0.9892850385136355
256.9575133832045,1,0.9049431936463885
257.04008005417154,0,0.9253113223038665
257.1589133936941,1,0.9393279217134907
257.34824673688854,4,0.5689976764420118
257.59728008319235,1,0.7530592262520359
257.64418008563507,5,0.9999631093542445
257.81064676097185,11,0.9999286648303845
257.86881343066807,5,0.999999583179134
257.8813134313191,11,0.764834190482032
258.7331134756837,5,0.9999198928974575
258.8039134793712,5,0.9999443740256346
258.83934681455,5,0.9999955372332286
259.8577135342566,5,0.9999653993561404
418.6546218049293,0,0.9996571767405231
260.1187802145205,11,0.999850772231343
260.44971356508995,12,0.8869334803141752
260.4861802336559,9,0.8797762034112965
260.53241356939725,4,0.989378854626829
260.6389135749441,1,0.5571383972286409
260.86438025335383,0,0.9836374892399037
260.9470802576611,6,0.9082574173527088
58.82383639707497,1,0.9650341860613549
260.98198025947886,1,0.984975087668068
261.0295469286229,5,0.9999902423955114
261.0423135959545,5,0.9999988256759668
261.17251360273576,5,0.9999913851223747
261.5266469545136,5,0.9991064732589428
262.746047018024,1,0.9614800875609696
172.8722756704315,5,0.9999491623080853
262.7936470205032,3,0.9957810785096367
263.6692137327723,5,0.9999697394766536
264.71128045371324,2,0.9811188566624188
592.2828975147359,1,0.9799499621689881
61.108536516069776,4,0.3715245996052005
61.72416988146735,1,0.8304476362389382
265.37494715494586,1,0.36477152267153384
521.8408605125462,5,0.9999795666014324
266.94938057028094,5,0.9999984477056754
63.16850329002638,1,0.9630570144218628
63.52360330852117,1,0.9273280368366766
562.5866959680586,1,0.9565749502824863
267.78941394736603,10,0.7010294993849764
613.9370653092238,9,0.8374530993848138
64.15100334119826,0,0.5073941666826239
64.32850335044306,1,0.8836590904470053
64.39953668747604,9,0.4940495959784055
64.48250335846389,4,0.9554115995475096
268.0730139621369,1,0.9888249394477792
65.26367006581633,5,0.999997914547308
65.22843673064791,5,0.9999706275221406
65.8202700948059,5,0.999979396310968
269.4357140331108,5,0.9998531417755252
591.3448974658817,1,0.9906432806022029
270.09818073428096,1,0.9789183393259848
270.5830807595362,7,0.4552173931581363
270.5951474268313,1,0.9679687801428772
67.21703683422085,0,0.559717846016723
270.6536807632133,9,0.9986905296978572
271.8380808249008,1,0.8928640801149906
446.7504232682524,1,0.9858355551718145
522.5400272156278,4,0.842365169241153
68.48363690018961,1,0.9890939938322098
68.96913692547606,2,0.9915733106441222
272.891780879781,1,0.6185219343512072
563.1441293304249,1,0.9611691707388927
69.13490360077641,5,0.9999954184448192
314.35684970608673,6,0.9023509820437691
273.0335808871664,5,0.9999782529596234
273.0345475538834,1,0.8193085905923603
273.0688475556699,5,0.9999882758822637
273.199947562498,1,0.9860602048742136
273.2586808988904,1,0.7913935974962678
273.5312475797532,4,0.7942633873544499
273.54278091368724,0,0.9964407137217264
273.5434475803886,4,0.9842043627153717
71.24213704386149,1,0.6302510610137465
71.81010374010977,1,0.8043454522365535
274.12324761058653,1,0.9482911786149051
274.16961427966817,5,0.9999935406352451
21.270567774508795,1,0.9393690307262534
274.2297809494685,5,0.9999976183720146
274.3837142908192,1,0.9636722692525882
275.0936809944633,7,0.9673422892443877
275.3540810080258,0,0.9963053828803246
275.5796143531056,4,0.9296265861730709
275.81654769877923,7,0.4922930706254332
276.3718810610362,11,0.9994129808564698
276.5147810684789,11,0.9995174828380937
276.64394774187303,2,0.9816129391988004
276.7984477499199,3,0.9997140238409205
74.05937052392575,2,0.9264835670557591
276.80954775049804,2,0.9843763914127045
277.1416477677949,2,0.8414222149622318
277.2127811048331,2,0.6308139692763394
277.366347779498,0,0.9960379938191598
277.43714778318554,3,0.9642009129299647
277.4491811171456,3,0.9998631608521265
278.0418144813452,10,0.7608180772025458
278.2893144942359,2,0.8664329793088739
278.3725811652393,7,0.9986819204764364
279.4856812232133,2,0.9829723401366757
279.5209145583817,2,0.898145146393637
279.6161478966751,3,0.6270931417447333
279.7699479046855,2,0.7989509202080998
280.16058125836435,2,0.6555484933086368
280.2547145966005,10,0.8987899622821701
280.2668145972307,3,0.999848479523158
280.3266812670154,2,0.8262107755995672
280.3381479342793,4,0.9409258463880535
27.01203474021021,4,0.9960742107648896
27.059368076008827,12,0.8392705254453131
280.3736146027932,4,0.9718945145808866
281.13158130893726,2,0.8202174006561732
281.1663479774147,10,0.5817439858357901
281.17884797806573,4,0.9380314901975735
281.4739813267706,10,0.795080226527051
281.4983479947064,4,0.957795522162321
282.4568813779633,7,0.9984239579357903
282.5992480520449,3,0.9999642219205863
283.28501475442863,4,0.9880018424879624
80.49950419268272,7,0.9987075142695392
283.9478814556196,3,0.999364463653617
284.0787147957672,7,0.9980506230840467
306.4992492968367,4,0.9688549334050778
545.6402950854335,2,0.8141909616705881
545.9375284342477,10,0.5951540465438271
285.28604819198245,2,0.6882937797882649
285.28614819198765,3,0.9745027625364003
285.2981148592776,4,0.986124212155648
82.26337095121745,3,0.9526778980294026
82.66577097217579,10,0.7668056575867385
281.51634799564386,7,0.9995742863690791
285.3097148598817,4,0.9921237541136568
285.41714819881054,8,0.9989623841452189
285.66471487837134,1,0.8203355821810286
286.13881490306403,8,0.9622996675187638
286.86098160734355,1,0.9596497007336805
287.8308816578592,1,0.8999592114933681
288.0327150017047,11,0.6555822448272266
288.2692150140224,1,0.8441855391499868
288.52988169426544,1,0.8184621287423914
289.382615072012,8,0.9998536463325328
289.4644484096075,1,0.9448446501380691
86.12240448554213,1,0.9278392767033597
86.4184045009588,8,0.9991911059529863
86.5012045052713,12,0.9959250332630196
86.79730452069317,8,0.9985566448108305
86.98673786389283,4,0.9965837906390583
87.28263787930429,8,0.9934031024752925
289.866915097236,8,0.9988103971974345
290.41194845895643,8,0.9916645256567703
290.6842818064738,9,0.9827895612792015
291.57264851940954,9,0.6881218356794794
88.32430460022444,12,0.9552493401122205
88.3599046020786,7,0.9319410052673499
88.89277129649874,12,0.9579397801742078
291.6550485237012,12,0.9539360195413165
291.71488186015085,1,0.9760426842709805
291.8439485335398,7,0.978802943686789
291.8793818687186,4,0.8384626709175294
291.97474854035227,8,0.9975612763041226
292.3410818927655,8,0.7492618060678133
293.2066819378488,12,0.9511387277315223
293.3592152791266,8,0.9894271702853841
293.3713152797568,4,0.8249584677868651
294.271381993302,1,0.983462235027773
294.3893486661127,9,0.9999976496411075
91.2485380858616,8,0.9995229362064336
91.40243809387722,4,0.5649371568335351
294.8508153568141,8,0.9833965662888211
295.2298153765537,8,0.9947117343369052
295.2896820463384,8,0.9995597263742386
295.50254872409187,8,0.9178867625139144
295.54971539321514,7,0.9857455519546067
295.8452154086058,8,0.9047804992157885
296.4739487746856,1,0.9898327472986753
296.76861545669954,0,0.998077247528191
93.5212382042314,4,0.48749700672082913
296.910915464111,1,0.6445227559849142
298.93781556967866,8,0.9989745639162775
297.2075154795589,2,0.9941107665857233
517.8534936382042,8,0.651696014995969
94.59867159368106,8,0.9725189797939259
568.199029593701,8,0.9985694273258021
298.2958488695763,4,0.9944863310608087
298.62718222016656,12,0.9997669450824116
95.19040495783383,8,0.9976232786872881
298.7697155609235,12,0.9921243122668545
298.9828822386926,9,0.8959771333460281
299.0064489065867,12,0.9136339449610787
299.1482822473072,8,0.9940322735701799
299.2190155843245,8,0.9893971165888992
299.6108156047308,8,0.9688163550309808
472.9181246311536,1,0.8933518601105328
300.4752823164217,8,0.9992458839329765
300.49851565096515,12,0.6421313203486451
97.20307172932692,12,0.9977578215437681
301.2682156910537,8,0.9908209103167799
301.7063823805415,8,0.9997574385481666
301.86008238854674,8,0.9994917885149369
383.5388533093163,8,0.9987797881098424
579.3228968397358,8,0.9995506293467804
274.7355143091421,1,0.5673317927653947
302.35741574778285,1,0.9829179301068802
302.78301576994954,8,0.679732623144415
99.54697185140505,7,0.999108484280887
302.88914910881067,0,0.9999121314145117
303.1617157896735,1,0.892628026760563
303.2570824613072,8,0.9931632502537079
303.4109824693228,8,0.9997428737253333
303.68228248345304,8,0.8366343056842255
303.94321583037663,8,0.6990441827705097
304.54741586184537,8,0.9995133609190046
304.6066158649287,12,0.9873511093280057
304.7127492037898,8,0.9991438356371096
549.8553619716349,8,0.9961350692310471
305.2801159000069,12,0.8703313970144777
305.41038257345826,9,0.7639267907680095
305.67174925373774,1,0.6378622022969282
305.8017159271735,0,0.9532860670590847
305.8732825975676,1,0.9123989794264734
306.38244929075336,12,0.9626053888751617
306.39401595802246,12,0.8079212338124143
306.48768262956764,8,0.9994751644594562
306.6298159703037,8,0.9994391847905045
306.6541826382395,8,0.9096477356900545
306.86781598269954,8,0.9966142670025386
306.9023493178315,8,0.9984363253815881
307.565449352368,8,0.9251063570925254
104.24667209618111,8,0.9991889151178438
104.40043877085648,12,0.9985942058324939
307.7426826949322,8,0.5483464302584548
307.7544160288767,8,0.9992391799362563
307.7789493634877,1,0.7245458690616203
105.61973883436168,1,0.9482804227781736
260.9716802589424,12,0.8284614711443595
308.10954938070654,2,0.9994275170135622
308.2402493875138,12,0.6587386548279633
308.4294160640329,8,0.9928596033172242
308.6658827430156,8,0.9999224355192649
308.69041607762665,12,0.9922236213893432
309.12874943378984,12,0.9900824998548714
309.7788161343142,8,0.9996169442384268
310.0511161484965,7,0.8226252558008649
310.08651615034023,4,0.8447301714380167
310.1231828189166,2,0.9971220599246459
310.13511615287143,7,0.8916427422609143
310.27651616023604,3,0.9312159604307714
310.5965161769027,7,0.982466737644976
310.7269495170294,2,0.7688562687158237
310.8207161885798,2,0.9907889961052303
311.0218828657239,2,0.9217919037213117
311.1523828725208,2,0.9720259347516755
311.19931620829857,2,0.8421702713675348
311.2701828786562,3,0.9997826581160245
311.54318289287494,2,0.9636741608604237
312.761916289684,4,0.9520497775425195
312.9993496353836,2,0.9606424026490947
313.3549829872395,4,0.9874201746492508
110.71017243282178,2,0.9914867150958762
313.40218298969785,4,0.9738941969436087
313.4128829902552,2,0.5071988360027525
313.5317496631128,7,0.9943455364107359
313.5440829970885,2,0.8248786016641216
111.51517247474888,4,0.9853196594855312
313.7208496729618,2,0.8643338122273457
314.1232830272552,2,0.9482960808585107
314.2063830315833,3,0.9956803813370659
314.2653497013212,2,0.9954520069983164
112.20183917717942,2,0.9105736333997425
112.20187251051448,3,0.6276665202013345
112.46223919074193,2,0.8528688320603236
315.22491641796523,4,0.912623204771276
315.2486497525347,1,0.8158856747254758
315.28361642102254,12,0.49309446616279373
315.3071497555816,4,0.8246731386625121
316.0066164586788,2,0.945701486069689
316.08941646299127,0,0.9994938154364392
316.7401164968819,4,0.51180259211421
317.30834985981073,2,0.6479846057773474
317.4149498653628,0,0.9982169875609123
317.8293165536111,4,0.9401573820352837
317.8766498894097,4,0.6327188085228496
317.88814989000866,2,0.7251344268008227
318.18508323880724,2,0.5648304863607876
318.27924991037844,3,0.9995959204044252
318.468149920217,2,0.8989370251121328
318.5269499232795,10,0.9816541382972855
319.4035833022708,0,0.9985371024380203
116.45177273186349,0,0.9778791000631493
319.5815166448715,1,0.6294900210761815
319.9476499972743,4,0.9777166212972873
320.2435166793507,4,0.9897039592907247
320.7648500398368,2,0.7738159922967746
117.09103943182528,10,0.5009742253939748
117.15010610156834,1,0.9790619436472684
117.25673944045548,1,0.7162818798620076
117.37493944661176,1,0.9931457183188411
117.57620612376104,0,0.9994768491114998
118.913939526768,2,0.9982731620427957
118.7364395175232,4,0.9795043639849351
117.63537279350932,3,0.9816029293352914
118.66560618050065,3,0.999948047641149
321.5230500793264,0,0.9993936666455941
273.87361426425144,2,0.5128057520037146
321.960616768783,2,0.9807174724820537
322.26891678484026,2,0.9924953016782057
323.44078351254166,9,0.9999999714893453
323.6066501878472,1,0.9883203863509098
120.98557296799892,1,0.4273472260152643
323.6890168588038,3,0.9999446990415304
324.15055021617536,0,0.9994347418994407
19.75243436210601,0,0.9846286230874295
19.089500994244894,1,0.7253630996390463
19.45650101335948,0,0.9948132065555197
19.527534350392465,2,0.9521307988839475
324.5882835723073,1,0.968970766406113
324.6952835778802,3,0.8026391002341027
324.82518358464586,10,0.5687256322070255
324.86128358652604,4,0.9875819802604577
325.204450271066,4,0.8874154390130622
326.4354503351806,7,0.604000318972727
464.8928242131692,10,0.9567272658685027
327.4769170560903,2,0.655067566727807
327.7252837356928,1,0.9211952459829491
472.9766913008706,2,0.9599773768172422
328.12898375671875,2,0.8076407479484604
23.422201219906377,2,0.9487780617056774
125.22360652206318,3,0.9896930424948083
328.32965043383683,10,0.9958134379496233
328.3421837678229,10,0.6868179282995525
328.42421710542885,3,0.8737077829547983
24.27453459763208,3,0.9732683895600356
328.51975044373785,3,0.9697639319364924
328.6368837831719,2,0.7141208862778834
329.78525050964936,2,0.9826386484157683
330.3533505392379,2,0.6917133369297812
330.5663838836668,10,0.6428022899812137
330.6022172188664,2,0.7586821870463284
473.3582913207456,3,0.9994817837859941
331.12378391269795,10,0.5952915458310756
331.7387172780591,7,0.9986416845679418
463.9384241634608,2,0.9829704986360817
332.0116172922726,2,0.8233418763769644
332.25978397186464,2,0.7942868388466184
332.28395063979,3,0.8396537437421111
332.531617319356,2,0.5034535674519122
565.942129476154,2,0.46015637225533973
333.7745840507605,10,0.7323173442380492
555.6919289422895,7,0.9945984651142498
334.4019840834376,4,0.8764147895621942
29.956901560255368,2,0.9157542070984023
334.81738410507296,3,0.9999870397216729
334.84095077296706,10,0.7418171724432344
335.1132174538143,2,0.9424772430394821
335.2790174624497,2,0.6735436582136823
335.29021746303306,2,0.96688992425632
335.3029174636945,2,0.9179541783486547
335.8822841605365,7,0.9885234421864981
336.50901752651225,2,0.7049088262001426
336.5689508629671,9,0.9999999978621616
336.6629175345279,10,0.9613642318318643
336.7227842043126,3,0.9959407707091349
336.94828421605735,10,0.6989958180959981
337.05361755487684,1,0.8542832098907974
337.4678842431199,1,0.8819978751680079
627.9192327041284,1,0.9279012020958267
338.1787842801459,7,0.9670481194959132
338.3688176233768,2,0.9914961773203368
338.3926842912865,10,0.9817439726016549
338.4982842967865,7,0.9996208663182238
338.6647843054584,7,0.9959848156909128
338.6758176393664,2,0.9815744640509012
338.79468431222404,2,0.985885397024027
34.13573511123629,2,0.591707018378182
338.93668431961987,5,0.9999990954485837
339.15008433073444,4,0.9951307254411462
339.1609843313022,7,0.9970803809929276
339.2801510041754,4,0.961025748389512
339.4924843485678,12,0.5784169846724947
339.8714843683074,4,0.6015818879049131
340.1198177145748,4,0.739567414527312
340.3102177244914,4,0.9737921546470838
340.32205105844105,7,0.9947044374460658
340.8783844207501,2,0.7801550998774641
340.9139177559341,1,0.7849430257336741
341.1386844343074,7,0.6841211490162327
341.1735844361251,4,0.9631426865827848
341.2215177719549,2,0.9988771277133658
341.41131778184035,4,0.7159835202442979
341.6944844632553,7,0.9856450747065395
341.9556178101893,1,0.6842052401689942
342.9844511971078,4,0.9897091099778508
342.99708453109906,7,0.9721380968041722
343.26865121190986,2,0.9883214988969786
343.4707178891008,7,0.9877648455807055
343.5059512242692,2,0.6366432531052943
343.6244845637761,4,0.619822847591186
344.0626179199289,2,0.5870000676606829
39.62850206398459,2,0.8501359797008641
344.0747512538942,2,0.7314840271134342
344.3825846032605,3,0.9752843193268323
344.45261794024145,10,0.5340418991593796
345.15135130996714,3,0.997376795228934
40.30330209913043,2,0.7726112459413481
40.16123542506445,0,0.99976106644154
345.4122179902206,10,0.9592847033357942
345.47108465995325,2,0.7502540220847076
345.66058466982304,10,0.6288441379658718
346.5362180487623,0,0.9908672800179704
347.03421807469977,4,0.9711667803143379
347.09335141111296,2,0.7250307937785182
347.3057180888404,0,0.9987032546594382
347.4841847648022,0,0.997937595853453
347.8976514530036,7,0.9987213372651864
273.7320142568765,7,0.9908978022133389
347.9099181203092,0,0.6000281875232337
43.4168022612919,0,0.9844170008502665
43.4996022656044,7,0.9960500648761471
348.1817848011356,7,0.9939332786305836
348.2534181381998,7,0.8949537927439453
348.38371814498623,3,0.8792583458294312
348.5603181541842,7,0.6258528277408716
348.82085150108696,2,0.8971050863736855
349.42511819922584,2,0.9046165540932027
349.42521819923104,3,0.9919951991804662
349.60228487511995,10,0.8646890704593696
45.80810238583879,2,0.896960788031615
349.7208182146269,2,0.8275472860096841
349.7333182152779,1,0.7167656343827922
350.0521182318821,4,0.9833282455594063
350.1238849022866,2,0.7436971106249078
350.22988490780745,2,0.8504689854158686
350.65681826337686,3,0.9754151341173256
350.7861849367814,1,0.5253891452342694
351.1659516232276,10,0.6311442643429089
351.2013516250713,10,0.7045446966200144
47.37063580055408,10,0.9947851596765243
351.23645162689945,10,0.760662335366007
351.2598516281182,2,0.8539246244247821
352.1003850052293,7,0.9944842080307167
352.3959850206252,0,0.9980454504224433
352.4438183564498,7,0.9404705458581002
352.62138503236474,1,0.9960745449890958
353.2840850668804,2,0.8954119055947586
353.50958507862515,0,0.9997208819571864
353.6627517532693,10,0.9840619999518374
49.22930256402631,1,0.9717724850243326
353.8055850940418,1,0.609069680045857
353.8647517637901,2,0.9468262491835477
354.04185177301406,10,0.5134280952034348
354.1842517804307,2,0.9349856472736429
354.61011846927795,4,0.6753156093662264
355.024851824212,4,0.5711251682643549
355.0486184921165,11,0.9996675987744111
356.91818525615645,11,0.7100107025025642
356.9782185926165,2,0.9328834818496462
357.3916852808179,1,0.8538965223202808
52.50836940147772,2,0.6949103141418705
280.43154793914385,2,0.7757460690785465
357.4634186178873,2,0.757519233348328
357.61678529254186,10,0.7550730593378815
357.6406519604516,4,0.9769046183412432
357.6650186283873,7,0.9983279146533672
357.7230852980784,0,0.997002214000187
357.7949186351529,1,0.9827976220965742
358.019085313495,2,0.9895513843282143
358.2562519925141,3,0.9983752633687278
358.2806186604498,2,0.8599958411300175
358.3388519968162,11,0.9434244185314759
358.8367853560835,11,0.9430522101954114
358.8719520245818,2,0.9945817813493973
360.13885209056616,2,0.9464725713619209
360.492985442344,4,0.930171207708361
360.5403854448127,0,0.936796028561214
361.216352146686,1,0.81181411184929
361.345952153436,1,0.9410576805071249
361.35775215405056,5,0.977909253481426
362.5058855471825,2,0.9707303136471124
362.87355223299846,2,0.937257783338802
363.2157522508214,2,0.5828395231328725
58.07240302460448,2,0.986476641591487
58.960236404179135,10,0.7615358053336183
363.2164189175228,4,0.9670244069031158
363.2277522514464,7,0.9975545074057193
363.453652263212,1,0.888865469370492
363.500685598995,4,0.6787919728218252
363.5479522681235,2,0.9823639490783701
363.7248856106721,4,0.9026284965714236
363.7726522798266,2,0.8183982399772991
364.0572522946495,4,0.9905358647184678
364.2230523032849,7,0.5546336119468543
364.35348564341166,7,0.9925334275859049
364.6371856581877,4,0.9929358723215272
364.7676189983145,2,0.8614891365105118
365.4176523655037,3,0.8741362310276309
365.7255190482051,0,0.9883444982602573
366.09318573402106,4,0.9791826406011217
366.1647524044152,1,0.5235921696802157
366.5067524222277,7,0.9954021217970973
367.1347857882711,4,0.5313686813703958
367.2300524598995,7,0.8612986048722453
367.51348580799504,7,0.9530404076895754
367.52515247526935,2,0.9814101759245434
367.9163858289794,7,0.9951956700136003
368.626585865969,1,0.9876921906033689
63.88476999399861,1,0.9797353488087028
63.93216999646736,7,0.9986928360148948
368.7927192079551,7,0.9893808937559485
460.51905731870215,12,0.6999684162339133
369.0296192202936,5,0.9999991630321666
369.1004525573162,7,0.9846905470629023
369.6329192517155,1,0.9549903910950233
369.7866192597208,7,0.9971901132573923
369.9530859350575,1,0.986308944136176
370.12971927759054,2,0.9664807559853832
370.2014192813249,8,0.7251266311587689
370.3194859541409,4,0.9539966594428864
370.4018526250975,2,0.8776125945669346
370.47385262884745,4,0.8753739115383364
370.7924526454413,7,0.9436236418639602
370.970919321403,0,0.6578805944736725
371.0648859929638,4,0.9170865325663022
371.6208526885871,1,0.8464161848485441
583.7529637371351,7,0.9683572674544321
372.4146527299308,5,0.9999935378091224
372.9362194237624,7,0.9750408741777605
522.2624272011694,7,0.9941369265565927
634.0054330211179,7,0.9969862013449226
373.51505278724335,1,0.9952321542648518
373.5269527878632,1,0.84370999365157
373.5506194557624,7,0.9860371784979968
373.58598612427113,2,0.998354821875226
563.9200293708363,7,0.9959297055111299
374.9481195285489,11,0.9314324601304629
588.7797973322827,2,0.9963773703940891
375.101752869884,4,0.636066596542969
375.6352862310055,1,0.9807906289903511
375.8117529068632,7,0.9969467239001614
375.8955195778926,2,0.9704602684706287
533.9183278082477,2,0.8889491086197082
376.2745195976322,1,0.5702535024530482
20.35333439340289,1,0.896954414211478
20.23490105390115,4,0.905821384465214
376.3100529328162,4,0.9117099467076295
376.3331862673545,4,0.5483861367139029
376.3568196019187,4,0.991710829558829
376.379986269792,4,0.9152321228566618
376.5345196111739,2,0.9105244174025476
376.6410196167208,4,0.8728531469439197
376.8301862932399,1,0.9219480912642786
377.1381196426114,1,0.7251244727335936
377.1492529765246,2,0.960656997832914
377.1965863123232,4,0.9848161675876165
377.2688863160888,2,0.9944940821084111
377.4695196598718,2,0.9145442046749411
378.0370863560993,2,0.6194120678515541
378.04888635671387,2,0.6334732782556882
378.2744197017937,10,0.999993846310863
378.7240863918805,3,0.9642201934505231
379.2918864214535,4,0.6528773036853827
379.4933197652781,4,0.7669770951435497
379.65958644060447,4,0.9138621259633825
381.47011986823645,1,0.6315234936737588
381.7548865497347,4,0.9953526448259334
473.5976246665442,2,0.6643054560547883
631.5550328934929,4,0.8254342359610499
382.2515865756045,4,0.8893529737125224
382.4892532546496,7,0.9991011879320064
382.7847199367052,2,0.9926244866554251
382.78495327005066,1,0.9975932655792027
382.9861199471948,4,0.9673834610237921
383.0214199490333,1,0.8642986615770251
27.72840144418765,5,0.999988635012138
383.1399199552052,0,0.9996635497411639
383.1992866249639,0,0.9976010960825115
383.2824532959621,2,0.8663962762849444
383.2944866299222,0,0.9987645645990353
383.32881996504375,4,0.8663766080231131
383.5773866446566,1,0.9793892774147509
383.58911997860105,1,0.9802945189669116
383.64875331504027,4,0.799253206156188
384.12315333974857,0,0.9910609016335512
384.19388667676594,1,0.7296736202344387
384.2175533446653,0,0.8798027987454371
384.4780200248979,7,0.8707295850368251
384.4900200255229,1,0.906437468888169
384.8920533797954,5,0.9992696328159842
385.1991200624552,1,0.6101655847770333
385.7095200890385,4,0.6120797724499496
386.134520111174,5,0.9999990579498533
386.4078201254083,0,0.6486534203285529
418.7325551423217,4,0.9812728944500843
387.188120166049,2,0.9931731534713766
387.50872018274686,7,0.9968025536080837
387.8046201981583,5,0.9989442270015044
387.81648686544304,0,0.9421097338531859
388.3603868937712,1,0.7625522232719015
388.5031535678736,1,0.9736663651268874
388.7151535789153,4,0.9860426437819482
388.9400869239639,4,0.9214612769553704
389.4964869529431,0,0.6722131927028252
389.5680869566722,0,0.9979159528463561
389.63938696038576,5,0.9999963101883939
389.9824536449205,1,0.7719617966602432
606.1706315713886,5,0.9986084774543083
390.44468700232846,2,0.9890114345639361
390.7289203504656,0,0.8369930924494581
391.2365870435733,5,0.9975392628394383
594.4294642932028,5,0.9995670454121549
392.1727204256636,1,0.9754387712491057
392.5754537799726,2,0.9995248136629332
392.63428711637016,1,0.9707409601212794
393.1306204755542,1,0.846941329637499
393.2258538138476,5,0.9998878221082209
393.8650205138042,4,0.9778538827594961
394.9423872365837,1,0.9928363898545545
395.09608724458894,11,0.8469590186602962
395.1790872489119,5,0.999997194690222
395.72345394393096,1,0.9683494773227955
591.4142974694962,5,0.9999904638878774
396.96645400867055,1,0.8870054415874455
397.5002540364726,2,0.9956627030858678
397.8307873870213,1,0.6756892274518495
397.8422873876202,2,0.9932101766269835
398.374987415365,2,0.9468614136828498
398.6481540962591,2,0.9094932008972824
398.8378541061393,2,0.9805739700625817
568.1689295921333,2,0.9443941883263962
399.39402080177297,2,0.9796292709031093
399.4061874690733,2,0.9344005623772151
399.5718874777035,12,0.7843613974409125
399.5832541449622,2,0.9237977350424236
399.6308208141063,7,0.9309399586037598
400.1868208430647,6,0.6766647480953328
400.1986208436792,12,0.8027162284703948
400.353087518391,2,0.9182441657260891
400.5418875282244,2,0.6553215994651476
400.5663541961653,3,0.9990630640860251
400.6716208683147,10,0.8716279589279023
400.7083542035612,2,0.8425558284162663
401.45325424235807,12,0.9611189935623357
402.19985428124346,2,0.946305813403654
402.5660543003164,3,0.5556340193131226
403.01642099043966,2,0.9691756101754517
403.9159210372886,2,0.6845658044092462
403.9986210415959,2,0.7801680502608622
404.3891543952696,1,0.9506158220534642
404.6023544063737,4,0.9095695304344659
404.6501544088633,3,0.9607485931524871
404.6618544094727,1,0.9636676200236164
404.67415441011326,4,0.973185206499685
404.721554412582,0,0.9998940366404164
404.91078775577125,0,0.9958208039958382
404.9451210908928,2,0.9976048010241463
405.2181211051116,1,0.9887858929475852
405.4909544526549,1,0.8361006994657145
405.5141544538633,5,0.99954562738225
405.8336211371689,10,0.5298148628556031
405.8569211383824,5,0.9999983117623015
405.86898780567753,7,0.9370134037456733
406.1294544859102,2,0.9781061294344399
406.5199878395838,7,0.979245853193174
407.0877878691567,5,0.9999977169258102
407.1238878710369,3,0.7557037525425967
407.7994212395543,10,0.4655381566380136
407.8346879080577,9,0.9999999999441087
5.874300305953157,4,0.9584336099216325
5.131100267244819,2,0.9826241892580055
6.2720003266667,10,0.9725405001088414
6.355600331020868,3,0.9994191086903363
6.6826336813871885,10,0.9932496900066253
5.2365336060694725,0,0.9993825341980567
408.0945212549241,1,0.9920925360104524
408.5441212783408,11,0.9494855625501964
409.4915879943546,0,0.998485108635055
409.5857879992609,4,0.9819070023545555
410.3201547041758,7,0.6854129178707941
410.3323547048112,5,0.9999538814660925
410.6867213899345,0,0.7781541235915355
411.1012547448581,0,0.8201698265088778
411.1968214165022,4,0.6977769486307709
411.9899881244796,5,0.9999711417767828
591.6256641471716,4,0.9703318279456876
412.3571548102696,0,0.6070268086256978
412.4270548139102,7,0.9905543333982358
412.6646548262852,4,0.9646780004479245
412.68752149414286,1,0.9859256719085582
412.7004214948147,0,0.9707625054500756
412.9606215083668,1,0.8069505743060091
413.4096215317522,7,0.9474370164589345
464.7236908710268,4,0.8134609953419736
414.0371548977696,7,0.9980058743412095
383.5969199790073,7,0.987561304179172
414.28622157740847,7,0.9970725081667584
414.29832157803867,7,0.9252257027316043
414.5588882582765,7,0.9956496766438636
414.5700882588599,7,0.8093677873375196
414.6413882625734,7,0.9944881319642562
414.7118215995752,9,0.8366423499714223
414.85482160702304,7,0.9223489104573783
414.8663549409571,5,0.9999797493944108
415.0792882853807,1,0.9904767082961062
415.10218828657344,5,0.9999628978444114
415.1377549550925,0,0.9921053574942499
415.1745882903442,5,0.9999726014318745
415.3392882989224,5,0.9999958585808665
416.02552166799705,5,0.9991177212292417
416.06192166989285,11,0.8627870395682383
416.1451216742262,1,0.825964369965048
416.7370217050543,7,0.931889050655751
416.7951883747505,12,0.773185881456251
416.9146883809744,0,0.9995462781018716
417.2343883976255,7,0.9878888790641888
417.399755072905,1,0.9417491358259835
417.4001217395908,7,0.9840225277655792
417.55292174754914,7,0.9949164207938631
417.61202175062726,1,0.9895175976787873
418.0623217740804,7,0.9491590816476787
418.0863217753304,7,0.9908455356014019
418.1924551141915,7,0.9932559719862359
418.3115551203946,1,0.9854565860264908
418.3937217913408,0,0.7419235226181982
384.6271533659986,5,0.9999025831240552
419.2814885042453,0,0.9929013596435858
173.4020090313551,4,0.6318020613755603
419.4004885104432,7,0.955928097446339
419.82678853264633,4,0.9329583324347966
420.3233885585109,7,0.9987511195055927
420.7374552467436,1,0.7140280231244507
421.23492193932,1,0.9663636706537365
421.25892194057,12,0.825283496953767
421.2590219405752,4,0.6203665338961828
421.8145219695075,7,0.9326384041180679
422.22868865774535,7,0.8976832058704817
422.2418553250977,1,0.7720071462069663
422.85732202382,9,0.7067725388947144
466.96079098754245,4,0.9399763558384884
423.6503887317922,7,0.9982046852663868
423.7682220712627,12,0.7910253883055562
423.9227554126446,7,0.9246115946295345
522.6434938876833,0,0.9976074805495144
446.4159899175007,1,0.9880235831316723
17.22513423047579,2,0.9628812599618262
446.99562328102326,0,0.9995914480937181
522.6783938895011,7,0.997558089676951
624.301299182361,0,0.9899353800585846
425.1530554767228,4,0.7840854719676567
425.86432218043456,0,0.9982006841533063
19.498101015526142,10,0.54838626797078
426.2538555340561,2,0.9803814491482785
426.408855542129,0,0.9996299487407355
426.52642221491897,4,0.9089032680779923
426.82325556371234,0,0.998258870823175
427.1066889118079,7,0.998870079303863
427.154255580952,11,0.9998872358453849
427.7584556124207,2,0.854548306335107
533.246961106614,9,0.9989741636359066
523.3902605932441,4,0.9772892661129492
428.7527556642072,0,0.9849052887782898
429.5098223703044,7,0.5117427771247869
429.7115890474797,7,0.9712194710254167
429.75775571655095,11,0.9684646223573697
429.91295572463423,11,0.9856201378380125
430.1011557344364,1,0.7141095987198685
615.5446320596179,7,0.9910222908944867
315.56141643549125,0,0.9264219957915925
431.2384224603357,11,0.9116500904894221
431.4868224732732,1,0.8901158924270177
431.58128914486,6,0.7882704936795114
432.2208225115023,11,0.9990203024633005
432.2798225145752,11,0.9987694661740291
432.3272558503791,6,0.86079267327423
585.3430304866177,1,0.8650735428795018
433.34498923671936,0,0.9994989549600474
433.4992892447558,1,0.7667400463942152
433.59425591636864,7,0.994904160302381
433.8891892650631,7,0.9966025162082883
434.0918226089502,0,0.996259865059785
434.7658226440544,4,0.7535747473365083
435.2280893347975,0,0.9937076698721146
435.3337893403027,4,0.9263941185984728
435.3581893415735,12,0.7848868455131643
555.4608622635881,0,0.9981323397383302
436.4467560649364,7,0.9995022337942164
535.7685945712824,4,0.9726283828379333
30.389134916100858,0,0.9610505278928625
30.460201586468912,11,0.9999672537841283
437.8202561364728,0,0.9743683556117437
437.9977561457176,7,0.47476476447609517
438.1280561525041,7,0.5026051304264592
438.7084895160683,0,0.9993302641437574
439.2525562110718,4,0.539411555572699
439.3586895499329,9,0.8010904509301994
439.3712895505892,11,0.999615836153543
439.4071228857888,9,0.9999313165644261
439.442256220952,8,0.9976784608399699
439.52418955855273,9,0.8711129642547354
439.5601228937576,9,0.8704674018615325
439.65442289866905,4,0.4926320627296717
439.690889567235,12,0.7313655528213722
440.0699895869798,11,0.9983869309866369
172.83520900183427,6,0.994077641948991
440.28212293136176,7,0.4565226732192971
440.4247562721239,11,0.9956091121800978
440.4595562739364,11,0.43552590612493997
440.5544562788791,8,0.9995511634797073
441.43145632455617,4,0.47807769751378704
441.6195563343531,7,0.9894701930974024
442.43678971025065,4,0.8977086145102133
442.62668972014126,1,0.5732305008995278
442.8749563997385,5,0.9999992607322842
443.3252897565267,5,0.9999941575604366
36.249001887968944,5,0.9984325727245926
36.72260191263561,12,0.9986127445772524
444.2484231379399,1,0.9607301557750088
444.3309231422368,4,0.6271438726741185
444.5558898206205,8,0.9990128585702087
444.5685898212819,11,0.8399711811103154
445.5740898736517,9,0.9998741348072179
445.6687565452489,9,0.7395137365066019
445.8694565557021,8,0.7702661894719949
445.9997898958236,11,0.9706069819933214
446.082523233466,11,0.902650818050155
446.1308899026517,9,0.9764096335691399
446.142589903261,8,0.9795697642643552
446.2376899082142,8,0.9924303237873232
446.3785232488826,1,0.5963179971565098
446.37882324889824,9,0.9757581030782322
446.40208991677673,8,0.9995986370116677
446.4376565852958,8,0.9997584664503095
446.4851232544347,7,0.6224606916884754
446.6047565939989,7,0.9955539715272266
447.10108995318296,9,0.9999999999999716
447.1603566229364,7,0.8828965963064418
447.2198899593705,7,0.9944963156533038
447.24335662725935,8,0.9997801281350275
447.2789899624486,4,0.4941721791540372
448.7463567055406,5,0.9999910899857446
42.71263555794988,9,0.778274793797609
568.7774296238259,8,0.9991140800854184
578.6330634704736,8,0.9987548353187292
633.3140329851076,8,0.9388223081943263
450.8658568159312,4,0.9787846550117146
450.9363901529382,12,0.9968004366333497
451.0549901591153,9,0.6676462181891485
451.1733234986118,9,0.9412525981181182
321.857883430099,0,0.6603995787471557
45.83793572072594,1,0.7512130855380525
452.0963902133549,4,0.6929933879864618
452.2272235535024,12,0.9081759686525128
452.2621568886552,8,0.9994807692290862
472.6556246174817,1,0.6697638013505093
453.2683569410615,8,0.9923642573043597
453.3990236145337,8,0.9992292583535463
454.16912365464304,12,0.9978077386068442
454.1917569891552,7,0.9342538264139049
595.6125976881577,1,0.9945094253825211
48.14623584094991,0,0.8954971172575965
48.51316919339436,1,0.6409245805862452
455.6488570650458,4,0.9303683799605114
455.8023904063757,5,0.9999954749536419
456.0982904217872,1,0.5538106282501847
456.7724571235667,12,0.26799761196145816
457.1876571451917,1,0.9673433298611805
457.2111904797507,7,0.9906993413891259
457.6605571698219,1,0.5983638962439509
457.7440905075059,2,0.9985638761813947
457.85095717973854,6,0.6152092488925526
457.9452905179851,8,0.9990288205970285
458.5964238852316,1,0.5917663149779465
458.7027572241032,1,0.9400490474082186
458.9267905691049,8,0.998729022567704
458.9509572370303,4,0.8575358442302674
280.8509812943227,8,0.9984297762597716
459.2589572530719,9,0.9999985970948764
459.2831572543323,11,0.8167611757526332
459.6016239375858,9,0.7424183516048559
459.67365727467086,9,0.5046681929374892
459.8382906165789,2,0.9098904330307286
459.9339239548931,2,0.5174601527985526
460.2061573024053,2,0.9083824225642453
460.40659064617785,8,0.9585882870474082
460.7623239980389,8,0.999690912505579
461.04609067948513,8,0.9248423342879406
461.189057353598,8,0.9996422608776129
461.3301240276119,8,0.9882211256345832
461.5433907053862,9,0.998404157482977
560.6807625354579,9,0.9999359766138509
462.1825574053428,7,0.9906153445408667
462.20659073992783,5,0.9989372430956616
462.4319907516674,5,0.9999119693921351
462.4552574195459,1,0.8094301178039918
462.5029574220303,4,0.8406019169632053
408.996854635254,5,0.9999840665924676
462.5141907559487,5,0.9999974499194878
462.7277241004035,8,0.9999192586464875
462.7392907676726,8,0.9957651669023998
462.9517241120702,12,0.9740879906980938
463.0230574491188,12,0.8486398294960302
463.10602412010667,12,0.9569780194236778
463.2832574626709,2,0.9917607818584997
463.38979080155286,8,0.9986812310050267
463.5556574768584,12,0.9884619445143444
58.89526973412879,8,0.9965009872509533
464.0299241682264,8,0.8935725633892729
464.0891908379799,8,0.9997625081202561
464.1478241743671,8,0.9571434137960259
464.20709084412056,12,0.9991198333344162
59.238569752009,8,0.9997415571763774
59.23860308534407,1,0.7732481700839068
465.0234575533064,8,0.9930058302103411
465.4978242446796,1,0.6025282235115045
465.6988575884834,12,0.996249767757361
466.3612576229834,7,0.9836730845531629
466.4442242939713,8,0.9227849509430764
466.7054909742456,5,0.999998865383138
466.7399243093723,5,0.996850438405915
467.154990997657,1,0.7432721032424567
61.25100319015658,5,0.9998691976396966
467.2846576710772,5,0.8862118535033757
467.545224351315,9,0.9978511883297516
468.3983577290824,1,0.9051798855752593
469.27385777468135,5,0.9999937253997506
469.4276244493567,8,0.6417535897750173
63.35816996657152,8,0.9998553839621112
470.268257826473,5,0.999992373885707
470.5165578394053,5,0.9998742423826845
635.7630664459947,5,0.9999688147726739
384.50052002606975,8,0.9985466932688427
64.2106366776375,7,0.991661959161512
64.3763366862677,12,0.938557599749349
64.64867003378507,9,0.9763955432658444
64.68407003562882,11,0.8217841351250712
471.866624576388,8,0.9988992835789
65.37063673805417,9,0.9999999998926938
471.889691244256,11,0.9905685613570335
472.3511912682925,8,0.997927802266463
472.3634912689331,12,0.8855321485597132
472.423424605388,1,0.9576244579169104
66.38883679108542,5,0.9993234146126279
472.4458579398897,9,0.7312342555842866
472.4702912744956,5,0.9999506955341327
472.60069128128725,4,0.8817618957405201
473.027291303506,4,0.9237043645283023
67.39507017682675,4,0.5664391394875319
67.8211368656844,5,0.9984644539592288
67.67907019161842,12,0.947124031374369
67.59623685397085,8,0.9929800947529442
278.9228811939008,9,0.7542801175040506
68.0936368798771,9,0.45687896993934607
474.08082469171086,12,0.78291602259247
474.0919580256241,4,0.5022368466315335
474.1038246929088,4,0.9856543213072019
476.1994914687248,8,0.7684260178397307
69.19450360388058,11,0.41369774327490444
69.1709036026514,7,0.4943778178944268
476.3882581452231,8,0.9984928712465568
563.6656960242565,6,0.9972859735271242
19.61360102154177,8,0.9924027822603995
70.94637036179031,8,0.9979051270189719
19.83850103325532,1,0.8604236661139427
541.6431615439161,7,0.9967934195881896
20.50143440111643,7,0.6296665952172822
71.25420371115663,5,0.9999213924177465
478.1288582358793,4,0.7153947984302841
478.1879249056224,5,0.999952449251779
478.8871582753741,11,0.7604188494874986
479.37115830058247,4,0.725140610712492
479.514458308046,7,0.9993530679625268
479.72645831908767,2,0.9748849242983412
523.4275605951868,0,0.8164719759638323
447.9468233305649,2,0.9189079636412468
639.8070999899548,0,0.9962729535876671
73.84693717952817,0,0.8034175352829351
480.2603583468949,2,0.9144880948313674
480.3549916851571,2,0.9371579506963674
480.9109583807804,2,0.9281374701131994
74.56907055047262,4,0.9444222121933725
74.84100389796916,2,0.7067145281877354
481.9165584331554,10,0.9899990174445119
482.2132917819436,2,0.7516382370336057
482.9713584880929,0,0.9997018288343082
534.7999945208345,2,0.5501022761312928
473.4966579946189,2,0.9113223962684791
484.2373585540304,2,0.7982364801894802
484.92379192311546,2,0.8301972436917578
280.6163146154338,7,0.9921847157717001
280.86488129504664,0,0.9841926081059967
27.18996808281091,10,0.9412305430743471
27.54510143464077,2,0.9218828198894464
78.44007075208722,7,0.9949786871961276
485.20862527128384,11,0.9999334770736865
485.2198252718672,0,0.9801200713677278
626.0468659399426,0,0.9539452547199102
487.12529203777694,7,0.6544285159909458
487.66995873281166,7,0.9987972327858471
81.12733755871571,7,0.9988716073097516
81.35203757041884,7,0.9975300238618346
488.15605875812935,8,0.9863873223360458
488.1795920926884,12,0.9782208344572156
31.09653495294461,1,0.5695088377135009
82.10973760988239,11,0.9999269954020955
488.2746920976415,1,0.8628266427956214
488.29795876552,8,0.992680489703737
488.3212587667336,8,0.591778945165834
488.5351921112092,8,0.5540982702652447
83.8382710332435,9,0.9999664468746073
489.1266254753464,9,0.58526851343441
489.1854254784089,11,0.6975593677939663
489.6943255049141,6,0.9996974444686076
489.8611255136016,9,0.9994717779110518
490.0735921913342,9,0.9941531629409944
490.1327921944176,11,0.8363088117787763
490.4755255456016,11,0.7182245411382125
490.5349588820304,6,0.5966673983373012
490.5818255511381,9,0.5506221941704341
492.168192300428,6,0.9904796787614939
492.2398256374922,11,0.9486386613100397
492.48779231707385,11,0.9917736096577349
493.5539257059349,0,0.957209640549932
493.73182571520056,5,0.9999940020934838
493.8031923855842,5,0.9999992091552486
493.874125722612,5,0.9985813840504971
493.9212590584002,1,0.9907238275361094
87.14113787193449,7,0.779599514894339
87.38967121821227,9,0.9764316682041363
494.1104590682544,11,0.999628963678545
494.1453924034072,12,0.956857274405895
494.3826257490964,9,0.9879874979684095
495.2231591262075,9,0.999316307384715
495.5420591428169,7,0.9785366159762775
495.601625812586,1,0.5068752891459896
636.9223331730399,4,0.9931220745818445
496.3362591841815,6,0.9986320497087875
496.3828591866086,11,0.5819898203840761
90.29003803593972,7,0.4982567668078911
90.96477140441542,1,0.6887090854374075
497.3059925680218,4,0.46367995564200704
497.9458592680148,6,0.9987740393710681
91.40270476055778,11,0.9933013207078171
498.8933593173638,9,0.807228874175946
499.1764259987736,11,0.7998782240056619
499.3775593425826,11,0.9977080893710606
499.5918926870791,6,0.9549470707419059
578.5191301312062,1,0.9864635370898126
568.4603962739805,5,0.9999960056826375
500.8932594215253,5,0.9999838766994551
501.0235260949767,5,0.9999497472099759
501.1533261017371,5,0.9948516942257775
501.8048261356694,8,0.9773750251506246
501.86365947206696,1,0.8301372529031357
502.1607261542058,11,0.9975005588905441
502.7645595189888,8,0.9838558800371903
609.8101984276161,11,0.9421182348838896
503.2013595417389,12,0.42567033874206456
472.9541912996987,6,0.9849532048417204
503.8057262398829,11,0.6371138204162027
503.8884595775253,0,0.864146600291721
528.3058275159299,7,0.6186911164111367
504.089426254659,1,0.470103563434031
504.3496262682111,5,0.9999980112020262
504.4333262725704,1,0.8296933218334682
569.0749296393208,5,0.9999959958210685
505.3444263200236,5,0.9999032060819653
447.888789994209,9,0.47950277517542916
505.7591596749576,6,0.9010275357932441
505.7704930088812,7,0.6199943620637035
569.8438963460378,7,0.9240052709436894
506.58732638475794,4,0.8900573831219809
99.8549052007766,8,0.991694720909761
506.6234263866381,7,0.9884992570613065
537.7684946754439,0,0.9956195287318944
507.3566930914958,9,0.9116714088173291
507.55855976867633,11,0.9622850160603186
549.7264286315863,1,0.9314389227515987
508.6597264926954,4,0.7952459708580165
509.0265265117996,1,0.5165140405311368
102.8502053567818,7,0.9396020784131908
509.1451265179767,9,0.9995406081821357
509.65395987781176,8,0.9940717389758246
509.90245989075447,6,0.4978459340602835
510.3635265814351,11,0.9811324318503063
103.34747204934776,12,0.730624038220018
103.93910541349535,4,0.745665458511572
510.4228932511937,7,0.6385010754281049
510.67115993079096,6,0.9963159691677564
510.9791599468326,11,0.8482843326835446
104.9929721350509,1,0.9839740333231826
104.69677211962384,5,0.9999639920048267
104.88640546283388,0,0.38179221980755196
511.07422661845067,5,0.9999800494099487
511.1571599561034,1,0.4832306047700131
105.1942388122002,1,0.8829078559300564
511.298993296824,5,0.9999484020391992
311.551349559967,4,0.9046572855351966
511.3704599672128,7,0.9830202399144313
512.0441600023014,1,0.9931836152119078
512.4000600208378,6,0.9990034357330425
512.6618600344732,9,0.6127399174159773
512.8723933787719,6,0.9904978495836111
513.5258600794732,10,0.7772865833660245
513.5590934145375,12,0.996061974652748
107.56170560217244,6,0.998482466386368
513.6436934189437,4,0.7280693277308873
513.8668934305688,11,0.9991779204831304
514.3189601207805,8,0.9979962158887147
514.3419267886434,12,0.8955814080540916
514.3995934583136,6,0.9906835241883608
514.4966934633708,12,0.9714645288002653
514.5295934650844,1,0.8649983709304357
514.6972601404836,11,0.9949907792013332
514.9111601516242,6,0.7695333343816027
109.43200569958393,4,0.8475166114844378
109.51497237057175,5,0.9987472980482227
109.75160571622976,4,0.4552740059152635
515.0391934916261,5,0.9997869096855502
515.2406935021208,6,0.8601947387256662
516.0002935416833,2,0.9967558309802771
516.0696602119629,2,0.8592451562299926
516.1160268810445,11,0.9398457216856256
516.3067602243118,1,0.7814591551676883
516.3532935600688,8,0.9979732501743511
517.0404269291903,9,0.9865716293462053
517.0531602631868,6,0.735288738374201
517.1234269335132,8,0.9941941094716893
517.1579602686452,9,0.6529980704630354
517.3352602778796,6,0.9889607937920787
518.2831936605844,8,0.9214032814787183
518.3788269988986,6,0.9975591711512066
518.4032603335045,9,0.9678069056865396
518.439060335369,6,0.9985322280044177
518.4607936698344,12,0.9277866156155727
519.1246603710774,6,0.9961151661140789
519.7622270709508,11,0.9770629726917367
520.0469604191139,1,0.8562978238680208
520.0939937548969,6,0.9742056349661897
520.7447937887928,9,0.9324293025590806
114.238272616577,11,0.7304770217169422
440.7885229577368,6,0.9969452070939288
520.8532604611087,6,0.9768317437099022
521.244127148133,1,0.9664116431261208
521.289193817147,5,0.9999668724851222
521.6686938369126,5,0.9997129859584509
521.694393838251,5,0.9999922666294653
521.7040271720862,1,0.9399339257664071
521.7176938394646,5,0.999993552059576
521.7654605086191,11,0.8731173293561938
116.2154393862211,8,0.9924425724227389
116.85443941950236,8,0.9958948949795623
364.73871899680927,8,0.8479344879396467
364.8688190035853,1,0.8069788714528073
522.0358605227025,1,0.8207362498963527
117.52930612131834,12,0.9292502940537667
117.2096061046673,6,0.9990432594318598
117.35167277873327,8,0.7263714136128111
522.7445605596139,11,0.9928647190274549
523.1264605795045,6,0.9149867422776393
118.00273947930968,11,0.9957524206109604
524.190360634916,6,0.9412160486578895
524.4286939806625,6,0.9660194105074318
525.2577273571746,9,0.8946559694506243
525.5632607064213,6,0.950174914872836
119.08010620208918,6,0.9945966839753597
119.5416728927958,1,0.9927774351244456
525.5749940403657,11,0.9174104077733968
525.7172607144421,9,0.5833523272589423
525.7405607156556,7,0.5572867563719467
120.15750625820375,1,0.8820870956359459
120.72547295445204,5,0.9994281303320763
526.0387273978517,5,0.9998708529369282
526.6519607631244,5,0.9982301793538556
526.7597607687389,5,0.9992494223118699
527.1276607879004,11,0.7632276676590596
527.1384607884629,2,0.9100337298532758
527.3053941304906,7,0.492491287306868
527.5424941428396,11,0.9855618948712528
527.6115274797685,0,0.9997197315465657
122.60803971916906,4,0.9328903031701157
528.0512941693396,2,0.8639174960014754
528.1449608408848,7,0.9990817333192586
528.2750941809959,2,0.994674953962901
528.3684275191904,1,0.8978583712536459
529.2586275655549,2,0.9906271463851661
529.4123275735601,2,0.7155721050044503
529.6371609186035,3,0.9971313863642675
530.2749942851574,2,0.8894702616237309
530.3692942900689,1,0.9728976669946211
124.11150646414129,4,0.985963532861722
530.3713942901782,2,0.9993981218848235
530.4417942938449,0,0.9998106302428587
531.0439609918744,1,0.6379158009099448
531.1045276616956,1,0.7600168893814705
531.2585610030515,1,0.9620951022854121
531.3178276728049,4,0.9750646259189149
531.9929277079664,0,0.9534357248806232
532.0623943782512,4,0.9824752690308376
532.0855277127894,4,0.7161043445177852
532.0868610461921,1,0.9854059999480503
532.099327713508,4,0.7344108972778887
532.0996610468587,7,0.9923257965952444
532.1464943826313,4,0.9355388103238467
532.1573277165289,1,0.9879493800943103
127.62720664725067,1,0.4934122656110898
533.0230277616174,1,0.98471261561167
533.0451610961036,4,0.9869605621125134
533.2358611060358,1,0.5616126861069511
26.867468066014037,1,0.9984745140500937
534.1223944855428,7,0.9714092669409735
534.1352278195445,4,0.9534486020378173
534.2407278250394,4,0.7179928892214659
534.2521278256331,4,0.7656574665542011
27.41206809437862,7,0.998175361595947
27.76720144620848,1,0.9852370629185596
27.400201427093897,7,0.9992817863186009
129.03627338730624,1,0.5210707982051382
129.18997339531143,7,0.9448932098663403
535.2840278793778,7,0.9404547354365915
536.0396945854022,1,0.8761409602170872
130.4567067946205,4,0.9951369492735046
130.68180680634444,4,0.987530315827911
536.1234279230966,2,0.9882676238548116
536.2535945965428,2,0.9800800784324193
537.212227979805,2,0.9982040019479983
131.3565735081552,2,0.5949193124331208
537.4860279940654,2,0.6666133978971173
537.4976613280046,2,0.9808813802288333
537.5801613323015,4,0.915729850529291
538.3960613747963,1,0.8683200690619489
132.05454021117433,9,0.997033481852234
132.62274024076808,6,0.9162466466872446
132.3740068944799,1,0.7832312354136732
538.4572280446487,1,0.7638458867673072
539.5560947685481,12,0.9875380292709683
133.47540695184446,1,0.6321798177863164
133.60547362528544,1,0.9965999114700947
539.592094770423,4,0.825197527082107
540.1142281309508,1,0.685394298166315
32.13546834038906,0,0.994902263234883
134.14990698697468,1,0.963998070232901
134.16180698759447,1,0.8939797996077185
134.19750698945384,7,0.44343730518879243
134.25650699252677,1,0.8491192696599401
541.262028190732,1,0.29795963778189916
135.3338403819712,0,0.9998945014111048
135.02574036592435,4,0.4627438085305392
135.52300705849032,1,0.9576356881432772
135.58260706159447,0,0.9994563984556528
34.183501780390806,1,0.9224819054839871
34.66870180566165,2,0.8086587852104227
542.0661282326123,1,0.8178297410837421
542.2216615740463,4,0.8927946582777769
542.2442615752234,7,0.40477360339726826
543.4409949708865,0,0.8772501571420299
137.35824048740872,1,0.8215781575065445
543.4751616393328,1,0.7984470847726534
543.5585616436765,0,0.9999096977324231
543.8540616590672,1,0.9828843596503914
544.1153950060116,2,0.9759575895284358
544.2333616788223,2,0.9981928899724732
544.2804950146106,2,0.9756093225989034
544.386761686812,4,0.6617786435794988
544.398795020772,4,0.975599400675362
37.73493529869464,4,0.9441670983251443
277.55461445597024,11,0.9998856759636862
472.55682461233584,11,0.9996418724090487
545.0254950534127,4,0.9214856987433855
545.2035283960186,2,0.9990089689562885
38.5634353418457,4,0.9129653371003265
140.40047397919173,4,0.76101492355649
140.6137739903011,0,0.999062815816044
546.0795951083137,4,0.9806951264016941
546.0908284422321,10,0.6480096621589643
546.4450617940151,2,0.9960957956314132
141.50164070321082,2,0.9913268097929668
547.6897618588432,7,0.8371243699673391
547.9645285398207,4,0.6590999346187758
364.8583856697086,2,0.9805121245440446
547.9979618748953,4,0.7018006720726119
142.35380741426118,2,0.9952108505375585
142.15247407044174,2,0.9498612575287019
142.95790744572471,7,0.8182190167878132
142.75650743523514,7,0.9383647539553737
548.1153618810099,7,0.9592948505851363
143.09940745309453,2,0.9456204342727218
143.43140747038618,2,0.9773585656812611
143.7153408185077,2,0.8846574922374082
143.5137741413428,12,0.5311932638981395
143.38400746791743,12,0.770361451538164
144.8989075468185,11,0.5842321526756586
144.82837420981153,4,0.5551549575371133
144.36597418572822,7,0.9653198234781898
144.05880750306326,11,0.9111506970597174
144.47250752461017,9,0.9457674983580422
145.88140759799035,11,0.998792161899792
144.66220753449036,4,0.9142999119193268
551.4881287233416,7,0.9848195965583505
551.7503620703328,7,0.9993869207636283
551.8214287407009,7,0.9967618301202184
552.022128751154,7,0.9946644545526815
552.0328620850464,2,0.9945306704393047
552.0588287530654,7,0.9867353853559842
552.1529954246366,12,0.9935801886447804
552.4369287727582,4,0.8679148077520012
147.44387434603553,2,0.9521837394204536
147.69317435901988,4,0.9706159070961813
553.0637954720742,1,0.9898967841515719
553.3372954863189,2,0.7824766938954061
46.660735763580114,2,0.5206143894842247
46.81476910493601,3,0.9987333962605447
148.2613077219435,7,0.9472952878618276
148.33174105894523,2,0.9215372510635972
554.070262191161,1,0.916413369171854
554.3765955404492,2,0.941995766084331
149.05444109658586,7,0.5979946487330594
149.37364111321088,1,0.880040792410047
555.0765955769075,0,0.998675612718727
162.5222084646988,2,0.8273055383074779
555.4210622615151,2,0.6986575686071589
150.91297452671782,5,0.9999857304929416
556.2730623058901,0,0.9996385192036804
556.2835956397721,7,0.6079387705005324
556.4980623176089,7,0.8955260849174147
556.6141956569909,11,0.997426386297093
151.8833745772595,0,0.975634450679376
549.7891286348519,4,0.9798489125890714
557.5503290390811,2,0.9896719958674922
557.5860957076106,2,0.991365542276693
558.2730624100568,2,0.9624788942997959
558.4019290834353,7,0.538769147514884
558.8646291075343,1,0.98879311897156
558.9486957785793,7,0.9256288370496863
559.5975624790412,0,0.9927383915105771
51.53803601760618,11,0.5577646904940661
153.09124130683588,1,0.7177815970386117
153.12640797533416,1,0.9499257176968972
153.22110798026645,1,0.6393889127484231
559.7275624858121,5,0.9999989106799454
559.8105958234701,9,0.7315012398654565
154.63010805365187,3,0.8179141275448325
154.1920746975043,3,0.9984726364049477
154.9021414011536,2,0.630805156152462
560.298262515536,1,0.4994410679806896
560.379395853095,1,0.7098848512942763
155.50604143260674,1,0.9926050640744949
561.1010292240135,2,0.9860437325234417
561.2194625635152,10,0.9225335978890322
561.3851625721454,2,0.6358133203857086
561.3867625722287,3,0.99232662447719
156.1094747973689,0,0.7112266602551083
550.2016286563363,4,0.5241899410099864
562.0129959381784,0,0.9952117750457843
562.0970292758884,1,0.40115779314338634
562.2502292838676,1,0.9821947355789812
157.10430818251646,1,0.9315651576160011
157.11560818310502,1,0.9777794689919993
157.9684748941918,2,0.9744300842533088
563.0448959919231,2,0.9261395795286103
563.1378626634319,4,0.7693248455567082
564.0845960460742,2,0.7991353621599054
564.2757960560325,7,0.9986993578192739
564.8550627528693,9,0.8849748095442505
565.0674960972669,7,0.9877655979421398
565.2913961089284,7,0.9975431089515931
159.1286749546189,7,0.9969166421077434
565.376196113345,12,0.8843978893392697
566.2037294897791,7,0.6466695436760131
566.3212294958989,7,0.8259273165293437
383.5702866442868,0,0.9988236156758674
566.4280295014614,7,0.9541634593852951
160.07564167060676,2,0.9881764930708287
566.5124628391923,3,0.9937368846700535
567.4599295552061,2,0.7815804753632121
567.8011962396472,2,0.9603953653750728
567.9328962465065,1,0.8397231084824159
161.259441732263,7,0.9631222291888603
161.50770841186025,1,0.7740232367322154
568.0745629205517,7,0.9971827951669262
568.099196255168,2,0.9915263082679237
568.1231295897478,10,0.9995879274164331
162.51407513094185,2,0.7033142121992554
162.96384182103387,10,0.8117477376849418
162.9754751549731,10,0.9380663841016842
568.133296256944,10,0.6033999464392737
569.022262969911,10,0.7080924637953706
163.47327518090017,4,0.5290896916867787
163.62694185557032,2,0.6309081001889079
569.0224963032565,2,0.850841991791246
62.31073657868436,10,0.9997449268214417
570.0166296883676,0,0.9998090332584793
164.51494190182032,11,0.32860386865117774
570.1099296932271,2,0.5460416809745301
570.2169963654701,2,0.9751470262687583
63.89706999463923,3,0.9963142383550618
571.2937964215535,0,0.6135070321163012
571.3304964234649,2,0.9302663033040801
571.6975631092496,0,0.9964196934401188
571.9457631221767,1,0.8332728175494634
572.465229815899,4,0.936142078627382
572.5975964894596,7,0.9018739724264511
166.05374198196617,1,0.996270351169692
166.2550753257856,1,0.977843481129947
166.7756753529002,5,0.9999982834790397
166.82290868869362,1,0.9840691474471366
573.047996512918,5,0.9999420354325427
167.94800874729256,1,0.9519993492803246
167.1903420411641,2,0.999073678898893
415.7731216548512,11,0.43982046479976333
532.392127728758,4,0.6597753367021068
532.4756943997771,0,0.9979397284753856
168.23177542873876,1,0.9937874337460441
168.91870879784986,4,0.9845024547352038
466.95742432070045,5,0.9999964717861329
522.2720272016695,7,0.995120748224855
522.887627233732,2,0.9510310444452823
169.3213088188186,1,0.8378457004257979
573.9682965608503,0,0.9206284772785451
576.4797633583225,0,0.957035017847902
17.405967573227525,1,0.9958981381736257
590.9822641136611,7,0.7212963811514839
170.35070887243322,4,0.9845354101070793
170.45774221134118,1,0.4948971846467255
577.3432634032965,1,0.6821351875628405
577.3561967373034,7,0.880875840250499
577.5917300829042,10,0.8242061352241188
577.6275967514389,4,0.9843634373223575
577.7463634242913,4,0.5285035375263126
577.8185967613867,5,0.9999954136277737
19.53686768421191,2,0.9991398795554922
19.67893435827788,1,0.9385746659268942
172.19747563528566,7,0.9991068840112388
172.38727564517106,2,0.99257140439721
172.51744231861724,0,0.6362777926362105
20.0459010440574,5,0.999935458693722
172.51760898529258,5,0.9999945397559742
172.54117565318668,1,0.7803914282491982
172.65967565935856,1,0.98370822448052
172.6829756605721,1,0.9969765851636087
21.987301145171998,1,0.9667200014635983
172.8721756704263,1,0.9651484863424269
173.02637567845753,2,0.9935877020159688
173.0857423482162,2,0.9789385936142897
173.13254235065372,2,0.8648234231316153
173.16847568585857,10,0.5881934084748189
173.298275692619,4,0.868137863495585
174.05630906543325,1,0.9918343967857849
175.05034245053915,0,0.9771749501950774
175.26404246166933,2,0.8960263212911569
175.72527581902526,10,0.6472394479665589
274.9655809877914,4,0.9841018150396502
176.25787584676485,4,0.9379065845102027
176.31717584985338,4,0.94769711185307
176.55447586221274,4,0.8335602338239163
176.62477586587423,7,0.8818225001656792
176.6840425356277,2,0.9522200617241757
176.71977587082213,2,0.9789354675266096
176.86210921156865,7,0.8852355785261111
176.95637588314506,3,0.9993428457559321
177.21740923007386,3,0.9326197556349506
177.22920923068844,3,0.6724636975098116
178.41260929232388,10,0.7444921365335297
178.69670930712076,2,0.7671472146572329
584.2464637628382,7,0.7679296760853286
26.249068033805692,7,0.6831932258352467
26.911934734996677,4,0.9333593171942026
179.09934266142457,4,0.7809103514191263
179.5725760194055,6,0.3517323272955646
585.1215304750813,2,0.6644246580991786
585.1466971430586,2,0.6013170811890214
585.1697304775917,4,0.9144032263701515
586.0107971880639,7,0.9696459518832659
586.0200638552133,0,0.9997391341733173
586.1055638596663,0,0.9944083408791924
586.2452305336074,8,0.8356759016154875
586.2566638675362,1,0.812541304151768
587.2275639181039,4,0.9948483993942332
587.5479972681264,7,0.9764402337355804
587.5591972687098,4,0.8240996763296536
587.7381639446976,1,0.9753829258147575
587.8902639526195,7,0.9992811526977043
182.07080948285517,2,0.8296131943401847
182.2128761569211,2,0.9178772250076075
182.37854283221623,2,0.8270258670573399
182.78107618651487,2,0.8472126594027856
474.1181246936536,4,0.8165177548440098
183.07707620193156,4,0.6381635977448191
183.2547095445166,2,0.9936336041319642
183.98850958273536,2,0.817507114278635
589.2176306884198,2,0.686094100986809
589.4304640328382,2,0.9683076949126468
184.65137628392637,10,0.6908547416620474
184.6870096191156,10,0.5073376633061896
281.7349146736942,10,0.5329038539480385
590.2229640741143,2,0.9500111161053054
590.6862640982445,2,0.767786514053936
591.051764117281,1,0.989098921575595
591.0889974525535,1,0.972512037336591
591.1465641222185,1,0.9856293151667153
591.1824974574233,4,0.9271010457511787
591.1837641241559,7,0.9165148136746823
186.26104303442983,2,0.9556113190450339
186.4981430467788,12,0.5114817864151407
186.8297097307145,1,0.3392088210960639
591.767464154557,4,0.932538874498675
592.0469641691143,1,0.9525823877840585
593.2891975671473,5,0.6607189250300098
307.9014160365329,9,0.9999997364217911
307.9966160414912,0,0.9992200833113233
593.301564234458,7,0.9495754643142871
593.4190309072428,7,0.7197498172075185
594.1537309455084,0,0.9981739687724477
594.166030946149,12,0.726433452333771
594.1673309462167,7,0.999811589156614
465.5983909165841,0,0.7820369747386877
594.333097621517,1,0.995247951422561
189.96697656078047,4,0.5337102118796725
595.1122643287654,2,0.9984685974421915
595.3130643392237,2,0.9872112023282219
516.97309359235,2,0.9455354862158853
595.3367976737932,4,0.5794810196032715
190.8779766082285,2,0.9516770275707336
596.0594977114338,2,0.9295038937373513
596.213697719465,2,0.8802911395531686
596.3664977274234,1,0.6897644110327034
596.3793977280952,1,0.7323024612862691
191.943843330409,2,0.9700731144247838
597.006631094097,1,0.84129227373021
597.0432977626733,2,0.5391694891825313
313.85524967996173,5,0.9999665998034234
597.2080644379216,4,0.7283288534768746
598.1657311544668,2,0.9378411174338489
192.16864334211732,2,0.9830272851093307
598.1895644890415,10,0.9921172887939322
598.4025645001352,10,0.626453197780069
598.4626645032654,11,0.4948348436170989
599.3629978834911,2,0.7674720801902349
599.6693312327793,2,0.7278064593765363
599.8473645753852,10,0.8400284506436849
599.9662645815779,1,0.9920451082577394
600.2636979304025,0,0.9989686784958441
600.5351979445431,7,0.995638686689602
194.79687681233784,1,0.9983625225379934
600.5690646129738,7,0.9862429071309489
600.7018979532254,2,0.8619980184759952
278.35031449741297,10,0.6043618359103942
601.3030313178679,2,0.7452090543410111
601.4121979902202,3,0.3400258957884353
601.8735646809164,1,0.7020973391237406
602.4405980437828,2,0.9775486272044296
602.6068313857741,3,0.991593114956446
602.7617647271768,10,0.5714674666906338
196.4299435640601,7,0.9985278674002692
196.5484102368969,0,0.9997570978928625
602.7952313955866,7,0.9984255617331174
603.1614647479946,2,0.8922851459799693
603.1742647486612,3,0.9585083760854664
197.32964361091948,2,0.9197919584998421
197.51961028748025,2,0.8097435480804138
538.2043613648119,7,0.9605045382546357
603.3058314221803,2,0.929909308249584
604.0154647924737,2,0.6242362734445827
198.91614369354969,4,0.8639316968198485
604.2635648053956,12,0.9684549995463617
604.6900314942741,2,0.9841000083897807
604.7596981645693,2,0.973043646809967
605.4471315337064,1,0.5048207239621572
199.0348103663969,7,0.9973301132968252
199.54357705956184,2,0.8586292065803489
199.7568770706712,2,0.6770939522759393
569.1865629784684,10,0.9881089911841593
606.01526489663,10,0.8786927258426764
200.1237770897806,0,0.796939370926235
200.3843771033535,7,0.9969001763489833
606.109331568196,0,0.9948647876895492
559.9814291657009,0,0.9995621306417286
607.0800316187533,6,0.9992017010994213
607.1281982879286,7,0.9798924047405916
607.5189983082828,8,0.9829651646490669
607.5799316447897,11,0.46975997678649384
607.9204983291943,8,0.9888256847334478
600.4797646083226,7,0.8812327787257929
202.15957719581183,1,0.8920993134607572
608.2053650106977,8,0.9998224815791439
608.2286983452464,8,0.9974964682739234
608.3120983495901,8,0.9746915608035354
608.3493650181977,8,0.9998738088996774
203.50971059946465,8,0.888572183734457
203.6395772728952,1,0.8376108332214945
203.81751061549588,8,0.988932133859647
590.6071640941248,4,0.9575511476530915
2.5652001336041805,8,0.9997776212194351
204.33821064261568,12,0.7184535938957586
204.59831065616257,12,0.973032644266167
532.9925277600289,4,0.965466236347993
610.2662984513713,2,0.9999218452834521
610.3472984555901,12,0.9954411946536764
611.2713651703853,8,0.9960511859345291
611.4722985141839,8,0.9974892816202972
611.6276985222776,12,0.9649509307508769
611.6862651919946,8,0.9699378238630039
611.8517652006144,12,0.9980552235462746
206.83601077270944,4,0.8067244104493785
206.9070774430775,8,0.9995524241817993
612.1465652159686,8,0.5100078218022637
612.5029985678661,8,0.9978410297710955
612.6206652406613,8,0.9986153568585608
207.1673774566348,8,0.9883898682872664
207.17927745725456,4,0.9547526870395597
207.2860107961469,7,0.9977334895311907
613.0605985969078,8,0.9801287162815983
613.0706652640988,8,0.9859126402512173
208.20911084422508,12,0.9689033845046526
208.33951085101677,8,0.99028932616938
208.39854418742476,8,0.9937320454495341
208.59977753123897,9,0.9998920933040012
208.65901086765737,11,0.7588863828370637
208.74214420532056,8,0.9931610477339298
209.1444775596088,8,0.997350500957437
209.4639775762494,8,0.9915291974343462
209.49927757808797,12,0.8276817493413648
209.68884425462787,8,0.9972718198598126
210.05571094040215,12,0.9994465010819539
187.63874310618505,4,0.9590074445448491
210.694977640364,12,0.9930193095562015
383.620286646891,8,0.963023464107504
616.1252654231926,12,0.9942480023032173
211.997711041548,7,0.9982885500412899
617.1071321409981,1,0.7534883916404777
617.5594321645553,7,0.999040394600398
551.8509287422373,2,0.9831001165622458
212.1394443822633,2,0.823810431429393
619.2989655884894,9,0.9064456292446813
619.3704655922133,12,0.9519440083556262
307.7016493594617,7,0.9953870257699636
619.4889655983852,7,0.990373943231045
213.09817776553064,1,0.9149140349049233
213.16924443589872,7,0.8091520727945306
213.51264445378413,8,0.9941578994243218
213.6545111278397,8,0.9950642361267431
480.74799170562585,12,0.9977774058628114
592.7882308743885,4,0.9920272884249766
620.6724323266908,8,0.998415857834008
621.1687990192099,8,0.7990176280055826
621.2634656908072,8,0.9993148003876086
621.3594656958071,8,0.9837595751506334
621.3935323642481,8,0.9993573977189473
621.404999031512,8,0.9848433919629657
621.4163323654357,8,0.9997351810365056
621.8207657198332,8,0.9961211883296242
621.8898657234322,8,0.9953396894671155
216.5315779443536,8,0.61496867307398
216.8273446264248,1,0.7123358404047746
622.3060990784443,4,0.834914262005845
622.9199324437482,1,0.45434418565354384
623.0382991165798,8,0.9944469482907574
623.3336324652951,7,0.9372430253019917
623.4300324703158,3,0.9949785429788055
623.8685324931544,8,0.9935267464097473
623.9274324962221,12,0.8504741372041689
624.2930325152638,8,0.9978635366148073
624.4708658578593,8,0.999415493002568
624.8846658794114,8,0.9919230870368877
624.9216992146735,8,0.9998016016030786
625.4064325732534,12,0.9995086325468499
625.7384659238801,8,0.849023981981119
219.09994474478935,1,0.9840706406146128
219.39597809354112,12,0.5470948038231789
219.4912447651696,12,0.8818966926826711
219.71591144353764,8,0.8983054297212206
219.89304478609668,8,0.99937186650279
220.3789114780689,11,0.8737724000327035
220.72224482928416,8,0.9976456720569141
220.7336114965429,3,0.94212294412416
533.8285278035705,1,0.9698242333447177
573.4026965313919,8,0.9786669663455991
627.0996326614409,8,0.9988302262415655
594.2696309515449,8,0.9863053105790165
627.1230659959947,8,0.9997675037259213
614.2564319925241,12,0.7731138377387347
627.453432679868,8,0.8905661172482382
628.2712993891319,8,0.6342338586044056
628.293932723644,8,0.9687557227066886
628.4148660632759,8,0.996239958720728
19.095934327913294,8,0.9973407231348906
628.4480993983402,1,0.9490496442807123
223.2911782964161,2,0.9203112759565137
223.87097832661405,2,0.8634082509042863
223.9771783321453,2,0.7234628356936849
20.919001089531363,8,0.9998330802698516
20.01933437600705,8,0.9997975026459365
472.6301912828237,1,0.9652711701630656
584.8110971255795,8,0.9997609618190656
592.4343308559563,12,0.9872943630391726
21.57016779011296,8,0.9946538127330713
630.8054661877864,8,0.9967904405065997
631.0658328680138,8,0.6503878134846073
225.74174509071648,4,0.5147226877194211
225.9900117703137,8,0.940460781008861
564.8110294172426,8,0.9989597049055324
625.7462659242864,8,0.9485286063595636
632.0464995857569,1,0.6804003943065194
226.02534510548733,3,0.9848120386792373
226.5465117992981,2,0.8633629620890881
226.6649784721349,3,0.9999598482588885
226.9488118202512,12,0.9794088278900159
554.7755622278953,1,0.724797485834216
227.10271182826685,9,0.666540544921077
227.51724518319045,8,0.952334761682254
227.52904518380504,12,0.9742889869414448
227.7302451942842,7,0.9519587748938404
310.9330161944288,8,0.9990102582240028
228.83137858496823,8,0.9922573307400927
595.8989977030744,9,0.9994662136029544
634.250233033868,8,0.9963819862229085
634.5210663813073,8,0.9998835336597445
635.2439664189583,8,0.9998108346817872
229.19811193740227,1,0.483467698837716
635.4573330967378,8,0.8984972706789757
635.9786331238888,8,0.6810505898668824
635.9906997911839,3,0.9999982383187841
636.0490997942256,7,0.9983659569254214
230.1921786558433,2,0.9734775061217652
636.0598997947882,10,0.7645662421034399
27.051168075581742,2,0.702192943584556
636.1798998010381,4,0.6055465018280423
637.0545998465955,11,0.858712962329467
231.7785454051332,1,0.6053163092456922
637.21039985471,12,0.8207715084550955
28.128401465020985,3,0.8678448828982235
637.2318331891597,2,0.9635273101757263
638.0725665662812,4,0.9874720986851969
232.12197875635368,3,0.988383254408637
232.18114542610195,1,0.9955435436013703
638.120466568776,2,0.6112281275450948
638.2405665750312,10,0.9521966718165552
639.6245999804496,2,0.790790195192684
233.1283121421002,9,0.9436574338122753
233.42411215750647,2,0.9019369925939165
233.5193121624648,4,0.9265199123823052
233.7911788432912,7,0.5882252765504419
233.8033121772565,0,0.9998551962900161
233.9332121840221,4,0.9334371408703682
233.98104551984676,1,0.9478561960801921
234.252845534003,1,0.9888989265480637
234.78561222841796,4,0.9605083073868024
234.91621223522,7,0.8776413726580061
235.9580456228155,0,0.9759688445234084
236.30084564066968,0,0.9995815406498757
236.34841230981377,7,0.6869353181824549
236.59664565607596,1,0.9670697461985146
236.83387900176515,1,0.9703674053867488
237.11814568323737,4,0.8669381342965744
237.21254568815405,7,0.9984865102204803
237.30731235975648,7,0.8520532058682152
34.17773511342379,1,0.7875465634918796
237.72164571466968,4,0.9579890093431335
237.9461457263624,4,0.5355177264358613
238.78677910347872,0,0.48425298021532076
238.85831244053773,0,0.9454741119901845
35.12480182941685,1,0.8671553931916818
36.07176854540471,0,0.7655453297115382
240.18401250958465,7,0.9891371447117469
240.74014587188324,7,0.929519583610265
472.3530579350564,7,0.46554779498275906
37.3975686144568,1,0.8614178477173077
37.433168616310965,1,0.9179819434866655
241.27274589962283,4,0.9936732725452436
628.7079327452064,0,0.9999239868425691
242.4211792927704,12,0.5685158182483305
242.59871263535027,1,0.9669777556212654
39.80076873962348,7,0.8163702363896655
39.39833538533007,1,0.7168474988960568
243.39234601001863,4,0.6508401457480618
243.7470126951576,5,0.9999675569561951
243.99597937479123,5,0.9999978569842168
364.7817523323839,6,0.8132971445768608
415.7777883217609,7,0.6892675824862879
244.03131270996485,0,0.9997210480866552
244.36301272724089,1,0.6494642648107325
244.61144607351343,7,0.4861156328722462
41.6001021666721,4,0.5936377313326172
244.67087940994227,4,0.6690400426031047
244.82427941793188,1,0.5113590824891892
245.38087944692143,0,0.9969891707785346
521.7148605059837,4,0.9481093902653234
568.4221296053207,1,0.9438770327493274
578.8013634792392,5,0.9999620283470384
246.257146159227,1,0.5675938769586198
592.4380975228191,0,0.9330687859950699
247.42894622025827,1,0.5250085876013357
247.70114623443536,0,0.7859029255458497
593.7583309249146,2,0.9797766651683544
548.5500285703155,3,0.9998604296769849
248.4827129418086,2,0.9946227697087976
472.7022579532439,5,0.9997694005882063
249.2519796485413,1,0.7186108505786255
249.26337964913503,1,0.9612868644823703
249.27521298308469,4,0.8793905315331007
249.3107463182687,9,0.6194970256078758
250.2933463694458,7,0.9672961145072607
250.5306130484701,7,0.8658842087792642
250.5892130515222,1,0.8838915205459043
250.70764639102396,2,0.9833757386627742
250.7668463941073,1,0.911525944834252
251.2523797527288,5,0.999930251998241
254.6618132636368,2,0.7936121090321612
254.75694660192497,2,0.9875803888558342
580.71689691234,5,0.9991075084294387
611.5118985162463,1,0.9032116304477996
321.94175010113366,0,0.9569126149076806
569.9056963492566,6,0.46696919542118465
591.2738307955136,4,0.5140759901464599
532.8249610846348,9,0.9999537907373133
57.78293634286142,2,0.6062866229937885
57.8538696798892,3,0.9792095710778925
58.07880302493781,2,0.9468992089726374
580.7134635788278,2,0.8268630567658968
541.391594864147,12,0.9018366001290099
541.8400615541714,4,0.9856844180832844
61.2633031907972,0,0.973683938831514
521.9489605181764,2,0.9905673049603232
62.30500324505242,2,0.9859038498614175
62.55360325800034,7,0.9019776433512061
525.9950607289109,2,0.8287264116236308
63.15733662277812,3,0.9999476572575815
63.89130332767222,10,0.9390175770560287
613.1682986025172,10,0.737073043904528
613.5839986241682,2,0.8312287667314717
65.15807006031632,3,0.9995651024414716
65.19337006215487,2,0.9529903358825835
522.1594271958049,2,0.7299553238687879
522.5275272149768,3,0.9850204232862796
67.7033035262139,3,0.9807553106559431
67.36000350833369,4,0.9931383954140368
67.65577019040488,7,0.9984840008502925
67.6677368576948,2,0.9860437794696728
560.5896958640482,4,0.9543728675586478
68.68560357737537,1,0.8949957425384305
69.49080361931287,1,0.9881979011165459
69.83413697052815,1,0.8355960322004716
604.5766314883679,4,0.9566475384345595
70.68637034824864,7,0.9911071112558238
594.3645309564876,7,0.9734836608162117
533.9380611426087,7,0.9974263644019248
584.4475304399771,1,0.617203300834489
574.1148299018156,1,0.6130262112301111
584.6611971177722,7,0.9873032225324672
597.7435311324772,7,0.9847115112919712
73.81153717768443,7,0.9790893443864935
73.94170385113061,1,0.4746886305007312
24.633334616319576,7,0.9997256626201981
75.8478706170768,7,0.8340663154159564
473.3550246539088,2,0.9624625819162704
25.46203465948104,0,0.9844027389671457
417.8383884290839,11,0.8615540072318766
636.944466507526,7,0.9836582673488877
26.76413472729876,7,0.9895796049180403
514.6826268063882,2,0.9604409803668685
80.09760417175043,2,0.814514596914534
586.5174972144546,10,0.4826668882588502
637.8572998884027,2,0.7678986853202605
82.97437098824871,7,0.9929847188479755
603.7798647802028,7,0.468201051828232
510.965893279475,2,0.9904403179639918
83.19913766662198,7,0.8385357369967198
276.87641442064734,2,0.9941461590332941
85.68537112944664,2,0.5077160035629491
86.11133781829908,2,0.6157443550599299
87.1533378725699,2,0.6658513499357592
527.4872274732945,9,0.8292153760313667
92.48033815001786,2,0.9156433321793666
517.2613602740306,10,0.8694194499653651
568.7672296232947,10,0.9994180092950342
273.21998089687474,2,0.8716361191175839
94.19690490608905,2,0.5508548432941422
94.3625715813842,10,0.9967737641009677
95.0492716171498,10,0.6659721691037532
548.399061895786,2,0.5220535179185155
96.70657170346752,2,0.7611503669716893
447.2722232954295,2,0.5509395086310408
274.7716809776924,10,0.5742665501945242
99.2161385008408,2,0.6854382459638461
99.2516051693547,2,0.7430641054927173
99.74897186192588,7,0.9984236242207006
610.6025318022168,2,0.5234332721296708
103.12287203764986,2,0.9625304211970926
103.66727206600405,2,0.9638464634327715
103.97523874871062,4,0.9720223671966502
103.98697208265509,2,0.9185307857196733
105.32463881899189,2,0.9179861004794558
105.36003882083564,10,0.9989020550051049
464.9549575497386,10,0.999839755818766
632.9824996345069,1,0.9291427413509311
109.041805679261,4,0.9690016128239294
612.9591652582915,7,0.976731456179044
541.3125615266973,1,0.7264508734068631
111.11353912049712,3,0.9996589220204629
111.33847246554572,11,0.9515779978685523
475.4632247637109,11,0.9996758574556757
592.3318641839528,2,0.9705481409726925
521.9851938533969,2,0.9546588617813144
113.6823392542888,2,0.9411276208873385
114.60583930238776,10,0.9897254278691187
114.878105983235,1,0.9862898712657513
115.44610601281832,3,0.6358088274675834
115.8249060325475,2,0.8672870423669998
116.20390605228708,2,0.7190327274687458
116.7840394158357,10,0.537746305879426
532.2226943866001,7,0.5960433291616326
532.4363610643952,4,0.9719216782261214
117.12727276704577,4,0.9702475565994819
117.4232061157923,2,0.9476670824305484
117.51780612071938,2,0.9909559312670404
117.94410614292252,3,0.999818140352551
117.92050614169334,2,0.6281541152366511
118.16893948796591,10,0.9954754908738985
118.61877284472808,3,0.9950007108112011
614.1543986538766,11,0.4636135923711973
604.449998148439,2,0.6032574647959663
634.6262330534513,2,0.5034232747641992
20.15566771644108,11,0.9403327601188282
350.8819182751008,10,0.9530860493468876
522.7222272251174,9,0.9600002905334221
584.9354304653885,2,0.7242496221578164
584.9459971326056,0,0.9977747887670608
22.369367831737968,2,0.967109362353629
547.5559285185394,2,0.558966282437056
126.57400659239651,2,0.617673007100682
595.3738976757254,10,0.6920328782428089
26.500834713585213,0,0.8398496521589399
26.524568048154656,2,0.7846607783209737
463.67735748319694,2,0.9745907040742295
586.8996305676907,2,0.628401909351944
613.953498643413,2,0.5146896786251772
627.5291326838106,4,0.9726490044538191
566.6626295136801,2,0.832874020842666
627.7427993616058,7,0.992031319928207
617.9664655190884,2,0.7974949125474097
33.686635087845666,2,0.9250372791869999
36.7408352469186,2,0.8020014930518906
38.90726869308701,2,0.5691756761201494
38.919102027036665,10,0.9777120472141887
527.8217608240515,2,0.6909817360430418
314.34901637234543,3,0.9999674361540295
314.52671638160064,2,0.571196673816656
589.9427307261855,9,0.8916362706340313
523.8226939491001,1,0.8763591297362855
47.96326916475373,1,0.42758046794906907
48.28290251473464,1,0.7857580206257063
534.6100278442738,5,0.9994642351066912
549.4338286163467,1,0.9336783840291555
50.29553595289263,1,0.9179114089413261
580.7238302460344,4,0.976668814644425
630.6096995109235,6,0.7040936985579802
560.4032625210048,11,0.9720999089262035
54.983369530383975,4,0.9926776011695984
55.71726956860794,5,0.9999266465636899
418.6130884694328,11,0.9556507333269781
56.58156961362357,11,0.9996187063926538
56.8418362938458,9,0.6290100491831973
57.84810301292219,4,0.8744883931503239
58.21513636537184,5,0.999974886614233
383.84221999178334,1,0.571974005315896
440.6968896196309,5,0.999998886770095
593.1381308926126,5,0.9999508898092249
522.5704272172111,5,0.9999715427556647
16.94463421586641,1,0.9135659945174168
573.991663228734,5,0.999995219563872
446.6623565969989,11,0.9372311169217001
594.714164308031,1,0.9964237808721841
594.7606976437879,0,0.9506687311089638
20.507901068119903,11,0.8785617415392435
20.03443437679351,11,0.9985006452368427
523.3742939257459,1,0.6002846737086096
274.7403809760622,6,0.8920030253386733
274.85884764889903,1,0.8660946340558069
595.5074643493487,11,0.9927264168344454
534.463261169963,4,0.996063201557418
534.759427852055,1,0.9663332542185193
26.29676803629007,4,0.8921666716990819
614.9925320308627,2,0.9908803445032857
27.906734786809174,4,0.5235059994440162
408.9225879647192,5,0.9999534031590968
637.6135332090399,1,0.9974756588149521
525.966860727442,11,0.5237080127624673
559.8208958240065,4,0.7680706805017695
618.7018655573905,11,0.9969051547580767
629.1297661005103,11,0.9996515287545243
568.2399962625013,0,0.9987759780399366
568.9983963020013,4,0.7415897468480223
631.6914662339323,4,0.7071348635132099
538.4657280450914,4,0.9729019659962198
279.86614790969594,1,0.9988715709874099
590.8579641071872,4,0.9546664324036243
1.196433395647576,1,0.9634144388326501
463.6703908161674,1,0.9103870413245693
4.15633354980905,5,0.9997546580856099
5.528066954586835,1,0.9384173463012848
5.85250030481774,1,0.9957130622976967
7.323767048112886,12,0.5991492240184173
8.576367113352477,11,0.9697361270098458
7.871633743314279,6,0.4277536921523559
8.502767109519143,11,0.30740062052158423
8.654433784085116,11,0.9071898110271909
12.117100631099024,1,0.783930316995904
13.57576737373792,1,0.7545520423375599
14.973000779843831,1,0.5084317167777809
15.176134123757024,0,0.7500708248601063
15.851267492253555,11,0.9992344899538852
540.6065614899265,11,0.998736833186855
464.6403242000181,11,0.7918069483311587
510.7370932675583,1,0.6389443068695629
532.1760610508379,4,0.5551202758095288
612.6804985771109,1,0.9976287171915019
592.5016641927966,5,0.9999961477343097
572.6211298240187,1,0.8680298754945598
613.0951319320397,4,0.515576442397932
532.4898277338466,5,0.9999750998113704
624.3723658527291,1,0.8841569545179876
512.9731267173518,1,0.9728900377908523
19.19106766620149,10,0.5023202035861911
19.39226767668066,6,0.5004852589664018
584.480130441675,2,0.9977318376507636
635.5946331038888,1,0.5489620020727439
605.9959315622897,11,0.8982499518872871
24.00910125047409,4,0.557952811610169
595.3332310069407,2,0.9923335903564677
473.8022580105355,2,0.8006831258969336
26.660834721918548,4,0.9323995082105391
173.74604238260684,1,0.9920288811239834
462.8168241050441,1,0.7596387911032111
29.32440152731266,1,0.5752390243452651
596.6934644111195,4,0.9794521101514811
535.6386945645168,6,0.47066043062204954
31.692101650630377,4,0.9783911988342242
34.45040179429185,11,0.9708050671220607
34.98303515536651,9,0.9592301714123824
36.26153522195506,1,0.8307588588508447
36.91273525587172,1,0.877655236375339
36.78253524909047,1,0.6915554024946642
567.5337295590499,1,0.6980968175196829
173.27330902465198,4,0.9930634992406221
560.5985291978416,1,0.7819117635252456
40.19186875999327,1,0.8206323388142027
629.7255661315415,5,0.9999631796799078
568.183162926208,5,0.9999890258185413
560.6418625334318,11,0.691869007041143
43.79060228076065,5,0.996396808911305
44.20493563567385,5,0.999993796130698
44.69026899428496,5,0.9999898293437266
304.68538253569784,1,0.9493044749901225
467.6137576882178,9,0.9313822024226174
630.907032859743,0,0.9409950727824268
48.34833585147595,6,0.5310681313421118
545.8491284296435,9,0.9927613546210096
49.24800256500026,1,0.9342555719313648
600.6588979509859,1,0.9614645633015595
310.9702828630364,11,0.9921465768923694
351.8589183259863,2,0.9953758587588974
407.4591212218303,2,0.5116120647695005
52.47973606665306,7,0.9957654786575492
52.704636078366605,9,0.43914190870120434
613.1799986031266,2,0.6305313718699316
377.78848634315136,7,0.889169213381037
540.4788614832755,7,0.8962196379053755
584.8553971278868,4,0.8135349618705495
56.67036961824857,1,0.4689074789933493
527.9047274950393,7,0.9727604606351166
632.4111329380816,7,0.9576589995041187
58.02003635521038,7,0.914277412022434
58.16210302927635,1,0.45098693783676347
58.588203051469065,7,0.995767915155409
58.97886973848296,7,0.9940817680183038
551.8047620731662,4,0.7553111881508708
60.25730313840137,7,0.9981765775342357
384.8550533778684,4,0.6790013450288119
64.1047033387868,2,0.8439803581232078
64.47173669123646,7,0.6443994037506655
64.74413670542395,4,0.9645316298998939
64.7557700393632,2,0.9954687169562052
64.95700338317744,1,0.9135688450782873
65.27670339982848,7,0.5644784041079356
65.65570341956806,1,0.861262803980604
532.7058944117667,2,0.981061413185243
532.7873277493414,1,0.9609158158850475
532.7989610832807,4,0.9751953392140146
66.28300345223994,7,0.9941925222523046
66.30677012014445,7,0.9011595215689858
532.9184944228397,3,0.5280832703368088
522.2325271996122,7,0.9597409809516517
522.2684938681521,1,0.7703083273094661
67.45487017994134,1,0.8479343302263218
67.28903683797085,7,0.9996346629105952
67.3248701731705,1,0.973151176631717
67.33650350710974,2,0.9988542155704009
67.38387017624342,11,0.6510209550168906
68.73340357986496,1,0.8825651953542706
68.15340354965662,1,0.6173023436268178
68.40200356260453,4,0.7975565557972397
549.4520952839648,4,0.9796766903421753
18.59630096855739,8,0.8269287970251893
614.1277653191561,6,0.9997772594902625
614.7782653530363,6,0.7507964298560287
70.67480368097955,6,0.9991935617297161
70.6987370155594,7,0.8054625543301034
533.736127798758,6,0.9989860209315605
594.3879642910414,1,0.8656968730812977
20.715301078921986,9,0.6515135097767843
21.105934432600808,7,0.911680774244159
564.5882294056385,1,0.9358683282354381
24.00623458365812,1,0.5041283128912045
25.675468003930693,6,0.9968388271058896
636.8155331674774,6,0.9978394159837561
524.9540606746921,8,0.9882923049081944
26.243668033524447,6,0.9983466952110623
463.6158241466587,1,0.6481371016019712
514.9429268199455,12,0.8380937969352376
78.87880410827125,6,0.9972603467513792
79.2220707928164,4,0.5729662884590625
418.91632181855954,1,0.9655313936011568
637.4067998649392,1,0.8739671510386284
637.6331665433958,8,0.9997461376247626
82.29993761978864,1,0.9420913153509668
563.3576626748797,8,0.9997020224462864
533.3488277785862,11,0.6470003663237863
83.37710434255774,6,0.9996273005729541
83.72053769377823,6,0.9966326101229943
613.664531961696,7,0.7027119345386739
516.7061602451139,1,0.4180778098607819
88.95290463296402,1,0.974869289227922
88.96493796692408,12,0.9984189708346743
272.8763142123088,12,0.9402071412578453
90.27897136869666,2,0.9998562564599125
415.4259549701029,8,0.9997749887768749
91.47437143095708,8,0.9926991673841467
91.77030477970362,8,0.9991404824455766
92.04257146055085,4,0.9103299115690509
92.19670480191196,4,0.871948703091111
92.5637381543616,7,0.936758571440311
446.6461565961552,8,0.999868336173711
94.41017158386336,0,0.6656211329746612
548.3875285618519,8,0.999854093637882
96.50560502633384,8,0.9988701662349647
472.8242912929331,8,0.9929404130877769
97.33447173617066,4,0.9872636188488273
99.5834718533061,6,0.999942976233324
99.74910519526615,9,0.9075091962432025
634.9511330703732,4,0.9279896334717886
100.74357191372798,7,0.9440920768297243
100.94507192422276,1,0.7436447444639314
101.9036386408148,1,0.5257724072337392
101.96313864391374,4,0.5988397218211464
473.9243246835599,1,0.6448822014491425
631.6815995667516,8,0.9809917949830687
103.73873873639292,6,0.9684347892506616
568.7628962897357,4,0.6969100515942291
637.791666551651,6,0.47110673246868207
104.70943878695022,1,0.8506078485997632
105.58533883257002,7,0.6440066308227437
591.7755974883139,2,0.9993355809258964
591.7988641561924,4,0.9886188239107787
107.2426722522228,1,0.6823468291643097
108.66350565955788,9,0.8814589874748444
561.7379292571853,8,0.9979254076312667
630.7138995163506,6,0.9932053793361735
111.29147246309782,1,0.9927080979323023
111.5755724778947,1,0.9790367911752139
112.889472546327,10,0.5359877878031447
467.3666243420129,0,0.9180062879820142
514.7651934773552,7,0.9905467447622641
115.529472683827,0,0.9069727982911057
116.19240605168812,4,0.9726190533966352
116.60690607327666,4,0.530617015784607
116.68957274424888,1,0.5309957200872838
637.4961998695954,7,0.9951704640749628
117.42350611580792,0,0.9998067057594295
117.97980614478188,7,0.9953462545964182
117.115872766452,1,0.8694464579878692
117.62477279295724,7,0.998282288100053
522.5310938818292,7,0.6024370329601375
118.01560614664646,7,0.9803204445816316
118.44180616884438,2,0.9989133523535196
573.8941632236558,2,0.6273619971806682
119.31777288113432,7,0.9851629508763022
19.433867678847328,0,0.9995526346392452
121.96957301924893,5,0.9999890663107204
19.741701028213647,1,0.9971538753035191
121.70880633900066,0,0.9939215355190973
594.3913642912185,4,0.5842585941778565
20.09683438004351,1,0.9819035334321746
123.92250645429756,1,0.9927270091276951
564.9819960928138,4,0.906397747732439
126.60987326093124,7,0.7417625946990626
25.992234687095625,4,0.8539262857700195
127.66343998247116,1,0.9934769998590125
585.9530638517236,5,0.999992341062493
636.9712998422569,1,0.9645783414045874
26.465734711757086,6,0.5740125648142986
128.65770670092255,7,0.9795285531395704
128.43297335588437,7,0.9880430280506605
582.5849970096368,2,0.9956006765522204
129.56974008175763,1,0.9903548833400696
28.75050149742203,1,0.9644134540613156
130.97834015512225,2,0.8374071109039003
130.9311401526639,7,0.9368539843919043
131.81904019890868,2,0.8312543859325848
131.88990686926633,3,0.9749847270723249
132.61167357352502,2,0.7305321086422909
132.07887354577502,10,0.69058976618748
132.1503402161639,3,0.9993474880775407
31.556068310211977,1,0.9795872580656944
132.5997069062351,2,0.9631614350410007
133.25094027348683,4,0.9940558994443197
132.7779402488514,1,0.9273200463957613
133.86630697220386,0,0.9982803805609324
133.57107362349376,0,0.9289499581345408
133.33424027782536,2,0.9827317824461143
134.48224033761704,2,0.825874179354433
134.82567368883753,2,0.94562574454769
134.2453403252785,2,0.8502514180613188
134.17467365493127,1,0.9825082272069638
33.16603506073108,3,0.9988410409855385
135.4769737227594,10,0.5377657099763382
134.3046736617021,2,0.9579243020984674
134.22210699073509,4,0.95584205477439
135.72520706902156,2,0.5751873124584548
34.14863511190817,2,0.6568732783255933
136.31680709983408,2,0.9736720934338757
597.5053311200709,2,0.8663560092020371
607.8242649908487,1,0.9439743242712818
137.6433071689226,2,0.7504977797477512
587.7776639467548,2,0.9953154094947532
526.5673940920532,3,0.9997888886501712
138.43614054354936,2,0.7030702677088774
577.8479634295829,7,0.9987692403384122
516.6027935730635,2,0.6036730897160154
139.25334058611185,1,0.6568701908081384
139.35960725831325,2,0.8867907970799696
140.14050729898514,4,0.9861061147535216
140.16467396691047,2,0.9977787468401453
140.495640650815,10,0.7654660578469046
39.830935407861325,2,0.8953232974122282
141.77467405076465,2,0.7537633088080045
142.29527407787924,12,0.5196754732755378
41.594868833066194,2,0.6554949420396053
143.85804082594,4,0.9832945388073699
143.76334082100772,4,0.9845641443736837
143.1125074537768,4,0.7811537987509612
143.1829074574435,7,0.9529927254930418
143.7043408179348,8,0.9421068254564593
144.46214085740354,1,0.9192869116555237
144.05907416974384,1,0.707053241455449
144.35520751850078,8,0.9956092384575415
144.9470075493237,7,0.7373613086841588
43.78486894712871,6,0.6894071907125644
145.9886076035737,8,0.9740712027328606
145.13640755918829,1,0.48868637451332675
144.39050752033933,4,0.8662861015775617
144.6631408678723,8,0.9998824235970758
145.75234092460147,8,0.9998659208840247
146.09514094245566,9,0.9131695488870131
145.7165409227369,8,0.9988217417964345
145.96487426900427,1,0.5546441220258106
147.17270766524558,8,0.9962209817526048
638.9400999447986,1,0.5760282569832329
148.33270772566226,12,0.9821754975729272
569.6095630004996,1,0.9627267804132913
279.9103812453331,8,0.9601374729957923
149.38650778054767,11,0.979132864246624
149.5518744558272,12,0.8922990938404296
274.69168097352576,12,0.8122899982319202
536.6009612813015,7,0.9742182702044274
595.8616977011317,8,0.9264926221381807
150.54674117430983,12,0.9641963466467253
315.852149783967,1,0.5451368179213628
549.9183619749161,12,0.6681840355066425
152.83124129329423,11,0.5520045571924584
152.39350793716227,7,0.6316387174117927
152.5353079445477,10,0.6616063528407318
153.87280801420917,7,0.8807886601583944
52.79366941633709,4,0.9756557885278
53.57490279035967,8,0.9865839998964837
53.91826947491001,9,0.9537477227149591
155.1279747462491,7,0.9940971077175093
155.3650080919279,8,0.9981436675539564
155.39980809374043,8,0.9991170732813996
54.427236168085365,4,0.6267768448934009
156.2998414739505,12,0.9597969974470648
155.81474144868486,11,0.949103757422799
157.94560822633417,7,0.9972561914857707
310.9242495273055,8,0.94537032489166
591.2808641292132,8,0.7536284298262373
158.9869749472387,12,0.9698534747035856
464.7437908720737,8,0.9998916390646712
581.7784969676316,9,0.764620223376618
159.10537495340537,11,0.9603577841294598
159.08170828550607,1,0.877953994977916
159.16480828983418,7,0.7392729793042656
561.681095920892,8,0.7644290617827001
561.6927292548312,8,0.9916339185256564
160.0646750033689,9,0.5180642139423606
160.20657501075954,12,0.762527249091674
160.98764171810677,1,0.8118575762845899
60.57130315475553,9,0.9999999999922977
162.81100847974045,3,0.9991846506894146
61.05660318003158,3,0.5408742837250324
61.2816365250854,2,0.7112713686967657
163.68660852534464,4,0.5972383477243082
163.69850852596443,8,0.9990363305169434
163.95907520620227,8,0.9998395278852605
62.9507366120177,8,0.9541707332640998
163.92374187102865,12,0.9970315178371477
164.6105085734644,8,0.9846383905698038
164.87100858703212,8,0.48994142816549774
633.9813996865329,4,0.7304050449992048
562.5822959678294,8,0.9996288201199272
166.69337534861376,8,0.9994570227376529
166.84764202331513,1,0.8201989456877348
542.8170282717217,4,0.6072866301601414
167.9246420794089,12,0.9198103452190546
167.58140872819882,8,0.9967529071298243
532.2622277219924,8,0.8616603676523741
532.3436610595671,12,0.9995225792610696
522.7344605590879,12,0.9989081943709717
169.0850421398464,7,0.9997213190294274
169.39270882253737,12,0.9919665931294258
169.5702754984523,8,0.9963460215028282
170.00847552127522,8,0.9992613634042871
170.15067552868146,12,0.6849918978075297
170.2689088681728,0,0.9995990392264088
170.31597553729085,8,0.9928966100861729
170.57637555085336,12,0.5257811951377108
170.89644223419015,0,0.9855233148702728
171.34580892426135,0,0.6604203176693486
171.77230894647488,7,0.8654974801241744
19.170567665133785,1,0.594058778825432
614.8327986892099,1,0.5140327342912933
172.1508422995235,1,0.8887774534493785
172.31714230818494,10,0.7924529266800463
172.52967565258774,1,0.8468172990639887
20.31886772494108,7,0.98394631432419
172.54197565322835,8,0.9985610286385017
172.56510898776656,9,0.9804729926660499
172.77827566553566,8,0.6310184567399718
172.79040899950093,4,0.9769382971736088
172.8613423365287,4,0.9345550324569153
172.87337567048877,1,0.6510608934585083
173.2753756914263,4,0.7305488148663536
173.35820902907386,9,0.930549745017111
173.46490903463115,12,0.7016730161139245
173.51257570378044,12,0.9952013210173319
174.13967573644192,8,0.9580115490658648
174.7078424327006,8,0.9845882839409847
174.82667577222315,12,0.9497733254420934
175.39500913515718,2,0.45751316998109165
23.550701226599084,7,0.9588366323828862
175.54837580981172,12,0.9973206524636054
175.71447581846274,8,0.9991024487910308
175.79697582275963,11,0.8327246366134524
176.0221758344888,1,0.7229989620759809
176.29430918199574,2,0.7527433196521085
176.3772758529836,1,0.5675238962262192
176.5078425264506,2,0.9648636859975445
176.56637586283256,2,0.904860311276019
176.5903091974124,7,0.9735749196010547
176.6376758665461,1,0.8495260482546095
176.90970921404784,4,0.9870685607100301
178.16447594606694,1,0.6080708608147735
178.9700426546902,8,0.869475128355509
473.77562467581504,4,0.9188433541260518
179.43167601206693,9,0.8806686247326202
179.609309354652,8,0.9998926925415387
179.69164269227355,12,0.9389117508513374
27.398068093649453,12,0.8120733698501506
180.99387609343157,11,0.954308650934091
181.5387094551416,8,0.9960515611134225
182.85247619023363,7,0.9828449996107835
183.1725428735704,8,0.9982547039393992
183.55150955997493,4,0.9945324260652958
183.6340428976069,8,0.9798473699909298
183.7048429012944,1,0.910130197892016
418.8862218169919,1,0.9461232329131491
184.6755762851868,8,0.999837011079948
184.9600429666694,8,0.9979391932671008
185.0546096382614,8,0.9315123080241965
185.06674297222668,12,0.8695145559522032
185.8949763486972,8,0.9964059911882429
186.0725763579472,7,0.9776900159494202
187.03190974124576,7,0.9888496324187505
187.5643764356451,2,0.9947609558026287
363.8434522835141,1,0.7117859111053316
188.51100981828228,2,0.8211849105868735
188.54684315348192,3,0.9770308059198598
516.6887602442076,12,0.8176007616113378
190.879209941626,7,0.8558464470557238
190.9619099459333,8,0.9595111531710598
191.18657662430135,7,0.733896307731957
191.25804329469025,8,0.5869406736099553
598.2058311565553,7,0.9652478989099352
598.7632645189216,4,0.9219876051301077
193.7197767562389,8,0.9464225396925157
195.59071018701667,9,0.847691827931892
195.6376101894594,11,0.9887931206289737
273.8055809273748,12,0.7469517897947904
197.15301026838648,9,0.7096283650420002
197.9580769769837,8,0.5238307062910484
538.2521613673015,7,0.9909030230055403
638.4878999212465,8,0.9975230909278837
198.230376991166,8,0.708522518361703
198.39631033314168,2,0.9946240184477646
199.60381039603232,10,0.6821472153427317
579.6135968548764,2,0.9159153440049008
569.8869963482825,1,0.841039587013559
279.818647907222,1,0.4846097079658024
201.22524381381533,7,0.9622542520524223
201.9829105199438,11,0.9503159517568517
600.5137979434286,1,0.6136146284433371
202.37404387364865,9,0.9986251529574482
202.58717721808267,8,0.9753292630859212
202.74057722607228,8,0.9466297088539518
473.8117246776953,12,0.8701257733531337
2.306266786784734,12,0.9470287671565345
204.84804400250283,11,0.9983814791465611
570.2656630346714,4,0.9620184898296982
280.6119479485397,4,0.5357762220418884
280.9081146306317,12,0.6222802664841027
205.700610713574,9,0.6398500767836395
205.8661107221938,4,0.7722696121583231
207.47624413938823,8,0.42042419555396177
540.052428127732,4,0.9881887075592615
208.03217750167647,8,0.9993898072436569
591.5667308107688,9,0.999987256160895
209.0859442232268,11,0.7230729306650119
209.5597442479039,8,0.9968509721683068
210.5419109657251,8,0.9828653118795657
210.69617764042647,8,0.9357668752118219
561.6380292519822,9,0.5227145751439254
561.8167959279596,9,0.9999999999961915
211.84451103356884,8,0.5524489663335465
365.77255238398806,11,0.9851358076525537
561.8516959297773,7,0.884596088114324
212.9926444267008,1,0.6287276477038265
214.44891116921468,8,0.7531933612684915
511.9091599952701,2,0.9829335303116308
215.7153445685081,1,0.9666264480176999
215.96351124810013,2,0.892566043438479
562.8343293142894,2,0.969149976424967
216.082011254272,8,0.9871326515481743
467.922457704296,3,0.9579295443460333
559.6187291468103,10,0.999888644710717
217.3489113202564,10,0.9776408765735611
217.3843446554352,4,0.853471516092166
313.76144967507634,1,0.9624512394295838
542.5602949250168,11,0.999257748151666
218.07101135786576,11,0.9994210632877996
218.15411136219387,11,0.7386864513962694
218.33141137142823,11,0.8451176417520058
218.52081138129284,0,0.9541661210131583
218.67484472264877,9,0.6023950457301871
219.07714474360188,1,0.5616018263079104
522.3222272042841,2,0.998674073437695
446.95995661249896,10,0.5645129863570714
624.9066325472221,2,0.8557211268856945
221.44457820023905,7,0.9990422750842585
221.80024488543,1,0.45363691162633524
19.33346767361816,0,0.9988917495214089
223.5523449766852,7,0.6209466202639498
20.434434397626845,3,0.9336476066413082
584.7171637873538,10,0.5453966109614033
225.1144117247096,2,0.8569602704640743
225.39847840617136,10,0.9432238119562907
226.26331178454808,2,0.8619193394214648
226.3105117870064,10,0.9523650398253961
226.32207845427556,7,0.5280628738128427
226.52371179811055,2,0.8774881403615248
226.58297846786405,0,0.9974637120393222
226.81951181351684,2,0.9809705348976095
226.84287848140053,2,0.5317288568384325
226.8785784832599,2,0.7740558750258227
226.90191181780853,0,0.9827101274203284
226.92597848572865,7,0.9961364882063188
227.09137849434325,7,0.9739580293197431
227.21017850053076,4,0.873311005714031
227.50567851592135,4,0.988709046862792
227.54161185112625,4,0.7045346734737207
227.70761185977204,4,0.9573742485517757
228.89094525473732,7,0.893943537712185
473.6130246673463,1,0.9660389185368835
585.75689717484,4,0.9138122880467939
626.5037992970746,4,0.9314049457412128
27.41890142806785,0,0.9978191956724273
232.7150787872443,0,0.9989647295384956
232.9160121310429,1,0.8700858346187369
233.0577454717582,1,0.9879814762808656
233.6146455007634,7,0.5413750829144964
233.9580455186488,1,0.4834687070592758
535.4483945546053,7,0.9009222897898495
535.934961246614,0,0.9881809115582167
234.3604455396072,0,0.9985664513600886
637.9143332247065,1,0.8000980819402413
235.0943789111662,7,0.3412110460778174
235.29571225498563,1,0.958272394992019
235.3547789247287,7,0.9987631032013992
32.11863500617899,7,0.8409743241414098
515.9232602043378,7,0.9661489788697236
236.3253456419457,4,0.9002989739654319
236.3371456425603,1,0.95789330277957
236.36104564380508,1,0.7728548845297236
236.44401231479293,7,0.9993572361865913
556.371862311036,12,0.7180654265328912
237.1781123530273,4,0.9421634632235486
237.28424569188843,1,0.8749048889363904
237.41417903198916,1,0.6124210541669902
237.47394570176863,0,0.9914141768430371
237.49717903631205,0,0.9985324550978542
237.8640457220864,0,0.9912783429097333
238.6099790942704,0,0.9996558816324244
35.18460183253144,6,0.999346384985239
35.57526851954533,0,0.9999591778270881
35.76480186275019,1,0.9462273713763383
239.60451247940236,0,0.9984881760214779
239.8649458262999,12,0.5834596118772372
600.1003312552272,0,0.9986252459864029
240.6817458688416,6,0.9949683238914734
241.0368458873364,0,0.9910775752905062
241.11954589164367,7,0.9928207824120638
241.3804459052322,0,0.9957071486236182
38.025735313840485,1,0.9864100701702252
38.49940200517729,0,0.9999618693295325
242.3983792915829,7,0.9865412266469211
39.837002074843966,2,0.9971397918542809
243.1794459989301,0,0.9455544343764005
243.2148460007739,0,0.9998868852222434
243.42854601190407,7,0.949002572769549
40.405268771107856,7,0.8147317525934755
243.44027934584847,0,0.9995128728331254
243.66467935753604,7,0.9982552464979938
243.72404602729472,3,0.8787839771722984
243.7715126964336,0,0.9990442509309441
243.8899460359353,0,0.9987255155703536
244.05534604454996,12,0.36901725238887173
244.13834604887285,4,0.9888068035799267
244.37514606120615,4,0.9671379389555546
244.64754607539368,4,0.9274549253405662
42.60710221912002,0,0.9995101244614983
42.96236890429016,4,0.8475427673629221
245.2279794389579,0,0.9994380900062928
245.8903461401229,4,0.8361219414460892
245.97377947780168,2,0.973186283288562
43.16350224809919,2,0.5002338634977361
246.17457948826,1,0.9615236791660713
246.9917795308225,2,0.9924466621959723
247.1572795394423,2,0.9108344970011446
247.1810462073468,0,0.9044238453227701
247.8559129091628,1,0.6749478744056389
273.5245142460692,1,0.6655868105590752
551.929462079661,0,0.999926389278588
249.15754631028955,7,0.9110895627362299
249.32327965225485,4,0.9292590879382366
249.6786130040951,2,0.5471139643281506
249.7975130102878,4,0.6390774904157565
528.2190941780792,1,0.9302499960299434
250.980813071918,2,0.9979428479474836
630.3634661647656,2,0.7348725529800376
630.8965661925312,7,0.9991861235612064
251.229446418201,2,0.9714640126284386
274.80438097939555,10,0.3383909223383753
253.5140465371906,2,0.7210513989274057
50.78723597850201,2,0.9309293713771437
588.6012639896508,7,0.9992894613897075
254.8518799402028,7,0.4807610414305095
351.835751658113,2,0.5779464802161145
52.27896938952979,2,0.9249077638744877
52.89446942158709,3,0.9998135343727436
256.0946133382618,2,0.9394252563409288
256.3667466857688,2,0.9189150013398664
256.45041335679304,12,0.7444108481501527
256.73488003827566,9,0.9998120971242703
256.9589800499476,2,0.9822379258639118
256.9832467178781,2,0.9873466180214191
257.25534673205,4,0.6038648323371859
257.8474800962236,12,0.9803388422508986
257.8708467641073,2,0.9658615497731099
257.88328009808816,4,0.951266461887881
258.40338012517674,1,0.7595530835839321
258.4738134621785,3,0.901150011118001
258.4985134634649,4,0.9362665342544146
258.6644801387757,10,0.5665828562542558
258.7944134788764,1,0.9911976021494702
258.82968014737986,7,0.8083525197584581
259.14954683070624,4,0.9893976821052228
56.718102954068016,12,0.8935086853331644
259.4103135109545,7,0.49140546187957973
259.894846869524,4,0.5161809599265585
260.1085135473191,4,0.8346884557788147
260.15611354979825,0,0.9948185087566643
57.17980297811489,1,0.997911317262345
260.1911135516212,4,0.905487334395466
260.27374688925835,7,0.7445783403259907
260.2979802238538,4,0.9802800684293798
260.47531356642327,7,0.547268640648353
260.5347469028521,0,0.9978753368800936
260.7586469145136,1,0.9916473538576168
260.8186135843035,0,0.9263611519440764
261.06694693057085,0,0.9883795710411944
261.1494802682028,7,0.9643273384548492
261.29168027560905,0,0.9949334836049055
261.33914694474794,4,0.9740906822514455
262.2395469916437,2,0.9769890580392888
262.5697470088417,1,0.7238120310043373
263.64814706500835,4,0.8857408409558188
263.69434706741464,2,0.9981228765600872
263.9441804137601,2,0.8372866169970952
263.955647081024,3,0.7831411223679263
264.1920470933365,2,0.7641290292145878
264.2400137625014,3,0.9989840124186522
61.06266984701422,1,0.9837544967681068
264.4415137729962,7,0.9954050379181996
264.7839804574997,0,0.9997742797768319
265.86088051358826,0,0.9664630748323816
265.8737805142601,4,0.9844007502814689
592.0429975022411,2,0.8936085901294114
592.3983975207515,2,0.8037529271894657
633.1093329744461,4,0.9674901600601593
266.2403138666837,2,0.953206088209421
266.83284723087814,2,0.8522450431351387
63.158069956149646,7,0.7725943946968349
266.856280565432,0,0.8044977147973943
562.2930626194318,3,0.9998789124933637
267.092447244399,11,0.9500817009618526
267.1161472456334,1,0.9664020864821912
384.4288866890056,11,0.9838125048185344
64.17630334251596,4,0.953722937976633
64.37740335298993,1,0.7818273305011577
64.99300338505243,0,0.9997840504973804
268.7257139961317,2,0.8407512084284862
268.92731400663166,10,0.7815527886715271
65.31273673503854,3,0.9999661196827276
65.30093673442396,0,0.9821472672994076
65.04043672085625,2,0.671967807479476
269.5434807053903,0,0.9937027877171436
532.586461072213,7,0.5192062328389224
66.25957011768612,2,0.8850337686240143
66.50823679730418,2,0.9493679759577937
270.2653474096542,4,0.9441902690151149
270.9998474479094,4,0.8914237071787419
16.382934186611198,2,0.9152278315470467
67.12390349603682,3,0.9998038848727351
67.30137017194654,2,0.5305404899355004
271.1296807880049,10,0.9980090405464334
271.3300474651074,2,0.9742866024620265
271.5553808101768,2,0.9850735534625342
68.93497025702989,7,0.9510477369621013
68.3903702286653,3,0.9146183239882523
271.8157141570692,7,0.703248879075774
272.05321416943895,7,0.5302786493907874
272.2065475107584,2,0.6809358370485136
272.7032808699633,2,0.9549987531384553
272.9408142156681,2,0.8872976371399652
272.9879475514564,7,0.9696924637046587
273.0472142212098,7,0.9863464458174765
273.16501422734524,1,0.7936490010594143
273.1886475619095,0,0.9388265046193964
273.20171422925665,1,0.6857731254552517
273.2963809008539,1,0.9031531131858035
273.3197475687376,0,0.9998055826017617
20.182901051192815,0,0.9701557894056696
273.4727809100414,0,0.8927185888044549
273.5558142476994,7,0.9971409902884858
274.4081476254251,2,0.8648063940826666
274.6803143062671,2,0.9870225922417821
274.7287143087879,10,0.6691562222373063
72.2733704309049,4,0.5230800336751859
172.9679423420808,6,0.3267164907608417
275.11871432910044,0,0.9934540105140561
275.43824767907614,12,0.7319382229136564
275.4982476822011,4,0.8349829160171746
275.61678102170805,0,0.9979831395459485
275.8285143660692,0,0.9997643413059314
276.5045477346126,0,0.9888159019545327
276.634347741373,7,0.9631702420588454
277.1197144333192,0,0.9925667103411046
74.70017055730075,2,0.9101572097588263
277.16678110243726,3,0.9998702863569718
277.19054777034177,10,0.5154307620307765
277.415781115406,2,0.8557048449139627
277.9837144783192,10,0.8149315225372503
75.64730393996395,7,0.9265653816348909
277.99574781227926,3,0.9999244976495348
278.0786144832619,7,0.9890881738430248
278.2919811610414,7,0.7421173601355392
25.486367994081736,11,0.5427240380551138
278.3151144955796,3,0.7955844692813588
278.3265811628435,7,0.885609371793991
279.01361453195983,4,0.9303169289204613
279.36941455049106,4,0.9258575991154883
26.80043472918938,7,0.9982861587293308
279.392914551715,2,0.8850356728467471
279.6647478992064,9,0.969919320322854
280.031781251656,0,0.9982883490789191
280.0676812535258,7,0.974823427157093
27.416034761251883,7,0.9966032661097028
78.66587076384765,7,0.9970034169082287
280.315914599788,7,0.9983851300880935
281.21518131329145,2,0.9955987467703603
281.35744798736783,2,0.991311754681882
281.4285146577359,3,0.9978977783657086
281.4399479916647,0,0.9920113791187711
281.47591466020464,5,0.9999892155949381
282.4589480447376,5,0.9999985110441969
29.428468199399465,5,0.9999734570544208
284.74338149705187,1,0.7353118762175983
284.7783814988748,11,0.9996204248932958
474.7524913933602,11,0.9997105860160604
81.93317093401954,4,0.9159112668974904
285.1452815179842,7,0.9439695442304261
285.1690481858887,2,0.9034671876136894
285.18131485319424,7,0.8731465275233475
285.3353815278852,7,0.8982553247802697
637.9061665576145,11,0.9980854971262445
286.1523482371022,11,0.9997728678889689
286.76698160244774,11,0.9995176225133566
286.78008160313,2,0.6164810470952631
83.87493770181989,4,0.9861153814108427
276.888247754597,4,0.9916235435172484
286.9921149475068,0,0.9553578046569834
287.6310149807828,0,0.9991856651141409
515.9848935408812,0,0.9990090075791593
556.2579289717686,12,0.9783984897955419
556.3996623124839,4,0.8015963393410938
610.4147317924355,11,0.3972339335956452
288.3780483530241,11,0.9993373513981934
288.41294835484183,9,0.8709782289349769
85.38997111406123,11,0.9887489776676267
85.57943779059595,2,0.9975618445933029
85.72167113133726,3,0.6403754242314105
288.791248374545,2,0.9696170020474895
289.08788172332794,10,0.523185085095065
289.2066150628453,10,0.6530111713803702
290.1893817806977,10,0.8288775448510196
290.283081785578,10,0.5580749775523466
87.54450455960985,10,0.9850597867376508
290.55571513311094,10,0.8713112487206972
290.81651514669426,0,0.992896827459991
290.9707151547255,2,0.7072025675551259
291.01694849046686,4,0.5199815672217347
88.56263794597096,0,0.9998101043768107
291.1115151620589,2,0.5884018096286855
291.3014485052845,2,0.9521223594368995
291.4194485114304,10,0.9963469358010084
291.6099818546873,10,0.9929636436668942
89.3202379854293,2,0.61343371146866
292.3912485620449,4,0.8351632270868489
292.82894858484184,2,0.8675106888247176
293.38448194710924,10,0.5825309208215321
293.4791152853714,10,0.7096464393264097
90.01880468847965,3,0.9341624826319832
90.89483806743972,2,0.9238282435995859
293.71631529772554,1,0.9269258893842715
293.8227486366023,1,0.6787403467056554
294.24994865885225,4,0.9047408066703775
91.8182047821984,7,0.7826108432917888
294.55708200818214,2,0.6009687353495858
294.67521534766826,0,0.9983420800559387
295.2442820439738,5,0.9999273095404506
295.70564873467,2,0.7277948868862617
92.0905047963807,3,0.9999606105218544
92.50467148461856,3,0.9989487067037516
295.8831487439148,2,0.5560441563559727
296.08338208767697,10,0.7185223277387001
296.4160154383349,1,0.8676267673495283
93.74790488270362,4,0.9395960179210703
93.99650489565154,9,0.40736659887467114
578.624130136675,8,0.96393176376936
297.68284883764915,8,0.9937313032322648
94.58830492647446,1,0.921041417119005
298.1209821938019,4,0.9730034632082346
298.1557488622794,9,0.8900082448415972
95.89037166095711,8,0.9819832077937065
298.40504887526373,8,0.9974768446188015
298.5576488832117,12,0.957192603260043
298.5824822178384,2,0.8890359835402194
298.6535822215415,8,0.9973288464354435
298.6877822233228,8,0.9964373813183733
298.8311822307915,12,0.9798957593482887
298.8899155671839,8,0.9098997118615862
299.01958224060405,8,0.999010394757633
299.3519822579165,8,0.9969941767898998
299.6005156041943,8,0.9830639762512529
97.2637383991533,8,0.9852146487703299
299.89588228624467,1,0.35893825051733247
300.13231563189225,8,0.9424511045033591
300.35758231029155,12,0.9955486538323474
300.45291564859014,8,0.991429243401343
300.52348231893217,1,0.8055992010414833
300.8674156701787,2,0.8918429861468481
301.35218236209363,8,0.9997524702158851
301.5526490392013,12,0.9871008394536919
301.7900823849009,11,0.5129916233026462
99.72590519405784,8,0.9982411431728614
99.89180520269844,8,0.9506823411700956
302.0739490663523,8,0.9945586737599325
302.09801573427245,12,0.9858055280658856
302.33434907991483,12,0.9401896731412597
302.6777157644652,12,0.9988133939801562
302.7495491015398,8,0.9155265362350408
303.17468245701554,8,0.99857508543833
303.73178248603114,8,0.9969246988392318
304.3596158520641,8,0.9930925049202142
304.42924918902423,11,0.9275187389994513
304.66638253470825,0,0.9997695775892228
304.7022158699079,8,0.9871958416967112
304.8438158772829,1,0.74771657437285
304.95014921615444,1,0.5631040809265839
305.09291589025685,7,0.4029202600590385
305.14058255940614,8,0.9951650627231271
305.9221159334444,4,0.7918432148530338
306.0288492723367,12,0.995924231313225
306.03974927290443,12,0.9475059775226817
103.79830540616202,1,0.7180387225361724
306.5967493019148,8,0.988690026684544
306.77401597781414,3,0.9987502036766617
306.93961598643915,8,0.6985833024463832
307.507849349368,8,0.6520021811717304
104.50853877648667,8,0.8744739226386957
307.82804936604504,12,0.987669989188652
307.9101827036562,8,0.942218021285831
308.14744938268046,1,0.403753226952582
308.2293493869461,4,0.5276277875257028
105.32547215236862,7,0.902526653824754
308.40704939620133,8,0.993743884129756
308.8097160838402,8,0.9958266119444551
308.8580160863558,12,0.9883237756762882
308.9408494240034,8,0.9995944014107356
309.4021827813645,2,0.9057790893428433
309.5443161221006,1,0.8922186965640025
310.1007828177499,1,0.6510427350611573
310.3482828306406,2,0.7466166955680237
310.43218283501034,1,0.9990904836363607
310.63261617878294,10,0.6403077151727402
310.8704495245034,8,0.9983063047332978
310.90478285962496,8,0.9939380318011787
310.97581619665795,8,0.9663938917492578
311.0592162010017,8,0.9864163839706925
311.1420162053142,8,0.9718130935235604
311.49768289050513,8,0.9907155345025002
311.5801162281319,8,0.9484138069493447
311.6274828972656,8,0.9896174500558033
311.6753162330902,12,0.7878965949022888
311.8407162417048,12,0.995406684423395
311.8880829108385,8,0.4893038536100421
312.01754958424823,12,0.9397988066973829
313.51018299532285,2,0.5314235086810305
313.5458163305121,2,0.9624168320364098
110.7236724335249,4,0.5677585297587645
313.8412496792326,7,0.9013291756634769
314.1019496928107,1,0.9576011048703313
314.2197163656111,8,0.8918938991319821
314.39798304156244,7,0.9819098965354947
111.9547724976447,4,0.9844025732975176
314.398249708243,8,0.9353825128910304
314.4924163798142,8,0.993466353702967
314.5039163804132,8,0.9956860604613232
314.5637497168628,8,0.9811392947033777
112.15580584144853,1,0.8220260655595273
314.68141638965795,12,0.893846607819443
315.01274974024824,8,0.9972388126831173
315.02484974087844,8,0.9429714941833017
315.0718497433264,12,0.9842379965946148
315.1784164155434,8,0.7297306499557427
315.49841643221004,4,0.9542283637233205
316.1614164667413,9,0.7978570864325382
316.4452164815225,2,0.9550620405945351
316.5280498191701,7,0.9447821160991826
114.41700595921937,1,0.6989035785857891
114.8194059801777,4,0.9625771985256559
317.0728498475451,4,0.7699687754328606
317.9249832252604,8,0.9997031778684625
318.23298324130207,8,0.9851660156249095
318.5883499264774,8,0.9535689402217006
319.0849832856771,12,0.5727131793602972
319.4640499720868,7,0.9712032640045988
14.84106743963897,8,0.9790091821108914
116.52430606897458,8,0.9923375741360111
319.55898331036457,12,0.672830833308518
319.9371833300625,12,0.964113411158874
117.5779061238496,1,0.9028345644095837
349.74505154922235,11,0.5541017153528475
321.51195007874827,7,0.5021657653231472
16.107767505612934,7,0.9993107542880162
16.1669341753612,12,0.9947938317576094
118.28817282750931,7,0.9870575322248776
118.47753950403884,8,0.9875841357287006
118.7615395188305,8,0.5710268781601171
321.8677500972795,8,0.4879536248457949
119.46007288854578,8,0.9996537681767751
273.7544809247133,8,0.9640526544908583
321.93871676764235,1,0.8805980932298806
322.19871678118403,2,0.9974276970188781
322.5310167984913,2,0.9784455846891962
120.52560627737564,2,0.9923876711277333
120.47827294157705,0,0.9691986592734564
322.5429167991111,2,0.7760370816530249
323.20505016693056,10,0.9454494700121597
19.17380099863552,2,0.5304710441764452
19.41060101096885,10,0.9955704173645687
323.59611685396527,3,0.9712567612594444
323.8804835354427,2,0.726510522689194
324.95781692488714,3,0.9991840648746929
324.96918359214584,4,0.9929598602448703
325.05185026311807,2,0.8447415384760292
325.1107169328507,10,0.8364831279141709
325.30028360939065,3,0.7691398329108811
325.3128169433768,4,0.8548927594954173
325.5971502915191,4,0.9734419709103788
325.78655030138367,4,0.9698094897473191
325.8446836377448,0,0.9861117141406659
325.93925030933684,1,0.9651366814725805
326.37828366553646,1,0.9833612937989872
22.074134483027898,1,0.9748769405802068
326.74548368466145,10,0.8628079371244194
326.7925836871146,7,0.9992812608782371
326.8869170253612,3,0.9838143321284902
327.313083714224,7,0.9805616491787056
23.340834549001865,10,0.793141979026621
327.51408372469274,7,0.6835777055671513
328.53171711102783,7,0.8174580635804738
126.46823992022117,12,0.9140813130392424
126.79977327082186,7,0.9938424202461839
126.8826399418045,7,0.9782840954839753
330.2248171992101,4,0.9602322638100438
25.77950134268243,7,0.9387310772088698
330.5446838825365,1,0.9825125343575049
330.8530505652639,2,0.9322607226015022
585.454963825781,11,0.6851718921025615
472.8900912963602,5,0.9999967555477037
332.03655062690456,1,0.9214265059958593
27.9222014542814,0,0.9997542229170998
332.7464839972136,1,0.9918906160452755
333.77698405088546,1,0.8470157993925762
28.30100147401057,5,0.9958105734157069
333.9778173946789,5,0.9999084541830773
606.7592316020449,7,0.9936434100687118
334.2851507440192,0,0.9974728029165932
334.2979507446858,0,0.9996108653132355
334.4044507502327,2,0.7887815452440496
334.4514840860157,4,0.9771799042152767
334.64068409586986,0,0.9975030609516212
334.8900174421893,7,0.8595066434681417
334.93665077795146,0,0.9590731993964778
335.1858507909306,0,0.9678439548929201
336.53495086119625,11,0.8462484094306538
336.5700508630244,5,0.9999887990836993
336.9020842136511,1,0.759269629961676
336.9841508845921,5,0.9999937151750055
337.7426509240973,7,0.9636183004779775
337.78985092655563,0,0.9986433522752924
338.16881761296014,7,0.9880650245072486
338.3586842895157,2,0.9938901450254433
33.98323510329359,1,0.9939447331204078
338.38198429072924,1,0.8077300083425631
338.4285509598213,4,0.5265282100206653
338.4530176277622,1,0.6032177482584439
338.5586842999324,0,0.9754947560886915
338.64248430429694,1,0.9939674452725873
338.77271764441326,4,0.48245677581667223
339.12791766291326,4,0.9770576395718011
339.1862509992848,1,0.9610158619181982
339.37665100920145,1,0.6640363348582855
339.8973843696563,4,0.9232576571836618
340.3118177245747,0,0.9992976074887833
340.9622510917848,2,0.932639105145894
341.36445111273275,2,0.6935047054527844
341.7797511343629,2,0.9788564216017402
36.23253522044464,2,0.9901038390851886
36.69426857782658,2,0.8731051524819666
341.8976178071685,2,0.8578395052309465
341.98025114480566,2,0.8223078310543682
342.56075117504,2,0.9274143561200109
342.6198511781181,10,0.9909658345215269
342.73855118430043,1,0.9760179103659776
577.9654634357028,10,0.7368682225651114
343.42401788666854,4,0.8873916045185005
343.5789178947362,2,0.8706878083737843
532.9659277586435,4,0.9851870284785019
344.940584632323,7,0.9950095385086104
39.84313540849674,7,0.9975033406846485
345.2009846458855,7,0.9991396253516004
345.7808180094185,7,0.9926487225952704
346.2656513680036,7,0.9995260357726632
346.2899513692692,7,0.9836494393089016
346.3717847068648,2,0.7489057607827548
346.4430180439081,4,0.9066299653427673
346.83395139760256,7,0.894546536025068
346.9524847371095,1,0.8745695518470281
347.7102181099081,12,0.7901711570913991
347.9816847907137,7,0.9664545562438265
347.99385145801403,1,0.9873918214731625
348.2075514691442,1,0.998698920974897
348.24328480433866,1,0.5778474402992839
348.43161814748106,7,0.7610172782876296
348.5506848203491,1,0.9969559544905958
349.06015151355047,2,0.6385140050329522
349.37991819687164,2,0.7345966414600188
349.43768486654704,3,0.9979034446576645
349.9356848924845,2,0.6758632370277217
349.9471182264133,3,0.6540432448971009
350.06621823261645,1,0.9922527488167284
350.8584182738769,7,0.6226707528560437
45.406969031613095,2,0.8675276379200573
350.9064182763769,5,0.9999863000812999
350.9886516139932,2,0.7848126057209905
351.1909849578647,3,0.9719325076529441
351.2025516251338,11,0.8195872316393128
351.439284970797,1,0.922812546535622
351.71061831826233,1,0.780916960776612
351.7354849862241,1,0.9739250324052675
351.7945849893022,5,0.999997769222206
351.84128499173454,11,0.9673853305069615
351.93668499670326,4,0.855368907562194
352.0184183342936,7,0.5307430796008652
352.0777516707172,7,0.6106278498716111
352.1261183399029,2,0.9998278580666766
352.219718344778,7,0.9486004747138433
48.23633584564262,2,0.7414498385616924
352.7050517033891,1,0.7224653219978713
352.7887517077484,1,0.9827986819655604
353.1089183910904,2,0.8128029737290791
353.33361840279355,4,0.929096339180348
353.57055174846715,1,0.8042844177638033
354.04371843977793,1,0.8834064707822376
354.07895177494635,1,0.8079805523153792
354.1622184459498,5,0.999997597376266
354.22108511568246,12,0.8085583273820932
355.4641518470922,7,0.9406397028617115
0.9567333831631996,5,0.9991884073627932
51.550969351613126,5,0.9999973404803322
356.0681518785505,1,0.9363707052418345
356.07988521249496,1,0.9940530748380506
356.10391854708,2,0.9991559950486006
356.6709519099464,2,0.5730342974220732
52.84146941882667,4,0.9939584489552483
356.8615519198734,7,0.8150394759875265
357.3102186099082,1,0.99292876579541
357.35761861237694,1,0.6809870064438388
357.4284852827346,4,0.9685085987920413
53.64643612741869,2,0.9993451094368162
357.53581862165817,4,0.6494256199382578
357.5597186229029,12,0.6947320063790212
357.6897186296738,0,0.9997971830703357
358.1157186518613,7,0.9331209909704916
358.32871866295505,1,0.9731209520817875
358.5652186752728,7,0.9535211381517287
358.6359186789551,2,0.809316988374198
359.1578520394724,4,0.9934358523619775
359.22828537647416,2,0.9515042413169835
359.58435206168593,4,0.9924681451363191
359.6075520628943,7,0.9891980243435432
359.80908540672414,3,0.9220763807629889
359.9271520795401,4,0.5265173886444589
360.7679187899967,6,0.658438569093668
56.0376029186253,1,0.95664222774452
360.838618793679,1,0.9769054400031284
361.1105854745106,7,0.5810784775664704
361.9509188516113,7,0.5232883881375818
362.5189188811947,1,0.7859897908790323
362.7561522268839,7,0.9981407173316196
581.4802969521004,2,0.9405128666969123
363.30035225522766,2,0.9493335716943666
363.5025522657589,3,0.9091385756253354
363.70311894287175,2,0.6965268079959847
363.7628522793162,2,0.5626456925302121
363.833785616344,4,0.8994937856984601
363.8572189508978,2,0.8291447765542687
364.0585856280523,7,0.9912686547987755
364.0702522953266,4,0.9911550346502269
364.116985631094,2,0.974990472882132
364.23675230399846,7,0.951733838277202
364.260052305212,7,0.5599432961970084
364.6623856595002,4,0.9765207776946793
364.6855189940384,7,0.999540738843879
364.6858523273891,3,0.9992486903275732
364.8984856717971,4,0.9960018203337985
365.6090190421374,4,0.710564736495452
365.7034857137242,7,0.9966152402913296
365.7395523822693,3,0.9997177216585815
365.7627190501426,2,0.9054297312214109
365.9762523945975,2,0.7467449951719737
366.1188190686895,7,0.9708793321129472
62.03953656455936,4,0.9906159329538576
366.70958576612526,2,0.9467787104990546
367.2079191254134,1,0.8817509790907817
367.3024524636704,4,0.6235294844638685
367.5505191432572,4,0.7915350781397084
63.365536633621865,2,0.7328823678362488
367.9062191617832,1,0.9659472380780172
368.1076525056079,2,0.8484131979526198
555.6651956075638,4,0.5318598273042037
369.8714192641374,3,0.6499517105728466
369.9297192671739,4,0.7817432757454146
562.4766292956592,4,0.9896651998330438
562.7473959764284,2,0.6422847821020358
370.1547526122277,8,0.7014097593097471
370.3213859542398,9,0.6817907496566301
370.3687192900384,9,0.6645167393620022
370.4153859591357,11,0.9993546228153358
370.747719309778,9,0.9999368487763277
370.9480526535454,11,0.9955137827636227
370.96061932086656,9,0.8331180641723398
370.9841859887607,11,0.9976694193143643
370.9956859893596,1,0.814912991451109
371.2910193380749,4,0.828921906969406
372.6412194083978,4,0.9554877009983761
466.9820576553168,4,0.9498728843279067
522.7007272239975,1,0.9638690762932431
373.4695861182086,1,0.9252784124074129
373.5520861225055,1,0.954792552875732
373.9670194774499,1,0.6099904825385736
614.2416319917533,4,0.7938987971721717
375.0443195335593,4,0.7689743982055347
19.159167664540032,4,0.821871273163873
19.1827676657692,1,0.4992183178358066
375.83715290818606,0,0.9790286448952243
533.5876611243588,4,0.9839822514161796
376.310386266167,2,0.7394568799662322
376.5834862803909,1,0.5601128660397378
376.9024196303354,4,0.9502740414776468
472.63865794993137,1,0.6948755494817754
377.48238632720864,2,0.9813111830111513
377.7672863420472,5,0.9999359917919762
377.7783196759552,1,0.9542991398312528
377.8137196777989,8,0.9984098090970686
523.4580605967753,1,0.964258502383036
378.0629863574482,4,0.8887786358919121
22.142367819915048,11,0.9675893999787686
378.09891969265306,11,0.9674788745881056
378.9986530728475,1,0.8107998336465765
625.7568659248384,3,0.9889129205119995
379.1639530814569,1,0.9771623038151289
379.6130197715125,4,0.38604543082391785
379.75508644557846,11,0.9965819693838165
380.3829198116114,9,0.5120234185705115
380.8086531671184,11,0.9657697232334862
380.891519838101,1,0.6415429339644103
595.4960310154198,1,0.9880360732247662
534.5829945095323,4,0.562887523031255
381.1287531837903,1,0.9367496672858483
381.307219859752,11,0.5140102136161641
381.3300531942746,1,0.5440366546436952
381.365753196134,1,0.6739521567812929
381.53108653807845,4,0.9155412605159684
382.5844865929431,5,0.9999496431757801
26.463268044961943,5,0.9999978622722493
26.4751013789116,2,0.6436365404700622
382.6686199306583,5,0.9995324421323148
382.70358659914615,11,0.9976086131401782
382.7158199331166,11,0.9987770071270877
27.126134746152925,5,0.9999952356286693
27.493168098602577,11,0.999617203491206
382.7272199337104,9,0.9581859010537382
382.7630866022451,11,0.8367857385425921
383.0109532818215,1,0.8018042785617296
383.0232866157972,9,0.7973830493096727
383.29478662993785,11,0.6444939337902846
383.4252533033997,1,0.8687516647784613
383.614519979924,6,0.9341791348414842
384.0761533373007,9,0.9989833222115285
384.1470866743285,0,0.9986179574506159
384.158853341608,1,0.9933734112534565
384.18288667619305,5,0.9965779796422715
384.2421866792816,11,0.9987743633662427
384.25462001326247,11,0.9992732423789784
30.843368273092175,9,0.9581366601994273
385.26035339897777,11,0.997300168797157
386.1008867760889,11,0.9250837483080029
386.6107534693111,11,0.9699791887048526
386.7041868075108,5,0.9999904464499467
387.7346535278476,2,0.9994968826867419
418.4124551256498,11,0.8702206971905395
388.161120216726,7,0.7091778353918041
388.8113535839257,5,0.9994065413202347
388.82362025123126,11,0.9995583973919058
389.5574536227851,11,0.9972271489522151
389.67678696233367,11,0.9592246324620824
389.9479536431237,1,0.8886974743460091
390.2444869919014,2,0.9708366369978849
390.2554869924744,2,0.9846384273353218
390.44612033573645,6,0.676288861034409
390.9658203628042,10,0.8629473070681214
392.6590204509917,11,0.9987897747682374
392.7664871232556,7,0.7930903345289605
393.0255871367504,1,0.8483576187810158
393.1331204756844,4,0.9485417358970538
393.215487146641,4,0.9697336393345828
393.87892051452815,11,0.9280970011860173
394.05598719041706,5,0.9995460035701546
394.22178719905247,5,0.9999638379494158
394.7309205589032,7,0.736930327216729
384.5671200295385,11,0.798831087721094
394.8026538959726,1,0.7056701160130067
313.7952496768368,11,0.9339109659245532
394.83782056447086,5,0.9999945494997357
394.8843205668928,1,0.8026371764569151
395.6787206082677,4,0.9241364133003347
395.7010872760994,5,0.9999904070402275
396.945087340891,5,0.9999929480155564
598.3709311651543,5,0.9999967314961947
629.7677661337395,4,0.9245514276189573
398.5785874259692,3,0.9945496195382632
399.7621541542799,4,0.8515949651713685
399.7980208228146,7,0.717324391980371
400.0936208382105,6,0.6139077014415623
400.7923875412712,6,0.8004763692470516
400.8507208776428,11,0.42782722247743604
609.6989650884893,7,0.7639842293967105
401.02858755357335,11,0.9972285871660675
401.4313209078824,1,0.4307480502993019
403.0058876565577,4,0.7072272943498576
403.2192543343372,12,0.9550462388969685
403.9403877052296,1,0.8592836598840513
403.9890210410959,0,0.9661900833425905
447.5035899741465,1,0.7066031282998531
404.02388770957856,2,0.7181371226918337
404.3902543953269,4,0.6799039747128409
404.77005441510806,8,0.9744382318637924
404.9472877576723,2,0.6618634946245111
404.9596544249831,6,0.9976922540978451
405.0890544317227,4,0.7331795441034075
405.2662544409519,6,0.7213490279259129
405.3019877761463,4,0.5605222449049311
310.7776828530052,4,0.9928062221746712
405.527954454582,0,0.9995319586850457
405.5397544551966,4,0.4817110889011781
405.57495445703,4,0.5233399313051796
405.7517544662383,11,0.9481459886519686
406.13038781929214,1,0.8172899626458078
406.1430544866185,2,0.8493109181886805
0.0374333352829863,4,0.9363177875327756
406.5092878390265,11,0.9985142000752526
407.1370212050543,11,0.9498314230205842
3.141233496939253,3,0.9913951034846031
3.513766849675366,2,0.9720589956954943
5.57396695697746,4,0.8126083854129388
4.28176688967537,2,0.7920794367972016
7.364467050232679,9,0.7369483040368605
7.477667056128513,2,0.8986603025151353
6.568000342083368,3,0.7987290676064415
280.94311463245464,10,0.5135187362252176
408.3099879328129,2,0.5348368387866065
408.36868793587024,4,0.6535147065834489
408.8889879629692,5,0.9998320682591245
237.68734571288323,7,0.999669187026177
409.04318797100046,4,0.8498539739486439
409.0902546401185,2,0.9123007344950901
409.3397546531133,2,0.968146621252695
410.227621366023,3,0.9979776817126084
410.39328804131816,2,0.6123188247005763
411.2089880838026,10,0.8916541770995818
411.2213880844484,4,0.5570564377475221
411.2457880857192,2,0.7075608126012364
411.2573547529883,10,0.6382181996145626
411.2684214202314,10,0.7681573157003193
411.6943547757488,7,0.9671164344186928
411.7074881097661,10,0.9871014721692606
411.9677547899883,10,0.9998857786152475
412.7017548282175,10,0.8176703118399948
413.0799881812505,4,0.9956332398467013
413.2450548565144,4,0.8484046473994986
413.375888196662,3,0.998833425152689
413.8963548904362,2,0.8359366252200674
510.9266266107632,4,0.8222660830530735
414.0625882324276,10,0.5827084988193777
414.2158215737418,10,0.6430316074219156
414.2282215743877,4,0.9736608637945044
414.2515549089362,4,0.9895220856859902
414.5011882552713,4,0.9296512800980611
414.5951882601672,2,0.6564436538308817
414.9271549441237,1,0.8246812807482395
415.1280882879224,3,0.9986045122948288
415.16398828979214,10,0.9958759669440781
415.1640549564623,4,0.9767259601287683
415.1987882916047,4,0.5689461970881399
415.637188314438,3,0.8813699798372521
415.9807549989988,5,0.999995608397435
416.039888335412,1,0.9428785873789758
416.84422171063767,4,0.7249887272962625
358.898952025988,10,0.5262070202533928
417.2357883976984,4,0.6604368951806591
417.4133217402783,4,0.6370607832907875
417.4713550766342,3,0.9999574344734967
417.5075550785196,4,0.9899845644546553
417.590788416188,1,0.6132834835018328
417.6144550840873,1,0.4992903422019986
417.64965508592064,2,0.9820188093972829
417.6849884210943,10,0.6498269753582651
417.768388425438,2,0.8130959273944879
418.0047884377505,1,0.9543015172030884
418.02812177229913,2,0.6476804571866588
418.0403884396047,3,0.9998234619462083
418.1581884457401,2,0.7932849955026618
418.265655118004,7,0.9721306865749454
419.15312183089287,4,0.9740274453134156
419.2005218333616,4,0.534131113795128
419.24772183582,2,0.9759828750060413
419.28338850434426,4,0.9866183174351971
419.3075885056047,4,0.600041066985135
420.0172218758981,3,0.7499571474021386
420.4781885665735,4,0.9067733114434496
420.62128857402655,2,0.7860895210410808
420.6447219085804,2,0.6321542751987277
420.9169219227575,4,0.7787249297857637
421.283421941846,7,0.9953634200221314
421.3663552794988,0,0.9922026154797868
421.4965886196151,2,0.9176503363145878
421.521021954221,2,0.9785991463509303
421.7459886326047,1,0.7238723197195616
422.2552219924606,2,0.8661654805544745
422.43252200169496,2,0.9310697039707418
422.5499886744797,10,0.8891504622021418
422.9886553639936,3,0.9989491766564037
423.3081220472992,2,0.8306990166608168
423.592222062096,10,0.9980966795609518
423.6752220664189,4,0.8712478982729406
424.0540887528183,2,0.8066761817921331
424.338622100971,4,0.8888873973142153
424.5634887793495,7,0.9920810629911363
18.95500098723969,2,0.8055149870127712
425.2017221459242,2,0.8231905153727118
563.3304960067982,3,0.9964079978912725
614.0060319794825,0,0.9987654355965603
19.54690101806781,7,0.9634826790370071
426.894588900761,4,0.977493163691156
595.6666310243053,7,0.8954915688095146
427.1906555828478,9,0.6192078162523035
427.8423556167905,11,0.999620647887417
427.9835222908096,11,0.9989205020812906
584.9447304658729,11,0.969392429825364
21.16873443587164,4,0.9699987713234212
428.1496222994607,4,0.9921498807844468
428.2797889729068,5,0.9999948255152458
429.0026890105578,4,0.8844143585221278
429.1438223512419,4,0.9739518627709328
430.1617890709277,3,0.9973742607477747
430.83665577274365,1,0.8676613376211785
315.5374831009114,4,0.30984432289907315
320.8037833751979,4,0.991959885248472
431.1443891221048,7,0.5743676223183839
431.3697224671742,5,0.999852608986065
431.3819558011447,4,0.9893739326214623
431.512655807952,10,0.9143621586638311
431.5239891418756,2,0.6324475851987647
25.53700133005222,4,0.9905091864347622
431.5349558091135,10,0.5908716984678889
431.63068914743286,10,0.856170949640031
407.457054555056,2,0.9074136516439458
431.6542224819919,10,0.5515211423000981
26.081568025081737,4,0.5648894441473556
26.981234738606048,7,0.9347481225879735
432.74302253870025,3,0.9999751823089161
432.7667558732697,10,0.9967218697702935
432.8015892084173,4,0.7600618965957199
434.4470892941204,1,0.9653179010426306
524.975127342456,4,0.9422131941048862
565.365562779458,1,0.8375121104041435
435.2881560045926,4,0.8627978798862688
435.5128893496308,2,0.6837190993131055
436.23568938727664,2,0.7930603777413433
436.3296227255024,2,0.979287414149275
436.3424893928391,7,0.9448564557110094
436.4248893971308,4,0.9208677005486924
436.5666894045162,7,0.9925717235372877
437.0996560989416,4,0.9962005282689984
437.5021561199051,1,0.6477881957209635
437.7030227970336,7,0.9618605824330878
437.88108947297457,2,0.7498242380536517
438.82782285561694,7,0.9662180604366358
438.946422861794,1,0.9255972507706672
439.3129895475527,7,0.8558539632674909
439.6808895667141,0,0.9994892893036419
439.7280562358374,7,0.7954454291131919
440.3081229327159,7,0.9499394833602702
440.4377896061361,7,0.9949323128157047
440.7810562906812,2,0.892247204810707
440.8287229598305,2,0.8774846596438726
440.99415630178015,7,0.9771915827063696
441.0409896375528,4,0.9757613705097585
441.05412297157005,2,0.7287309236502424
441.08928964006833,4,0.7860609928214375
441.5382563301187,0,0.9997721123297121
556.6205289906541,7,0.9993896472222872
442.5804230510649,7,0.9974073734277362
442.8287230639972,2,0.6682938967745269
614.7784653530467,4,0.70374386321288
638.3861665826146,1,0.9736168256567901
638.4337665850937,4,0.657581266144023
443.4324897621101,2,0.7476928066122115
36.59376857259221,2,0.993596051458539
443.9774897904954,1,0.9706361704126268
444.0951564632906,4,0.7760219180226616
37.5171352873509,7,0.9973918358628465
444.3443231429347,1,0.9806933313141475
444.4748898164017,2,0.9877558028307517
444.59255648919685,4,0.9619328494607546
445.3737231965493,1,0.9308970133551657
38.57080200889604,1,0.787547696926636
445.5988898749434,3,0.8268308664864742
445.7651232169347,7,0.9412750569258771
445.7655898836256,2,0.6855631700947791
173.99594239562245,1,0.8261634982874687
445.7761565508427,0,0.6425996961541028
445.7879898847924,7,0.9199384344930661
446.0020565626083,1,0.9820655104676164
446.0365898977402,1,0.9378405992258922
415.96742166497097,5,0.9999779508291439
446.0846565669104,1,0.7615859090168651
446.2975232446639,1,0.9737031388505085
446.345623247169,1,0.9507818735392912
446.368156581676,5,0.9999978529909468
447.0311899495424,11,0.6063983705600582
447.13755662174896,5,0.9999872820334446
447.2449232940076,4,0.9777414538435573
447.3392232989191,1,0.7471828566876294
447.4583233051222,4,0.7849917436161787
448.04985666926456,1,0.6574545708035048
448.6891900358965,2,0.990760303283998
449.0200900531309,1,0.9816608238704655
449.0677567222802,2,0.66151999292163
472.96505796693134,8,0.9377273802281516
560.4510625234943,2,0.8449108009887841
450.13329011111006,1,0.562606777573774
450.2642234512628,10,0.7215851861812899
450.4057901253028,2,0.8842192055085706
450.6893234734035,1,0.996712718964356
451.2928901715059,7,0.7454797856898255
451.51832351658055,6,0.9808376807697129
451.7663901961674,1,0.4931599559988506
451.8974235363253,5,0.9999967216233068
548.4191618968329,5,0.9999980642848788
304.6506825338905,1,0.8257504236132206
452.2875902233132,4,0.4212507409424514
452.3938568955146,0,0.9832009211371433
452.6788902436934,4,0.9047490189875337
452.7023235782472,3,0.9504529532853337
453.3532236121482,1,0.9572368017836691
453.62525695965,10,0.9059099065766835
453.74409029917257,4,0.9852570881358104
453.9567236435806,1,0.9374781141943345
460.8279240014556,3,0.998662790524365
454.4069570003636,10,0.922435928068289
633.2048996460902,11,0.7109915725349186
376.9721196339656,9,0.5072723309216008
49.48553591070512,2,0.535123402746694
456.0873904212195,2,0.8481246039436192
456.998657135348,1,0.9545526021018265
457.0464571378376,1,0.5111965122244412
457.62649050138094,1,0.9433271885696726
457.9347238507681,6,0.9252093829477521
457.99335718715525,7,0.9970134673501339
590.6246974283712,4,0.9946945249054459
458.0766571914938,11,0.8366815064247091
458.30152386987226,11,0.999049685237103
458.4432905439226,4,0.8880167889293618
458.6917572235303,1,0.3708407952627228
458.7990905624538,2,0.9968661796384923
458.9530905704746,1,0.6866599623771865
459.1425239136743,4,0.9264266857849008
459.2132572506917,7,0.9525564687219165
459.4854239315337,7,0.9721444925697714
459.49685726546255,7,0.9691310064973937
459.5213239334035,4,0.8802236026604452
459.5800572697959,2,0.9943036572392249
459.84079061670906,4,0.983009640567518
460.1595572999782,4,0.9683409913614209
460.18325730121256,2,0.9870228736236734
460.3848906450476,4,0.9913614499781652
460.9763906758549,2,0.9299826909579415
461.2961573591761,10,0.6947814846861313
461.8058240523879,7,0.9464538845948429
461.9121573912594,1,0.8944215595229607
462.21999074062575,4,0.9730897717846475
462.3740240819816,7,0.9010395137912343
462.4089907504695,4,0.9780244815611462
462.55069075784974,7,0.9989985330945703
462.633857428848,2,0.9749423329708958
462.65829076345386,3,0.8015604209418882
462.7407574344157,4,0.8433919744706777
462.76489076900594,1,0.7711893347378131
463.0720574516709,2,0.9756201374572165
463.3806574677438,2,0.8371096058329894
463.87782416030456,7,0.8956914944162878
463.88939082757366,2,0.8208260286918931
463.9597574979053,7,0.8714679995299991
463.9844574991917,1,0.8041619808039595
464.0673241701744,7,0.9855270189964018
464.1260575065667,7,0.8010763398440349
464.3149908497404,4,0.8704807328664037
464.5288241942108,7,0.8915258467189237
464.8483908775216,7,0.9646380877577018
464.9305575484678,2,0.9376453450065754
465.3096242348775,2,0.5806438670678317
465.3334242361171,4,0.7039286759842902
465.5344575799209,11,0.9991444520319737
465.6181242509452,11,0.9989712746873831
465.8307575953532,11,0.694702505273571
60.435669814357965,2,0.7849519716784916
60.70793649520519,2,0.91908954933452
466.50492429713273,10,0.8360770457003793
466.68249097304766,10,0.7691409673585887
466.76519097735496,7,0.9927641586013146
467.0266576576397,1,0.519820540618077
467.2623243365807,2,0.8553054023157796
467.2860576711501,2,0.6582727210759943
467.3925243433619,2,0.5239832655964545
467.41655767794697,11,0.999277193021474
468.0793577124678,3,0.9998573451780869
468.0923243798098,7,0.9861891945254132
468.3048243908775,3,0.9992724488975471
468.5650244044296,3,0.9980068145977636
468.6478577420772,0,0.8178534560522882
469.2753577747594,1,0.989596345172473
469.28759110872994,0,0.9997863175880527
470.1867244888932,11,0.9989861474340048
470.8618911907248,11,0.9992856398285762
561.7448292575447,2,0.9975771257405274
471.2410245438046,3,0.9999668784042018
64.98170338446388,3,0.991411608690967
471.2990912134956,0,0.9931742522952258
471.5359578924991,2,0.955828265292169
471.54789122645394,1,0.9641981629729823
472.0336245850859,0,0.9959684090172888
65.83390342884931,10,0.8617415040242726
65.57337008194654,5,0.99999543504224
65.11177005790486,5,0.9999936649296481
65.53790341343264,0,0.9990973161743603
472.05702458630464,2,0.96378008186627
66.93493681952813,2,0.9670372664151
472.10519125548,5,0.9999655754244436
472.1524912579435,5,0.9999647527290142
472.1993912603862,11,0.9765630373460611
473.0397246374869,1,0.7134085430425584
67.98833687439273,0,0.9954972873619949
67.23090350160973,0,0.9978731932105536
67.59763685404377,4,0.856563931988739
67.7753035299639,5,0.9999865405775796
67.9529035392139,0,0.9791080435489755
68.16600355031287,5,0.9999735750086243
68.37910356141182,4,0.9862102523316576
474.2112913651727,0,0.8803420796695127
474.4252580429834,1,0.9823862044166712
475.0399914083342,0,0.9979885022630937
69.1604369354396,4,0.8822340892245913
69.08917026506114,4,0.7550446936507937
69.5035369533094,1,0.9483480835050521
69.05393692989273,2,0.8484132730161901
19.319134339538294,2,0.9225138544112387
19.792667697534828,2,0.8931587033232815
69.06583693051252,1,0.9875396735811287
414.859121607247,3,0.9942026904771137
476.4140248132317,3,0.9999963814813625
477.97609156125606,0,0.997452334524464
71.8357037414431,2,0.9716130370037542
478.1661249044869,2,0.9309379693885168
478.4501582526137,10,0.9495155135840437
478.7937249371744,10,0.6300607226619239
21.98270114493241,7,0.8111940816042096
478.9347916111884,5,0.9998630054810171
479.3022249636588,1,0.8858393187017295
383.7404866531514,3,0.9987117186701775
479.4201916364696,7,0.9798910354755795
479.7051583179783,0,0.9940336503777806
479.9893249994453,11,0.999868611897116
480.0599916697925,11,0.9998733237128496
480.1660250086484,11,0.9999604005117356
480.2380916790685,2,0.9778650565080407
480.4974583592439,10,0.7653421858460095
480.5102250265755,3,0.9998038755276201
480.53362502779424,4,0.9506396271416553
480.5934250309088,4,0.6440861743956096
480.7815250407057,2,0.8254029159277323
480.8409917104696,2,0.8822115028496672
481.2080917295894,2,0.6494223998471872
481.2671250659974,2,0.6335738648940435
482.2021584480304,2,0.7704959736842869
473.3193579853845,10,0.7675484618316905
482.2973917863238,3,0.9999070979790983
482.3334251215338,10,0.896841545457849
417.7794550926811,3,0.8059884937011399
482.6648918054644,2,0.7238606582618369
482.79442514554427,2,0.9498670306026925
26.55216804959216,10,0.6756829951210799
447.7751566549573,10,0.8165741798001238
483.0780584936502,2,0.7138042890294382
483.5639585189575,3,0.9999154301764969
484.286625223263,4,0.7609006875735919
484.4752918997561,11,0.9997490361646405
484.90195858864496,9,0.9596900850329427
485.2451252731849,11,0.5327295289485529
485.4578919509332,11,0.8560400355783376
485.7071252972474,1,0.4380135746839382
485.8363253039766,10,0.9999878083276277
79.34123746568966,10,0.7232738805786986
486.5945920101363,1,0.8806024290366096
486.9500920286519,12,0.5148386080580177
80.27623751438759,1,0.8992895071032698
487.0564920341936,4,0.5879157777334153
487.5296587255044,4,0.8256484077002356
474.3136247038359,1,0.5475410122505254
474.8943247340807,11,0.49130586864219733
81.61413758406988,2,0.7986716263619043
487.6130587298481,2,0.9974324251777161
488.2990254322422,2,0.6587951108577144
488.7368587883794,4,0.8774973526379478
488.8085587921137,1,0.9130238264722879
82.09937094267579,7,0.9439182881161654
82.5847043012869,1,0.9521850415063748
82.89260431732336,11,0.7659893412812677
488.8087921254592,0,0.8198243911952114
489.4237254908204,2,0.7448444592669673
83.53187101728517,5,0.9999801080486503
489.4586921593082,10,0.9549060961114721
490.0863921920009,9,0.7583930990041011
627.8348326997325,10,0.886814681605882
84.15930438329733,10,0.5560714635216026
491.6016589375877,4,0.7152651508144566
491.7684922796103,4,0.9600554998621863
492.3122256412631,1,0.5384252583089238
492.6077589899888,1,0.985901085711538
492.667892326454,4,0.8275502786229822
561.9519626016662,5,0.999998235574744
562.8166293133676,1,0.63188415316175
86.96493786275741,2,0.9498707062349536
493.6145257090912,2,0.5847725247444574
493.8988257238985,7,0.9958511468351133
494.12329240225614,1,0.9683902400455178
494.3481924139697,2,0.9473545830657151
494.407859083744,2,0.9505105976190472
494.4434924189332,2,0.5829978753863062
494.4550257528672,3,0.9175543759264864
88.21957126143624,11,0.9264097129290745
88.37373793613241,1,0.9901780996697142
494.5729257590079,12,0.7078986656729449
494.8337257725912,4,0.5725509191044694
495.4018591355148,10,0.9997402334684607
495.5201258083412,7,0.7978237557275024
495.7331591527701,1,0.9902709911823901
496.1593258416329,2,0.8633500039268819
496.25425917991066,1,0.4026078940310763
496.9999592187492,5,0.9999921221478384
90.9187714020196,5,0.9999995190669628
90.95413807052827,1,0.7179042511191106
497.16665922743147,8,0.5006902821019492
497.2961592341763,7,0.9998279779663275
497.3204592354419,4,0.8318981117376932
91.5462381013668,6,0.9179531170559394
91.81840478220884,0,0.891545311654402
497.6744925872145,1,0.5024407408359712
92.42233814699702,0,0.9771654767703957
499.0833926605947,0,0.9813910392384282
499.37982600936726,4,0.6023518864001496
499.7114926933082,2,0.9034245246386229
517.1791602697493,1,0.5637365603008331
93.28660485867758,1,0.9891457206658717
500.05435937783255,0,0.9686178773529297
500.3744593945044,1,0.6164921520208547
273.1367142258713,11,0.9999782385286012
500.4208260635861,3,0.9999762673783503
94.13883823639809,2,0.7177143836461325
500.4577260655079,5,0.999982197609696
500.7296927463395,2,0.8623873725409167
501.7001261302162,3,0.9999021988067944
502.0912594839211,10,0.9515436123922444
502.1019928178135,3,0.8281448505124303
502.9075928597718,11,0.9694293237454581
548.8510285859925,11,0.9982536502122275
503.17932620725793,10,0.9983406903521165
503.4987928905635,10,0.8734172437720684
360.6308854495263,10,0.9691743966529824
503.8786595770149,1,0.9492799172497348
504.35152626831,0,0.9354213400546341
504.3759596029159,4,0.9834673294807952
504.3987262707684,3,0.9999709864698225
504.5174262769506,2,0.5554493579920606
504.95552629976834,7,0.9579041410958508
505.5357929966572,7,0.9802037135409174
569.7152630060048,0,0.9991356265080471
506.42375970957215,0,0.993923668675394
506.6950930570375,3,0.9999586711478538
507.06209307615205,0,0.99934303338356
507.85632645085167,4,0.5504858023546467
507.9502597890774,0,0.7689811014976067
507.9627264563933,7,0.9848461794895849
539.110661412015,9,0.9992473311128104
508.1755931341468,2,0.9861502849813601
101.17043860262729,3,0.9999440532912786
473.9488580181709,2,0.6534827934434778
508.5300931526104,7,0.9875141059720004
533.4770944519335,1,0.9943895051737783
509.4189265322371,7,0.887331356376619
102.3660719982332,7,0.9982996421435598
509.7379265488517,11,0.9969064972056019
510.2714265766381,11,0.9998518339523639
103.2540720444832,11,0.9989883888598317
510.37745991549406,7,0.9997003494587594
510.4005932500323,0,0.8757550489350772
510.7565266019038,9,0.9047223524544025
510.95792661239335,4,0.9897800275723581
104.6863387857471,1,0.8608663879786469
104.78120545735472,11,0.9425273496948601
104.98257213450924,11,0.7429087199306461
510.9697932796781,0,0.724811620929675
511.6669599826556,9,0.9898746315132992
511.9401599968847,4,0.9848713340051556
532.9235277564352,6,0.9992692396086278
611.821331865696,1,0.9949328517013233
563.770562696385,11,0.9996008459818254
108.11947229788947,1,0.7904143846298731
592.4738975246837,6,0.5604882917404624
277.93141447559526,9,0.9351315431154571
562.295562619562,6,0.8808477252532367
562.9449959867201,11,0.7201175708497816
552.4472954399648,5,0.9999890211272771
116.96267275847283,5,0.9998527552130301
116.45373939863256,1,0.6074178133634658
116.54820607021938,12,0.47619637992135005
116.83250608502668,1,0.5149628246300559
364.9527856746252,11,0.9948952835953758
117.6610394615128,2,0.9992910529165863
117.02190609489124,1,0.7292653857129069
117.0337394288409,11,0.9960910476820657
117.63730612694334,11,0.9938002875176235
16.03713416860078,6,0.9276943190936906
446.6591899301673,11,0.921337009439271
17.14990089322405,11,0.6498599994501717
614.2382653249113,4,0.6387270736526334
120.7391396218305,6,0.949527511621638
614.5820320094824,5,0.999998698819888
19.777901030099063,5,0.9994547499170365
121.76893967546592,1,0.8913373860839305
594.7575309769563,5,0.9999974249198162
533.5123611204369,9,0.998917000594189
20.133101048599062,5,0.9999990001201436
20.902601088677194,2,0.9706297103771873
523.4187272613934,5,0.9999665992381345
123.23693975192428,1,0.8955957800824457
123.54467310128538,1,0.9055134061650477
447.8787566603531,1,0.9621910709412891
126.50397325541562,1,0.8809917332250817
473.2403246479348,1,0.9929857178206307
473.7374580071605,1,0.7184105695028258
127.04850661711006,12,0.6860204816340922
473.79562467685673,1,0.7108136661383825
524.7789606655723,11,0.9971240018605702
128.4575733571656,11,0.9782063117187537
130.77747347799377,11,0.5215408767137448
131.72484019400244,6,0.9982501139190822
131.44047351252502,11,0.976582458008648
132.7904735828375,2,0.7190085994365331
132.10360688039654,6,0.9465457803591636
132.11557354768647,1,0.6782487915465123
133.9623403105389,1,0.7790814705244243
133.8558736383271,6,0.7482998888619521
133.61847362596254,11,0.983314293063378
134.77927368642085,11,0.9850340910411292
134.3644736648167,6,0.9959299639967143
134.79084035368996,4,0.8160949117669679
134.3765736654469,5,0.9999848984310679
33.09576839040469,5,0.999995201131828
135.39417371844692,4,0.8633915481853969
472.7578246228046,5,0.999319612489421
136.95727379985837,2,0.9598233299474693
136.56650711283928,5,0.9961400888884935
137.5608404979608,6,0.4972499225074296
138.38987387447295,5,0.9999936773782782
37.13266860065992,4,0.8759539753934908
139.97564062373166,4,0.9529691987092889
140.9942740101188,1,0.944551901786067
140.22427397001465,1,0.879031610599725
39.80796873999848,6,0.47841811234934073
141.06520734714658,11,0.45547369751333483
141.43180736624035,9,0.9807442013372171
141.82264071992958,5,0.9996088118820937
415.8304883245057,11,0.9334617045303347
40.1750354257832,11,0.9941931645958558
142.93574077790353,2,0.9884690265198491
142.16567407112925,2,0.9443115002414991
142.03574073102854,5,0.9999775587664236
142.03600739770908,0,0.9887665151678129
143.7169741519261,4,0.9406122323209324
143.12487412108757,0,0.9997617310501393
143.4206074698237,4,0.9604044371007417
143.74057415315528,2,0.8992403375875316
42.63726888735787,11,0.9858513497773292
144.03647416856674,11,0.9919537153116937
144.19047417658757,9,0.6626934485405745
144.02450750127682,5,0.9999996763074774
144.64004086666918,5,0.999990720845936
143.2074407920546,5,0.9995344117700138
145.50427424501467,1,0.9878926567335421
145.14927422652508,4,0.9262891235257552
144.3201741833428,3,0.9964098169966948
44.79180233290649,0,0.9792707334411783
146.78244097825254,0,0.9035790168776777
146.5108076307716,0,0.9917825416744642
147.65884102389836,12,0.9032312579927642
147.2680410035442,12,0.7843512347694888
147.03127432454593,9,0.6011384139390203
147.12580766280288,1,0.793805404067608
147.87204103500252,11,0.9998756246574364
148.96110775839142,12,0.6712880343083331
148.54674107014316,11,0.8130219992469926
569.7641963418868,4,0.9578200492505972
149.328107777506,4,0.8694721239324482
149.86044113856505,6,0.5335638430752478
150.7841745200095,11,0.9957057483623605
150.81937452184283,5,0.9999946085258918
150.41670783420395,11,0.9727532901260402
150.55924117496087,5,0.9999982868055393
150.62997451197825,1,0.7899316342803713
50.77003597760618,1,0.9177094891123705
152.28767459831678,6,0.9940616756313112
152.31127459954595,4,0.8931489208436015
483.9401918718863,12,0.7458418717121024
417.6180550842748,1,0.5920154892961402
590.924597443991,2,0.979752662013659
153.79087467660847,10,0.8460467142652114
153.27037464949908,11,0.9924998428670254
153.77920800933416,2,0.6440713164326709
154.7023080574123,10,0.3551527720974749
155.69680810920917,11,0.9818833350948628
155.72070811045396,10,0.8981745651272441
155.1875414160182,1,0.824290224907075
155.32954142341404,0,0.5705302311985779
54.84230285637009,2,0.6991858102690439
156.27674147274735,0,0.9975168503794487
156.59630815605814,2,0.9385949907946427
155.9456081221675,12,0.8450119548052931
418.3288551212957,7,0.9996622612863616
158.1235082355998,12,0.6229344319294307
160.83467504347308,3,0.9707405746690808
160.62164169904426,2,0.7878721959047941
160.05327500277517,2,0.8752029542086652
515.2533935027823,2,0.6575625670919175
161.44997507551997,10,0.9906458488939299
161.3435750699783,10,0.8150124877400874
161.5684084150217,10,0.9782880656712667
60.99816984365484,0,0.9709826986146192
162.7763751446033,10,0.6040200420325703
592.0849308377584,2,0.5893264498491172
61.53083653806457,2,0.6163542487801548
358.93155202768594,5,0.9999878069386473
163.10770849519358,0,0.9936245596334536
163.87727520194184,4,0.9769308531946143
163.1191418291224,1,0.4865976597062819
163.43907517911893,2,0.9905933460043789
62.97513661328853,5,0.9999905574895833
163.01244182356513,4,0.9468694001907022
163.02494182421614,4,0.9935675679831405
164.00734187538282,5,0.9999997106695694
63.57890331140138,2,0.9861659495490135
164.29150855684983,1,0.8720409903869871
164.71737524569707,2,0.982639866844778
524.7542273309507,5,0.9998367825141207
613.5996652916509,5,0.999964196901652
613.9688319775449,4,0.9530667519726745
166.2680753264627,7,0.9991716063399179
166.36314199808075,4,0.7017899174501424
542.9007949427512,3,0.8037988589706072
167.72470873566235,1,0.6168764654430559
522.2375271998726,2,0.9668496702550693
169.46474215962243,2,0.7542243140424723
169.7010755052648,10,0.9280390876198423
169.72477550649918,3,0.9999904387269183
590.8976307759199,0,0.9938105810742818
614.1327653194165,11,0.9999243828347036
553.801495510496,11,0.9993901802555794
171.51240893293843,11,0.9992082702798255
614.987432030597,2,0.9554724529269594
172.18740896809467,2,0.6463747967707236
172.25847563846273,10,0.9024851327827123
172.68447566065024,3,0.9999739837076741
172.70834232855995,7,0.9987809546634411
173.06334234704954,7,0.9867620743026843
173.22904235567975,7,0.9993637513663847
173.38297569703045,0,0.9982794653904266
173.43020903282385,7,0.9989343652727477
173.45390903405823,0,0.9998710882128266
173.52524237110683,7,0.999369814022081
173.74974238279955,3,0.9712589984814374
173.95090905994363,0,0.6906486401427531
523.7881606139681,9,0.999967541881156
533.2320277725029,10,0.9683077384409127
175.2769757956763,0,0.9855712357607451
175.70314248453914,4,0.5284339540709102
175.96354249810165,0,0.8670790899777228
175.97560916539678,1,0.9682165891194923
605.60246487513,2,0.828864271658105
176.01107583391067,7,0.5119656865540957
176.04644250241935,9,0.5674126848036546
176.2475758462284,2,0.7646929027004129
176.41360918820928,4,0.5327334101548264
176.4252758554836,1,0.9202712145709627
177.15957589372837,2,0.923034282914143
177.53797591343672,3,0.9996596674564188
473.30195798447824,3,0.7671416036997057
605.8964982237776,1,0.8173474377003453
351.8661849930314,0,0.9777971263168629
178.20140928132386,0,0.9970204111240293
178.94674265347666,4,0.9400883550810433
585.4119971568764,0,0.9907170806022173
636.4439998147933,1,0.8384560645364043
179.08910932755825,7,0.9054370864779863
27.564568102321328,3,0.925500338978472
533.8847611398327,2,0.9775633121527554
180.2609093885895,8,0.8768133783083764
180.9000760885461,10,0.90400010002085
270.4199807510414,2,0.8813552168406356
181.1134760996607,7,0.9454854579423582
181.32614277740376,2,0.7893559220549812
181.4567094508708,2,0.8377406446144958
181.85907613849403,2,0.5252875477103139
182.53394284031,0,0.9982334584067488
182.62870951191243,2,0.7581314889053968
182.77094285265372,2,0.9442637655603968
183.30344288038813,10,0.6557608700087724
586.3575972061265,2,0.8891276215700996
184.09617625500968,2,0.9747985544467473
184.4278762722857,2,0.986888240479209
184.546076278442,2,0.9734403309963096
184.9488429660861,4,0.5371211721908293
185.5760763320878,12,0.6673574056986539
185.88397634812424,12,0.6531222729813221
185.91930968329788,8,0.9990674160099565
383.9040199950021,8,0.9980974688498787
186.06150969070413,4,0.5360061463581332
186.0970096925531,7,0.950156887593737
186.3458097055114,1,0.9070149202699519
186.3697097067562,1,0.6652453538606197
186.42834304314337,6,0.9956284543323185
186.52334304809128,1,0.5803479576667117
186.66507638880657,1,0.8169657055124022
186.68920972339683,0,0.9965224262625776
186.73610972583955,4,0.9756505835973
186.7603763937701,4,0.7333732327649743
187.008476406692,1,0.8809731654430785
187.43480976223017,6,0.9983316655410883
187.67147644122323,8,0.9991579957082121
188.79650983315204,6,0.9438095528173664
606.8721982745952,8,0.7685615935163733
190.13354323612256,11,0.8529764842626668
190.6663099305375,7,0.9984927150910898
190.74977660155136,4,0.9814933018141949
190.92727661079616,11,0.5929432144745455
193.8867767649368,2,0.784158224704507
568.6898296192635,4,0.6219484332414957
195.40161017716773,8,0.9998251150032492
548.9393952572616,7,0.8583429230853752
197.21281027150107,8,0.9998206812918903
197.34294361161216,10,0.9930754731231018
198.1480103202094,2,0.9601542171256205
198.8350436893257,6,0.7919373187226975
199.3084103806469,7,0.9971724800013755
579.4826301813886,4,0.9875196724057254
569.3308296526488,2,0.8765768755870328
200.38571043675628,3,0.9999003421094652
534.8823945251262,4,0.9141587042034459
549.7305619651349,1,0.8824412039443098
202.42174387613304,4,0.9855568650305946
202.6705105557563,0,0.9995945843107998
473.6352913351727,4,0.548618420655136
203.43964392914867,2,0.9040461137598389
421.90675530764463,4,0.5384333834530848
0.8498333775954907,2,0.8310163735277191
1.8742000976145932,10,0.8093370389539924
2.6011334688090417,9,0.9948698838703313
204.7302773297025,8,0.9884482219998727
590.9291307775604,2,0.7955980170567789
570.6074963858086,9,0.9117344137105032
205.0855773482077,8,0.9679374248161541
205.9498773932233,10,0.7943932565717974
205.99667739566084,4,0.9248331205322671
622.6089324275503,0,0.9758200902625529
206.4823774209577,0,0.9988345280770562
206.62437742835357,8,0.9993661414140234
206.7542774351192,8,0.9991586751521373
208.2340775121921,8,0.9998241302346624
208.30504418255492,8,0.9821599823006385
208.8025442084664,0,0.9610216631938571
541.8271282201644,8,0.5334110782891158
209.57181091519905,9,0.9738296562890993
209.70207758865044,6,0.9995666054225429
281.5704479984616,1,0.4307891903541661
211.3244110064803,9,0.5128813567061952
211.9514777058067,0,0.8054155207214378
144.8921408797994,1,0.8521349900984155
144.93974088227856,1,0.9915542666180545
212.6496777421713,6,0.5952342268015347
214.8873445253831,2,0.9168441766255874
214.98237786366607,2,0.6297658212167767
215.06507786797337,8,0.9870469532989896
215.65681123212616,7,0.46678582933781093
215.6924779006505,8,0.8995710206473271
562.3373959550742,6,0.9962811138634977
216.15397792468693,12,0.9967756845387614
216.48534460861228,12,0.9032815145537761
613.8654653054946,2,0.6930912922667547
613.8876653066509,6,0.999792115439849
217.3375779863328,6,0.9993057108617305
217.36114465422688,9,0.9999551946000989
217.8583446801227,8,0.9707364141873226
217.90577801592653,4,0.7135524315239571
217.96504468568,1,0.9746528688418276
218.32037803752027,1,0.47089153519368565
218.34424470543,8,0.9979766922846828
218.8054780627859,8,0.9964152897385621
219.4096447609196,8,0.9726332155293562
219.5636447689404,8,0.9948662187202398
522.4895605463327,7,0.9863735150626755
574.4161299175083,4,0.7331181165880897
221.35131152871472,4,0.8005988692130429
221.37471152993348,2,0.9798029671147261
221.81234488606023,2,0.92697063685087
614.7179986832307,2,0.9547268340962861
19.76033436251747,7,0.9947878997700217
20.55353440382997,2,0.9042360762065336
633.3345996528454,7,0.9256881356568716
224.87854504575816,2,0.9852358790137248
224.98501171797,2,0.7807331800693277
21.53606778833692,2,0.8704002430179983
225.32877840254116,10,0.5323147340767865
225.35234507043523,2,0.5041227389334567
225.90897843275988,10,0.8375881285300222
274.7187476416022,2,0.9330512679880847
226.2874451191384,12,0.6266075982408864
226.5125784641974,0,0.9955594516727446
226.55974513332063,7,0.8520997621370631
226.6777784728016,2,0.7310434690615977
226.83181181415748,2,0.9503487653974415
226.8912451505863,2,0.5878521729085755
226.950145153654,2,0.6819153198858072
227.0333784913224,7,0.7796416259145764
227.13947849684843,4,0.9909290076282825
227.15187849749427,2,0.883743353404095
227.22284516785712,7,0.5414464550276517
228.6197119072773,9,0.637791728230855
25.040201304177216,7,0.9953509213909629
228.6553785758016,1,0.9915384784119877
541.2532281902737,1,0.9843953822499921
26.306801370145976,8,0.9891902162226952
26.437068043597364,9,0.7118583595159359
230.34754533060195,11,0.9752023501264835
231.8038454064509,11,0.9973646555394502
231.92271207930847,11,0.9936504898417332
231.95771208113143,8,0.9981234305707201
232.09987875520264,6,0.4461216232149962
232.70344545330508,1,0.9159983799206296
232.82214545948736,4,0.9863877293648873
545.8278284285342,6,0.9700742101592891
418.51122179746056,8,0.9968028488643157
234.2423788667912,6,0.9946098571058063
234.5506455495134,6,0.9994714289879673
234.5738788840568,1,0.8790315768584501
573.5344298715864,1,0.9771516937914778
637.5242332043888,6,0.9992998908966293
235.272845587128,6,0.9678508564299836
235.59221227042835,5,0.9999906311341725
515.9340268715653,0,0.9084965863791878
236.0300456265655,1,0.4737640671557561
236.11291229754812,5,0.999870167150208
236.37351231112103,6,0.4174727527617702
236.3971456456853,4,0.884023188514163
236.43304564755508,1,0.5460919152220619
236.50357898456204,6,0.9781328761341268
236.57481232160544,6,0.9941975870910585
236.6099789901037,1,0.926856231508706
236.76447899815057,8,0.9996658344737548
236.93011234011064,9,0.9985223385703855
237.1667123524336,9,0.9974938194737528
237.21404568823215,11,0.9127992339594171
237.29657902586413,8,0.9820449912481446
237.45087903390055,12,0.9724435679039016
237.51004570364884,9,0.8740495468239086
238.0190457301593,1,0.9892017774532195
239.60564581279468,1,0.4413840129535792
587.2601305864667,6,0.9639359065469543
36.8071685837068,11,0.9246424713153734
240.29197918187452,12,0.860491076485887
240.7064792034631,11,0.9991668613849335
240.78921254110543,6,0.999689796773853
37.49390195280749,6,0.9826527495346948
241.09674589045616,6,0.6600771734470722
600.1354979237254,8,0.9862017559580002
313.7871830097499,6,0.998734742243528
243.1447793304579,6,0.6474413533640616
243.3341126736524,8,0.9790502010239555
243.59481268723047,6,0.9947661558378068
40.42960210570856,11,0.994392929136626
244.10344604705517,5,0.9997338515148025
244.2931460569353,5,0.997727704512761
244.43487939765063,5,0.9999859341972009
244.7663460815812,5,0.9999578476946872
244.86147941986937,5,0.999574522877817
245.24044610627388,11,0.9872925147552981
629.4984327863784,1,0.8722109608759366
246.2227794907704,5,0.9933381876684716
246.4240795012548,7,0.49970347375932506
246.74331285121488,11,0.6489432975228563
273.85684759671153,5,0.9948448968144624
247.67907956661935,11,0.7343193207211349
248.38921293693883,7,0.9728796654373514
248.75594628937287,11,0.9637629627758357
248.89807963010895,12,0.4056786357059013
472.9755579674782,6,0.9972387595497627
249.99904635411767,11,0.9967330454519809
528.0405275021122,7,0.5742565429520883
250.16497969609333,9,0.8776257742895295
250.31851303742323,6,0.9965137295156631
47.863969159581856,9,0.9486458212129604
251.31297975588504,7,0.7733524063929497
252.4848798169215,8,0.5753684824582247
49.13073589222596,11,0.9886593765777638
253.90561322425137,11,0.9266152844551507
310.9356828612343,9,0.730131385376732
254.1186465686802,9,0.867516065461012
254.37931324892324,6,0.584678540040654
254.88854660877917,7,0.4299926557203823
254.97101327974096,7,0.8613946977159151
590.6586307634719,6,0.9983317134313622
255.82347999080693,12,0.8776684347745555
572.992796510043,7,0.5812114440823458
53.13193610062181,4,0.8163048577499545
591.9977308332167,8,0.9584656470802428
563.4397626791558,6,0.9983833734013836
581.2038636043694,6,0.9886409502492645
564.9828960928606,1,0.6345256763826151
541.3792948635064,0,0.9968069113401978
60.27033647241352,4,0.9453322057550916
60.57816982177984,11,0.889762051422455
60.80310316682845,11,0.9990613079582459
592.3531308517271,6,0.9496514964845449
633.1920329787534,7,0.8212292005187034
633.9758330195763,9,0.8196812450319457
62.06970323279721,9,0.7729827860366537
277.7154477976803,12,0.5045412010477988
562.2805626187808,9,0.9990680819597414
613.6785319624252,5,0.9999432772648745
64.2836033481045,5,0.9983878711134375
64.41377002155069,5,0.999981706943403
65.49080341097952,5,0.9999669590285809
593.8561642633434,5,0.9999846842864076
532.2661610555307,5,0.9999933702378668
532.870127753654,6,0.8458895330831588
66.54467013253507,12,0.36105674334872384
573.7481965493868,9,0.7098485372176201
67.53883685098127,9,0.9999778026708036
67.62170352196391,0,0.8044724984243069
67.21923683433543,11,0.9938295838082782
67.3732035090212,1,0.6607558614976364
17.72136758965461,8,0.978334054034682
68.47427023303509,5,0.9999887194132427
68.75827024782676,11,0.8003611226451759
68.34393689291356,6,0.9973466733742364
68.80563691696044,6,0.9964412210136652
68.19000355156287,8,0.9990990147055714
69.07773693113232,6,0.5166903339829955
553.4635954928971,12,0.6504372319634724
533.6888277962945,9,0.8656908258874042
637.789266551526,9,0.9999413226672482
21.012334427725808,4,0.920658957046591
73.70663717222088,8,0.9965685880174472
23.048501200442832,5,0.9999840431005088
74.9496039036254,4,0.645317921167945
75.25723725298131,9,0.9753922284194781
595.3105310057584,11,0.9794515793574287
595.6542976903296,6,0.9979551850757366
633.7466663409739,9,0.9019715300542569
26.789301395276187,1,0.9107334235922674
77.81423738615841,7,0.9886437400724648
314.94811640354857,11,0.5145043801322581
626.6132326361076,5,0.9994431858077312
27.32203475635605,0,0.9607612506945792
27.996801458166814,1,0.743015322982674
79.24663746076259,9,0.7067764849394225
79.43620413730251,9,0.9977884549513373
306.3327159548298,7,0.53491274065918
133.64177362717606,5,0.9999932472928689
82.41947095934766,12,0.9727260798870406
85.56827112334769,12,0.8646876736005639
86.24303782515845,11,0.5203454868424638
86.26680449306296,12,0.4795059488098058
86.45603783625221,11,0.8440756748221497
86.66937118069664,9,0.46984342821274655
526.9799274468726,1,0.6782172493876008
87.71090456827652,11,0.8475429054651871
87.98333791579908,1,0.8018915873456491
88.88293796265326,8,0.999830725617277
91.27430475387028,8,0.999299198122207
93.54740487226093,9,0.9999655236231295
593.8011309271438,6,0.7039315258660229
94.1984715728373,9,0.999995289580762
94.221838240721,9,0.5215396321784612
94.99133828079913,1,0.4345635299223509
95.58327164496232,1,0.46110619801540764
95.8791716603738,8,0.9973171087461355
579.7624635292965,6,0.9988991971411455
569.5736296652947,4,0.9664193240176316
99.56097185213422,7,0.5022372620561654
600.814964625781,6,0.9992390454013678
561.7210959229752,1,0.686031727433278
1.0899333901007002,3,0.6474580074638833
102.16550532112034,1,0.9786915862728912
102.17727198839984,5,0.9999964543047261
631.1360995383402,5,0.9686954656170159
103.52670539201618,4,0.690232223090139
103.77550540497452,2,0.9914189591336655
105.45647215919152,9,0.9545801323246933
110.4048057502506,11,0.8249571921370829
111.37550580080789,7,0.9362156854109382
521.9739605194785,8,0.529281268949078
277.6713144620484,8,0.997227247095861
277.742181132406,6,0.8697087242199245
562.1041959429284,6,0.6971198649036997
114.40603929198151,12,0.6659945613108942
116.90373942207007,8,0.9768681592734799
116.13433938199717,8,0.9991301396100813
116.73810608011,4,0.9649079475174166
117.49580611957354,11,0.6612896745253606
117.5903394578305,6,0.9933177254057727
117.08127276464994,6,0.9992087971240924
522.7799605614576,7,0.8072886314483932
118.59677284358224,6,0.9178117252153818
118.72687285035828,12,0.8247115883260613
118.2296061577923,8,0.6017130406767106
118.31263949545028,2,0.9012254032486836
17.52910091297405,6,0.9992595710102311
598.7079978493765,6,0.791366383472313
19.58886768692025,5,0.9985501234574171
121.69820633844856,4,0.4924902877312529
533.9165278081539,5,0.9997562406186972
20.749067747347333,1,0.9454536119300352
20.34653439304872,7,0.9394656295404156
122.2546397007628,9,0.8102175206341397
462.9902241140754,7,0.934274297710602
310.9636161960225,7,0.9653060365715095
310.986882863901,9,0.8778697869964254
544.6490283671384,9,0.3433993035991368
622.3939324163523,11,0.9138386921826391
26.561501383411603,9,0.9031289004981748
26.28923470256438,7,0.8731661658154551
463.9728574985876,7,0.9688921228703912
626.9255659857082,7,0.9550774088221891
27.425701428422023,7,0.9700862470618482
143.68070748337055,12,0.6806229789531401
584.7059304534355,8,0.8493032557455125
586.2008638646299,6,0.9929517326530887
32.291235015168574,11,0.7774481029150613
36.86076858649846,9,0.9557124972563364
36.54100190317728,9,0.9999839595115665
37.78403530125194,8,0.7067688029115641
628.6148327403575,9,0.9999739489417941
38.89683535921028,12,0.9872341840110296
522.2657605346765,11,0.9048639701102585
313.7211163396423,6,0.9801374434392307
40.116102089380426,1,0.7750308405099978
562.117462610286,6,0.9994792694019907
594.6854976398713,6,0.5719245446548805
41.83276884545682,2,0.9997257329457133
43.12306891265995,9,0.9999408568305452
43.45446892992037,1,0.9437049844794753
472.83862462701296,7,0.9130647099059894
626.1630992793298,5,0.9999572863188783
579.7997635312393,8,0.7396411453471335
569.6341963351159,2,0.9973125766053551
630.914266193453,2,0.5639571863570411
49.14863589315825,10,0.6083283513089647
49.61030258387006,2,0.9929685720932961
473.3590246541172,2,0.9034367698153835
473.6795246708098,2,0.9928883340858817
529.8233942616365,2,0.8790910098126336
631.9793995822621,4,0.9842855137575711
186.9493097369437,4,0.47619201987784743
383.8452866586097,2,0.5646329478210721
540.841494835496,2,0.8578540554073825
55.73066956930585,4,0.9843293070167959
55.84893624213225,2,0.9919493096602393
55.979169582248566,2,0.8743108020936241
310.5699161755173,4,0.8206135173073942
591.5878974785379,2,0.9166807390916367
58.69010305677636,10,0.9998583775215762
59.73186977770171,10,0.5201477676170672
613.7809986344287,4,0.9955785742580925
623.7314991526839,2,0.8031810799008756
595.6413976896578,2,0.8567293808783367
552.9334621319526,3,0.9988318767089462
532.521661068838,12,0.8453043944474318
522.4512938776729,4,0.8115656698379992
591.4805641396143,2,0.5619260828236076
446.684956598176,10,0.850931221299672
19.71626769355566,3,0.9932828888121079
19.13623433001225,3,0.5817672877310469
20.13056771513379,0,0.9983401131953711
523.396893926923,4,0.5514573433809942
574.3093632452809,4,0.9669336167685196
23.56360122727096,3,0.8033903780624412
605.7421648824061,4,0.976503730947446
315.7584497790868,4,0.9958636517207287
615.6602320656388,7,0.9939064175098699
26.688934723382086,4,0.9468266703005066
280.669214618189,12,0.7923777537842299
474.9711580714157,2,0.9689408466393393
637.3410331948472,1,0.9859917857069191
383.6671866493336,4,0.9284750371523158
525.7764607175254,7,0.7607633342959867
548.9151619226661,7,0.7113207564579792
589.3997306979043,1,0.6095716612659439
528.451794190199,8,0.9983645311293081
569.2462963149128,8,0.9969165134397839
279.8771145769338,2,0.969192352129809
569.4948629945256,1,0.9543768287045739
432.8176225425856,8,0.9928562817584363
549.4482619504317,4,0.85809457110037
310.97884953014926,8,0.9966585468230872
2.7199001416614728,8,0.9426759212715519
463.9891574994365,1,0.8978259261462282
4.573300238192733,1,0.9087289586092904
5.277300274859403,2,0.6584662948375091
5.719366964550378,8,0.9976218803257396
7.151033705783025,8,0.996780046926426
570.8434630647653,8,0.9994475233324138
9.060667138576438,8,0.9998531533667112
9.90080051566672,1,0.9718317213142708
11.134567246592074,7,0.999536488260494
510.8205266052371,8,0.9953042116067781
13.186600686802157,8,0.9995410172800856
15.766234154491404,4,0.6592322515514155
16.62780086603134,8,0.9907428905280141
17.287767567071274,8,0.9572664908961972
18.921400985489687,12,0.45801121719361415
19.21330100069281,8,0.9320846541223904
19.88810103583865,12,0.9978806524284048
21.002367760540043,12,0.994202790240294
19.482667681388996,12,0.9938052078632811
20.05083437764768,8,0.9997383909780404
20.243201054333444,8,0.9998922048205227
20.75230108084907,8,0.9998096252653974
21.586901124317823,8,0.9996242750186656
21.86800113895845,8,0.9968066845251224
24.410267938034853,4,0.7465456889750954
24.549367945279645,8,0.9976547863058756
30.14283490327273,7,0.8370216927035855
25.860401346895973,8,0.9705564570843392
26.407968042081738,8,0.9998559185020691
26.505601380500146,8,0.9991613016309242
27.159668081232784,4,0.7933462729730095
27.39050142658869,8,0.999719585421597
28.66896815984217,1,0.6757203551695943
28.76366816477446,12,0.9908735809678646
30.83836827283176,8,0.999275911397796
30.862001607396,8,0.981194858041149
31.54900164317725,8,0.99787059241254
144.96310755016225,1,0.46084222103303807
592.0884975046108,12,0.9849870724065497
592.4079308545813,8,0.8682810035898386
615.7101320682377,8,0.9973546716171129
562.6674959722669,12,0.9969173421480948
308.9206494229513,8,0.9991090962694829
532.9154277560133,4,0.43061162394723246
532.9862944263709,11,0.6984231787244841
522.6916938901937,1,0.4711409689010354
522.9973605727806,1,0.7814440437873112
273.3586142374285,7,0.9600993279727441
314.7433163928819,8,0.9998108765210022
545.9031617657911,8,0.9991546088304266
574.0304298974197,12,0.9836925713733348
543.4720283058363,8,0.9902177205750052
574.8945966090951,8,0.9405964519851308
473.56465799816056,12,0.9657373602543855
473.873524680914,8,0.9996911633952013
27.51470143305744,11,0.7542437823749322
535.8622612428276,12,0.9955553132506979
418.8889218171325,11,0.8979779114243489
522.3254272044508,8,0.9996191863196384
33.670501753672056,12,0.9882433564625818
35.03196849124845,12,0.9976536429209871
516.5264602357545,1,0.8517516360720288
38.34663533055402,1,0.9066649030706881
280.8263146263713,7,0.9813518798017856
537.6265613347182,8,0.9914764357270991
40.71413545386133,8,0.5379577127637939
639.9740333319826,8,0.9997297680151747
568.3982962707461,9,0.5214342615156378
273.8453142627775,8,0.949812485107596
273.97541426955354,8,0.9780552940490995
45.413902365307536,8,0.8840680892335747
528.6086275317008,8,0.9702824783522038
528.8233608762181,12,0.49693098882630643
46.91740244361483,11,0.8186422665157604
584.4098971046838,8,0.9750006833375156
320.8876833795677,8,0.9395451272933533
541.5103615369994,12,0.9974782851075581
549.33219527772,4,0.9850956553592222
473.5309579964053,0,0.9092903315762326
51.39206934333709,1,0.9369662580213468
54.99090286410967,12,0.996465529365016
55.01453619867391,12,0.970129076384941
59.33556975706108,1,0.9911863399024141
60.89803650510624,7,0.9978269395125078
592.3754308528886,8,0.999800315318033
62.75670326857846,8,0.9995032654504485
63.17106995682673,4,0.7615557007905304
64.48517002526944,8,0.9164165103304693
64.49693669254896,8,0.9979726719527654
64.5205700271132,12,0.7408400579657743
64.63880336660452,7,0.8236943341813401
65.29013673386146,11,0.9777190892367325
65.62153675112188,8,0.9231817201375592
66.34360345539619,4,0.950939753006871
66.60407013562883,8,0.9909773385050248
522.871793899574,1,0.748731948263385
67.85890353431807,1,0.9181500443651094
563.1680959983398,8,0.9974702738422901
68.15493688306981,2,0.8747181169948582
68.20217021886322,1,0.8683901365580103
68.79410358302641,7,0.9969430637723898
68.74663691388753,8,0.9993228709571623
68.61673690712189,12,0.9927557380484822
69.12547026695177,8,0.9559377732773364
614.9669320295294,8,0.9531462434356471
533.6064277920028,12,0.931861769802475
584.3760971029233,12,0.7779681343936375
523.8522939506418,8,0.7811371729710846
584.8859304628104,12,0.6192067365174085
72.39287043712886,8,0.9990883297399099
579.4191635114163,11,0.965698255684592
584.9789971343243,7,0.9900207974902875
625.7618659250988,2,0.9996146509047338
274.6863476399147,2,0.9659551459301186
585.8547971799389,2,0.9890978506015816
636.9111331724565,2,0.987448254412477
596.6951977445432,7,0.9386991633875387
474.3254580377856,1,0.9972636744156165
474.5264247149192,2,0.9876728851784703
637.9297332255086,2,0.9101280183810556
525.3701606963639,2,0.8640960792604474
82.21850428221398,2,0.6269352979105001
82.7395043093494,2,0.7923736301275105
615.8381320749044,10,0.9238623420231297
87.29717121339456,2,0.679881240142529
87.64040456460464,10,0.6794520850806814
87.73493790286159,2,0.5072422972583623
88.11377125592583,2,0.6114305426102893
88.23233792876783,4,0.9021774889814944
89.30967131821228,3,0.9965049084327381
313.8965163487777,4,0.9918007329280846
90.43423804345014,2,0.7379211568820471
608.696998369637,4,0.9599952161927198
91.1801380822991,1,0.9784341463490008
91.49950476559944,4,0.8630656467102127
91.58260476992756,2,0.9223901342299957
91.80723811496055,3,0.9820429615473657
92.1151714643321,2,0.7286626454136765
92.23370480383905,1,0.9093828054237255
92.74253816367413,1,0.5473459885214874
568.8153296257999,4,0.9857643289930924
93.51203820375224,4,0.638591647753795
93.54760487227134,2,0.743571173172806
273.53991424687126,10,0.7517593567836923
273.8720475975032,4,0.901074286976492
94.3290715796394,3,0.9999293523139817
609.7166650894112,2,0.7940222405800401
548.8989285884874,4,0.9947931963334127
579.5023635157496,4,0.903421782907361
569.9153630164267,5,0.9999891581518028
579.6779301915604,5,0.9990506218673265
630.9225328605503,1,0.9659715874644444
99.24153850216372,1,0.8307330242303559
99.86903853484604,4,0.9808770419287478
376.974719634101,7,0.9815383500652437
100.63857190825922,1,0.9242660244156906
539.2631614199578,1,0.7276715403963084
549.1695952692512,5,0.9999971427761414
102.30777199519672,7,0.9969904002025063
276.58194773864386,1,0.5905147534829899
561.9741959361576,7,0.977351601020298
109.19740568736518,4,0.842668745661189
475.6763247748098,1,0.6792574018334493
592.722664204307,0,0.6058083986386297
112.1451391742263,1,0.9154864857982622
633.0073329691336,1,0.5298485829275463
633.1712663110052,1,0.9949455625325264
113.90920593277144,1,0.7368395621326501
562.3306626213902,4,0.5388048295086139
114.9626393209711,1,0.5677432944527206
384.7161200372989,1,0.9372826918622054
116.78580608259438,7,0.8783279375161059
116.84510608568291,7,0.8283498314942019
532.2940610569838,1,0.9841781876507445
532.8631277532893,4,0.8841026783014232
117.10537276590514,7,0.5749253424447798
117.31840611033395,2,0.9927755779081425
117.43687278317076,2,0.9662900093717094
573.3127965267097,1,0.7306824731057912
634.9609664042187,2,0.997893896668402
636.9169665060937,3,0.879615357555235
119.11797287072808,10,0.9999796992135038
119.5202728916812,2,0.8202206114926867
120.23073959535134,10,0.9794678366517546
543.7616949875897,2,0.6507718342453005
122.94147306986872,2,0.8071193043819396
523.6674939410167,2,0.6179652526214847
637.4846665356614,3,0.9998369568583337
125.5815065407038,4,0.930871128361981
126.71797326656144,1,0.5807166098179761
126.91937327705102,10,0.9990055761562963
544.41219502147,7,0.9222054088675509
595.6208310219199,4,0.9691390165614976
575.870396659918,2,0.9912118978504478
26.123868027284864,4,0.9242858696256786
128.18580667634444,2,0.9440773633648254
128.5057066930059,4,0.5668603085110537
280.91441463095987,4,0.9603196236562965
27.66290144077619,3,0.9974703128694478
27.68656810867549,10,0.823968560541148
27.61546810497237,6,0.5869675291193893
129.558873414525,4,0.9856279803132851
129.64224008553367,2,0.9582825232481815
129.97314010276807,2,0.8951272843903424
626.746899309736,4,0.8888382857953778
130.269273451525,2,0.9501141410362136
131.55970685206842,4,0.5209516855536265
132.32944022549202,4,0.9862730857582024
132.35290689338092,2,0.8958462155415341
31.581268311524475,4,0.9426228471664668
133.64317362724898,2,0.9888551990866937
134.83867368951462,1,0.797148121098957
134.56687367535835,3,0.9990013008874592
134.55454034138268,1,0.8553423579222524
33.10836839106094,4,0.9919459185081687
135.31274038087224,2,0.8169994819735625
135.7382737363688,4,0.982707009510101
135.91644041231496,4,0.9511887662382708
135.08760703581322,4,0.9796871105832867
136.28324043141913,2,0.9862355140170123
35.80753519830922,4,0.9360331393724807
587.5643972689805,4,0.9788105258421712
587.8933306194459,4,0.9750309532924647
638.7021665990728,2,0.9636025712321113
138.5320072152091,1,0.8502520464691455
516.5661602378223,3,0.999452346753511
139.83477394972817,4,0.5595240852372724
139.37274059233062,4,0.8392208072826915
140.48564065029416,5,0.9999540211890382
140.2485406379452,1,0.6248027846752232
140.92384067311707,5,0.9999051489158468
140.76950733174556,4,0.8276625747176141
39.66663539930404,1,0.9271199582378221
142.20244073971082,4,0.9759333497048163
41.06360213872939,7,0.981732992293331
41.31216881834224,2,0.8722341516862671
143.0778407853046,2,0.7816207565385126
143.65857414888444,2,0.5754743537766933
143.67020748282368,4,0.9677295924997826
143.5635741439365,4,0.9609936429802713
144.21444084450252,7,0.9985485934898221
144.2262408451171,4,0.9187784104442933
144.2263408451223,2,0.5325471861877966
144.4275075222664,4,0.9931208214980706
144.43967418956674,9,0.4858928988640972
145.67064092034627,4,0.8672128286159659
145.39814090615357,5,0.9999619570957821
145.30410756792264,11,0.955170736484164
145.3272075691258,1,0.9861889553430082
146.36904095672128,10,0.9632553258717803
146.3808076240008,4,0.8612567668348867
146.90187431780635,2,0.787979839715307
146.4758076289487,1,0.8025952561684985
147.13860766346954,7,0.6696336796810829
147.22117433443657,4,0.99281220632591
147.30454100544523,4,0.5697398604292373
578.4392301270448,4,0.8202873434518938
569.2683296493936,2,0.8497275308119849
162.7830084782821,9,0.9999999999977547
151.2468078774383,1,0.6692634280293321
151.41234121939317,1,0.9279934044923754
151.944574580447,7,0.9938427918117125
152.028107918131,4,0.9946813143055971
152.03967458540012,1,0.8817983380382002
473.5484579973168,7,0.9970377859634701
473.85625801334805,1,0.8325809552075709
153.3419079865581,2,0.9453155928944987
153.4365079914852,4,0.9421207575243746
153.5430746637022,1,0.857885662348921
153.96954135258068,4,0.9651720530522048
153.81524134454423,2,0.9943966845697174
154.69144139017965,6,0.49947955369051644
154.73850805929771,2,0.9694036024931455
173.82437572002004,1,0.9780703720275712
600.8992646301716,4,0.9876385580384146
53.3041027762555,4,0.9972599370422357
155.16487474817097,10,0.5551030417463267
155.5200414333359,1,0.992146337118226
156.2892748067335,4,0.7363394396662769
157.37827486345225,1,0.8374884524716659
157.65057487763454,2,0.5137504735805359
159.86447499294184,4,0.9755345059905794
276.82234775116467,7,0.9583976916745865
561.6709292536957,2,0.9808326341766543
160.3264083503342,4,0.6894477652071577
612.6299319078106,2,0.9671000962185539
161.16647506075435,2,0.7814469899232673
161.8772417644401,4,0.9471185802154204
161.9365751008637,2,0.7594588167904077
162.48057512919706,4,0.9898481037855932
162.87147514955643,2,0.9705491862456246
162.8596084822717,1,0.7024441685692198
163.41610851125608,6,0.33750059144526157
163.6644085241884,2,0.8768631990175987
163.60554185445574,4,0.9073765084666278
163.90170853654774,4,0.9921637376362755
163.38087517608767,2,0.7274077137238582
164.30424189084636,6,0.8853456027600826
164.44620856490712,10,0.5805534850554055
163.4396751791502,1,0.7944038833199506
163.0731084933915,4,0.9755730727135836
561.7315959235221,2,0.7453700114617596
613.7553652997602,4,0.5658533154825187
166.38754199935158,4,0.9844794341089181
166.68320868141757,10,0.6454501106791394
167.1330753715148,4,0.9853125998200263
532.6878277441591,2,0.6596148945579567
593.317397568616,2,0.650594694294884
168.08010875417278,4,0.9802011263117053
169.074775472645,1,0.8326517439480853
169.67810883740196,2,0.614462474960102
169.79650884356863,4,0.9947606266098824
169.83214217875786,2,0.9393465799786312
169.9979088540582,4,0.6720367231633646
170.29414220282035,10,0.520519711230623
170.54294221577868,4,0.994233999084012
580.4225635636767,2,0.811267510510525
590.8024307709616,2,0.8837828449451391
614.5010653385988,7,0.9314047887701138
172.0698756286398,4,0.7452618086513921
172.2351756372492,2,0.815858453522344
172.2706423057631,0,0.9929813314599628
20.284867723170247,4,0.9898555482803788
172.29497564036376,2,0.6900847932755008
172.33030897553738,2,0.8752944030688649
172.38897564525962,4,0.9938465644189669
172.92204233969017,2,0.9824789312559894
21.243701106442824,8,0.9991850032955518
173.83390905384988,7,0.9988491252714478
173.94040905939676,1,0.49970452382468206
173.97554239455997,8,0.9118171060117696
173.98724239516935,8,0.9884025218955925
174.03487573098357,1,0.9084759847129433
174.43734241861205,0,0.8002584451136797
174.8749757747388,8,0.9988172162659518
175.08837578585337,5,0.9999932404299108
175.82227582407734,1,0.9098021471918062
175.99987583332734,4,0.6328060547232559
176.3434425178881,1,0.8153030948233825
176.82860920982387,4,0.9886819690899273
314.3921497079253,4,0.8853018684626058
177.19547589559818,1,0.67728823059499
177.50357591164504,6,0.5938419387400009
177.57424258199228,7,0.9050928139737511
177.6457759190513,11,0.9301056170831351
534.34422783043,8,0.9971008718126352
178.66367597206693,1,0.6444833877948618
178.84134264798706,1,0.9689179672014585
534.5695278421643,5,0.9999367813716107
26.049968023435905,1,0.9277466903117302
26.40513470860084,8,0.9675981283320005
179.25527600287944,8,0.9341666175281772
179.30247600533778,2,0.9890023758760899
585.636430501899,4,0.9556174883022848
27.790234780741468,4,0.8454643463643938
636.8693998369496,8,0.9982093689372576
180.8534094194489,9,0.39793201725254035
586.2614638677861,4,0.9848617982294717
616.9274987983089,7,0.9972399083450961
181.59960945831347,9,0.9981915765085431
181.61140945892805,8,0.9986669364689228
183.3397095489437,8,0.9976542040620815
183.8604095760635,8,0.9994857894750303
183.872642910034,5,0.9999986025777433
408.8035546251862,2,0.9536370404013685
184.5115762766451,4,0.9659368246086044
184.9260096315635,1,0.9914904953718591
627.9223327042898,4,0.8996494111762814
476.90695817223866,7,0.6928780075180788
185.19847631242112,9,0.9938124675638363
185.90807634937948,9,0.3644613370673755
383.9274866628909,9,0.9999747341279719
580.7131635788121,9,0.790103240330136
615.7448320700449,9,0.9998920608357168
186.06224302407568,11,0.9992942823168891
186.14494302838293,8,0.9990977856972397
186.25207636729613,1,0.9014124043166126
186.33457637159304,7,0.9995879124034541
186.3583097061625,8,0.9844679490244406
186.63084305369023,1,0.93541894092495
186.65440972158436,1,0.9900573975696851
186.7255763919576,9,0.9942766739622214
186.89090973390205,8,0.9798826751101216
187.22230975116247,0,0.9992479740390168
187.38790975978748,12,0.596379227121347
187.6841431085496,1,0.9266645634232564
187.88567645237947,9,0.9999998006471514
188.72580982946977,9,0.9979193052983154
189.5192765374628,12,0.9362020380324372
472.68439128564665,1,0.5737398164057558
191.67360998300103,1,0.8858072419541256
613.8488986379651,8,0.9995865142386795
193.10577672425973,8,0.9933636506098614
193.30734340142465,1,0.971589925802377
446.9358899445788,4,0.8221080020456142
195.473243514232,1,0.4382824743975245
273.85358092987474,4,0.9931098099675256
613.788365301479,5,0.9999965994041258
196.85894358640385,7,0.9988362463091078
197.54554362216425,4,0.8658072207808447
197.91217697459308,1,0.7929560468993988
197.9242436418882,4,0.9902538041784353
198.18447698877537,8,0.9763333876972329
199.49821039053236,1,0.48393202963402415
569.3183296519978,8,0.9985699385351281
569.9212296833989,8,0.9771565989477569
200.0669104201521,8,0.996619305398741
201.0848438065028,12,0.9913265198233339
202.11474386014345,12,0.4548034035420758
203.2273105847563,4,0.8042616489697021
2.089533442163205,1,0.7687207493603896
204.0684106285636,12,0.6801654957412919
204.35217731000975,8,0.5729601856422999
580.7277969129076,1,0.9613875542716026
280.9190812978696,1,0.4430977178375902
631.1187995374391,9,0.8898790482567103
205.0387106791001,7,0.9912754059859283
205.5600107062511,11,0.6539446653820378
560.9762958841835,4,0.7919429507159402
206.37621074876157,5,0.9999890568157991
206.61357742779103,1,0.9940598886588781
207.26431079501677,7,0.4365005407599376
207.4299441369768,4,0.8534810861766008
207.44211080427715,8,0.9233380114653529
208.21141084434487,12,0.9970505047560462
591.3174974644546,1,0.9841784098475549
209.39521090600115,8,0.9996839014917711
209.667310920173,1,0.8971230014010398
581.7569636331767,8,0.9520749086431597
210.05824427386744,12,0.5112876179198089
210.52014429792476,8,0.9996997158715959
419.4801551812592,1,0.9326259641372563
214.2721778266765,9,0.3510986788873829
215.148411205647,12,0.9293681337714694
215.38547788466087,1,0.5248269427762325
215.39707788526505,8,0.9989131468851652
215.4086112191991,8,0.9995901615540114
215.50337789080152,4,0.9581114844375057
216.8649446283831,1,0.5780353668551625
216.90057796357237,9,0.8895966810080188
562.5596959666524,0,0.9969071654045515
613.5789986239079,0,0.7227185922913413
613.9132653079841,0,0.9997163760287171
217.13711130922516,9,0.8661070574442409
217.1488113098345,7,0.9974263384801273
217.78834467647687,5,0.8204073375840796
218.1789780301557,5,0.9999963384941382
218.2498780338484,9,0.8961127994497692
218.7118780579109,1,0.9556651946031299
219.72984477759667,4,0.9863823561341318
219.77697811338487,4,0.6904620824680998
220.0849114627564,7,0.4412384007812866
220.085211462772,1,0.7075908368008568
220.8308448349404,4,0.9221964431274149
446.6525565964885,0,0.9973413097973473
273.8791142645379,1,0.9882137897143021
222.0975115675793,9,0.44980934015022633
222.1921115725064,9,0.9077109022340808
222.38124491569044,6,0.8661207614384149
223.1630449564092,4,0.926037827847849
223.43514497058104,8,0.9665934918119314
224.7969450415081,9,0.7762785352145304
224.84357837727032,8,0.9981908677707653
523.1391939135011,0,0.9489810709092387
225.34121173652204,12,0.7102160527353417
225.99217843709323,1,0.9694103439232568
22.637767845717136,1,0.9453375997349789
225.99247843710884,7,0.8787156519833605
274.482014295939,9,0.8426382820310446
226.01561177164703,7,0.43552532233189734
226.05161177352204,8,0.9981988860656186
226.07494510807064,7,0.5591843587196935
226.2290451160967,7,0.8771365478164967
226.32351178768351,1,0.6496877267008497
226.5720784672964,12,0.9414953418318043
226.77337847778077,4,0.9810364992394451
24.11750125611992,4,0.9942243304470322
226.8442451481384,1,0.5818367896733757
227.1875784993537,1,0.9578319689778383
227.42454517836237,7,0.9825887716954356
227.4956118487304,1,0.9822970656704361
228.0283785431453,8,0.9913717630108665
228.05171187769395,1,0.9502649143356865
228.63237857460365,7,0.599176532457971
228.7976119165429,12,0.9990430132428648
229.1885786035724,1,0.5604996696096065
26.35496803932132,6,0.5063301866834035
230.27781199363665,2,0.8994646170372231
280.8145146257567,1,0.9720884037177618
232.57441211325124,7,0.9602410158493606
232.61007878177557,12,0.5266211684991579
232.64511211693355,1,0.6977773922764293
596.5278977358296,1,0.9874207523754059
233.50924549527383,2,0.988556750631638
233.61604550083632,1,0.9753274611235541
233.75807884156723,4,0.911361269283107
234.04204552302383,2,0.7323250860212069
234.9299789026037,7,0.4923552721045487
586.5378972155171,2,0.8476647286055495
235.45121226308456,2,0.9857584995926918
235.4748455976488,0,0.5984106965557904
235.80611228156897,4,0.8437090094384914
627.5227993501475,0,0.9772817436280127
236.29134564017488,2,0.9820159751037852
236.67004565989885,2,0.9962271499307556
236.7409456635916,7,0.9995290014092475
33.19733506236129,2,0.9462955812024996
236.9421790074058,7,0.5517554555542288
236.98981234322,10,0.9338001476914308
237.048845679628,4,0.9467573826560653
556.5139956517721,4,0.5489677285815293
34.23913511662171,5,0.9998376219924596
556.6916956610273,11,0.9636336508243533
585.760730508373,11,0.9968925033160128
363.799718947903,7,0.9997063683018659
239.13237912147872,4,0.5864575721093295
239.144012455418,1,0.698479742517904
239.7950791559944,5,0.9999824486034857
358.9480520285453,2,0.979505911408
627.6519993568767,4,0.7977188865173968
240.42271252201687,3,0.9410605236564162
240.88491254608985,2,0.7638337049346736
241.0504458880447,2,0.8547141364113156
241.7960792602131,2,0.9499738819167177
38.58363534289778,1,0.9437698643659762
38.37056866513389,2,0.9878001796774581
562.5280959650065,1,0.7968017785420414
243.2046793335777,2,0.8938603360120185
243.4057460107166,0,0.9997861054694002
243.44187934593185,7,0.9954696219362322
243.4530793465152,7,0.9823245108216605
243.45334601319576,0,0.9758627719871151
243.47704601443013,9,0.9740706061935244
244.34157939279123,1,0.934807217526047
244.4477127316524,10,0.5103470749756059
244.69644607794052,1,0.9232449505654087
244.85061275263672,2,0.7097416085530063
245.75017946615583,2,0.9777527174011006
246.4722795037652,3,0.9999970329423283
247.123046204326,3,0.9947011654502321
247.53741289257425,10,0.7301837246282677
247.63211289750652,1,0.8724065708622091
248.37804626969057,2,0.8884359231708322
45.40240236470858,10,0.5052971247053437
249.18337964496837,2,0.704586165783699
250.84061306461592,7,0.9766965446569174
250.9234464022635,7,0.9894851552394682
569.6168963342149,7,0.9982841567829098
584.9610304667219,1,0.6073867616091966
49.60493591692388,7,0.9895923415887274
549.4158619487442,0,0.9958372068430473
253.20777985457252,7,0.9890267589133076
253.5985798749267,0,0.6236715036219371
253.76427988355687,11,0.998543876873767
310.615382844552,11,0.9991746160652623
473.47182465999214,11,0.988455166219236
254.69981326561597,7,0.9591283078972384
549.5099952869804,12,0.5611063232890212
417.6960550883373,7,0.9974127451242173
256.652946700675,2,0.8647202859984822
256.6764133685639,0,0.9166246713234245
53.27470277472425,0,0.7942617794022055
53.28656944200897,1,0.5901464068192385
256.87844671241976,0,0.9998571768078861
257.4695134098712,11,0.583870378887347
257.5532134142305,9,0.623326957575732
54.42310283453675,4,0.918183350107094
540.9902615099109,0,0.7224928225683467
258.19111344745454,4,0.7450811222922087
258.5109134641108,0,0.9961582256421373
259.2213135011108,7,0.9995314128653965
259.37558017581216,0,0.5234040647743496
259.3757468424875,7,0.9785587530751075
259.43554684560206,2,0.9989589891030669
259.8024135313764,7,0.9954767926593823
259.8498135338451,7,0.9880543680115728
259.90881353691805,2,0.9947717287150208
259.9671468732896,1,0.9852800209792006
260.0975135467462,4,0.994729442504464
260.14554688258124,1,0.5267910818214264
260.50044690106563,2,0.9988723772180114
260.5363469029354,1,0.9757465437377988
58.47160304539615,1,0.9634353547994661
260.90204692198233,2,0.931348836201765
261.3053469429875,1,0.9887553087189791
261.4239469491646,2,0.9305069149710111
261.57761362383474,4,0.9555161624919574
261.8974803071611,4,0.9637391477721405
262.0627136491004,2,0.9721799733947685
262.0984803176299,3,0.9999940705882724
263.4242470533469,10,0.5755708862664599
263.4832137230848,2,0.9259218296882196
263.89808041135905,2,0.9131719229770737
571.7181297769874,1,0.9679107881008862
264.0759137539545,7,0.9762543629806861
264.27631376439206,1,0.6224569033318148
61.21820318844824,7,0.6264105822705851
264.4075471045604,4,0.9754460214525628
264.703513786642,2,0.9762185736389067
562.5515292995603,2,0.9828526465461008
267.508113932715,2,0.7585906936786888
267.5906139370119,2,0.9178433861283023
267.8164806154424,10,0.9867229816577505
64.4027366876427,2,0.863063638635604
64.61557003206111,2,0.967920084057994
64.80490337525556,10,0.998467633488078
64.828636709825,7,0.9867502724024875
268.83361400175147,2,0.9610743983460815
65.0774700561184,3,0.9508024592295504
65.18397006166528,7,0.9933868874089996
65.20773672956979,0,0.9971542997981726
65.33783673634584,7,0.9822351277915574
65.57453674867396,2,0.9934335619514563
66.3676034566462,7,0.9570329929249559
269.15378068509347,10,0.990137987154358
269.2837806918643,7,0.9980885430931415
269.95951406039205,2,0.980813197367654
270.1718140714494,2,0.9832961144304367
67.1373368300698,0,0.80763114522311
67.2791701707903,1,0.6548341451347927
270.2427474084772,2,0.5022038765382832
270.2667140763921,7,0.768083804330202
270.3499140807254,2,0.5900664601630432
68.14323688246044,0,0.9961528164931518
68.33283689233544,7,0.9910042354325708
68.78270358243266,4,0.9638510912843798
271.41494746952924,4,0.868198976454952
18.953234320481005,4,0.9898540801094509
69.95457031013406,7,0.9971640283405513
271.91268082878616,2,0.9939471790990647
272.18521417631393,0,0.9389668785383712
272.29074751514383,10,0.5184555308837997
272.72894753796675,2,0.8527035109165161
272.82404754291986,2,0.7097461796533833
272.85971421144416,7,0.9986305177556994
273.1549808934893,10,0.684012824097359
273.46331424288167,7,0.9939176564041438
273.4751475768313,7,0.9577238257968808
273.5819475823938,4,0.9535406955826473
273.68808092125494,7,0.6800098505442606
274.0080476045865,7,0.9964866042122495
274.10241427616813,2,0.9158415988040761
274.14994761197715,2,0.9951787812757297
72.3341371007365,7,0.9957613183142482
274.28008095208827,7,0.9923483145123413
275.0726476600345,12,0.3660482653012638
275.84294770015424,1,0.8989395481700747
276.5648810710883,1,0.9957507701421415
276.5884144056473,7,0.97257747058209
276.5993477395501,4,0.5903154663066787
276.67108107661954,10,0.9603874583760169
276.88444775439905,2,0.9382884809555107
276.89571442165254,3,0.999433188579885
74.66623722220005,2,0.8014739522025083
74.90287056785805,1,0.966732404340399
277.0979810988539,2,0.6706936382373904
277.14411443459005,7,0.9934812470791675
277.2162144383452,3,0.7558330259201742
75.51860393326082,1,0.47817192529457886
75.79100394744832,2,0.933394784529941
278.0448144815015,7,0.9481031727704281
278.3404478302324,1,0.552461401794455
25.736468007107774,1,0.8974982702887012
278.4708811703591,2,0.8267790121719667
279.01461453201193,7,0.9178760873135587
279.45291455484005,5,0.999111559872842
279.7611479042272,10,0.889760499899709
279.7614479042428,1,0.9001529574491905
279.7968812394216,5,0.9999985321396396
280.04461458565777,1,0.9806811919011265
280.10471458878794,1,0.9979713267844393
280.1512479245449,3,0.5932551882271238
280.2099812609373,2,0.8793835450817296
78.48980408801084,2,0.7398253788939301
280.24654792950844,2,0.8347692135691737
280.8772146290223,3,0.9999172624979267
281.1452479763158,10,0.9988478997791436
281.14631464303795,10,0.5662814030244411
281.16938131090603,2,0.8401725934456407
281.6195146676838,2,0.5430480164666821
283.7859814471873,1,0.9820394032128233
283.9161147872984,4,0.9561960638356521
283.9166481206595,1,0.36638952095336397
283.9520147891682,1,0.8290071432862087
578.6285301369041,0,0.9957711706213603
284.1166481310762,2,0.9918512382984602
284.2003148021005,2,0.9751895985017551
81.9703042692869,10,0.5003786088456347
285.1712148526682,2,0.5929624474188195
285.2778815248904,2,0.6936764130219718
285.952548226696,2,0.8107000168169984
82.95303765380426,10,0.9805559254282132
286.9578482790554,10,0.7914691572059036
287.254781627854,10,0.9913985563495719
287.45628163834874,2,0.6945100041288795
287.5036149741473,2,0.5738393515986627
84.50350440122442,0,0.9638742823977889
287.58654831180013,2,0.8768223632977002
592.1315308401855,0,0.9994354127641358
288.4969816925519,7,0.9947379703790574
288.54441502835573,12,0.9854103966842372
288.6040150314599,2,0.7302967816629886
288.6980817030259,0,0.9990427943046325
288.69904836974285,10,0.9792675257673741
288.8294817098696,1,0.896538327752736
288.99471505180884,1,0.9600988832743396
86.09000448385463,7,0.9992903874295755
86.1372711529831,2,0.9194499561797336
289.19574839561267,3,0.5274996924738884
289.3137484017585,2,0.7182297034778402
289.48004841041995,1,0.4732855087247091
290.0370151060953,2,0.8680755025624116
290.8051818127707,4,0.894658178000544
291.173015165262,2,0.6051377165074359
516.5892602390253,2,0.9359014280522445
88.05527125287894,2,0.8977302635030928
293.57661529044947,7,0.9996512645937256
293.93131530892344,2,0.8214102596299405
90.44633804408036,4,0.9034747974561186
294.3932486663158,1,0.5238400348634638
294.6183820113748,2,0.9315931086717714
91.1803714156446,7,0.9922929975870219
91.511771432905,2,0.9658999944741753
294.7006820156613,4,0.9885966593834794
295.5644820606509,6,0.8554276967652157
295.90868207857795,1,0.6712235039097534
92.48253815013244,2,0.8344170593093991
588.5415306532063,1,0.9752638479621167
94.69643826543974,4,0.9724927254870799
298.76081556045995,12,0.6488434720106301
298.82058223023944,2,0.9783960992115439
95.3827716345196,2,0.9938077619687764
95.4893716400717,4,0.9399298725192164
298.843882231453,1,0.985854426703677
299.1988489166075,2,0.8620162831106136
299.36464892524293,1,0.9050901232612873
299.77908228016133,1,0.538661483161047
96.16437167522794,0,0.9042940210748699
96.7206717042019,11,0.8642188282820654
96.9456383825856,2,0.7387688782628534
299.8151822820415,2,0.5611292616211866
300.1810156344287,10,0.9999864409289309
300.8440823356301,2,0.792223484961416
301.5786157072204,2,0.9780046824389836
301.8863490565815,2,0.8312800876652614
569.2395629812288,2,0.9498552435775451
98.79227181209777,2,0.7769273108048073
302.52554908987315,3,0.9179530483047618
302.5841157595902,0,0.9964478188473128
302.72681576702246,2,0.909974017833751
302.7853491034044,2,0.7499639191076536
302.84571577321515,2,0.5887274183289353
302.9159824435416,2,0.5818821727693099
303.24701579411624,2,0.9583236061483845
303.2480491275033,7,0.5716505195590228
100.4494385650752,2,0.9163650661729891
303.46141580528285,4,0.9389645294934074
303.50761580768915,2,0.7698561481423414
303.51928247496346,4,0.9842330810826965
303.827215824335,0,0.9992400210776089
304.11208250583843,7,0.7340196345908586
304.2417491792586,10,0.9998863707002041
304.31324918298253,3,0.9945560547898209
304.5504825286717,4,0.958949319054742
1.2272000639166734,7,0.6519403522994162
305.2726158996162,3,0.9999819441619268
305.378582571802,4,0.9594216847067081
306.57434930074817,5,0.999980998222314
306.62161596987664,3,0.931077885794966
307.0241826575103,4,0.8419858670869024
307.1666826649322,7,0.9822498280665635
307.48571601488186,7,0.9791038026658947
104.17863875930438,3,0.9994916764339079
307.5797493531128,4,0.9698215645470506
307.888516035861,1,0.763365683636268
308.33744939257633,4,0.5070352646349701
308.3734493944513,7,0.9833493124936005
308.5740827382343,1,0.8835840584997379
308.9653160919444,7,0.9489666708295269
309.1191160999548,1,0.7926575816915924
309.5687827900416,7,0.9992874024863185
611.3488318410866,4,0.9481908428595774
591.2419307938521,1,0.5498079023524627
310.0546494820138,0,0.9779867366006872
310.065749482592,1,0.9608505017588516
310.3507161641006,4,0.9479004766553737
310.3621828313645,0,0.9998003603435242
310.4451495023524,4,0.9597182619039807
310.51588283936974,2,0.7266091479361563
310.6353161789235,7,0.6692066026834129
310.8945828590937,1,0.9966307776999017
108.25083897139815,1,0.874934388532973
310.92988286093225,2,0.996573996401216
311.0496495338367,4,0.9887467732852508
311.2390828770364,2,0.9746079013313178
311.4389828874479,7,0.9863396137792869
311.664149565842,2,0.7914712096465137
311.7825829053437,4,0.95507612035748
312.0544829195052,7,0.9984564124667445
312.3635829356041,7,0.9887505925550943
312.57571627998607,2,0.98872764342037
110.78413910334088,2,0.8503879634611726
110.91430577678706,10,0.9508607190901619
313.5356496633159,11,0.7406850356408374
313.59418299969786,1,0.55024837533598
313.7829496761961,7,0.9897582869911271
111.71957248539468,2,0.950634970143972
111.8731724933947,3,0.6830949036307421
314.0671830243333,2,0.5427859453696435
314.07974969165446,2,0.6655032953114506
314.45871637805897,3,0.9999060451940195
112.6783725353322,3,0.8815593111082048
112.96257255013428,2,0.640157661043904
315.2398830854114,10,0.7380563227306627
315.2866164211788,3,0.9998761553954179
315.9378497884305,1,0.9687097210585539
316.20971646925693,2,0.9369399173254608
316.8138498340556,2,0.8308382505308984
317.1098498494722,3,0.9992753881619628
317.347349861842,3,0.9962578939496762
562.0567959404597,10,0.9956861878611483
114.9039393179138,2,0.5792553533534675
562.9220293188572,4,0.9975618231117998
318.246883242026,10,0.5364951385220337
318.53101659015795,10,0.5162398590128702
318.66124993027427,3,0.9977237754660686
318.7797832697812,4,0.9537963767118577
319.06351661789233,3,0.7120499623194644
319.52528330860935,2,0.8674739515491564
319.9150166622413,2,0.8478910479934474
116.04027271043118,4,0.9654910115655059
116.5140394017732,2,0.6796314901462446
116.62053940732008,4,0.9424562253140772
116.90453942211174,1,0.49893707590793307
320.1758833424948,7,0.9924081272801056
117.153306101735,11,0.9011071574098073
117.69770613008916,2,0.9242438915966488
117.8635061387246,2,0.6852532144389399
117.87540613934438,2,0.852113289735468
320.6140166986476,4,0.6671952954278421
118.36057283128017,2,0.9179306462694078
118.08840615043812,4,0.9969745091165146
118.25420615907356,1,0.5981809454749443
321.0633500553837,4,0.9979504750885194
322.3783834572083,1,0.9753042946333875
322.602383468875,11,0.7049890798382311
322.75731681027776,2,0.7836151394194284
322.94565015342016,2,0.9382705097412756
323.3134168392413,2,0.818638603582528
323.53831685095486,4,0.9869465256443554
120.89413962990342,4,0.5842910975162728
323.6206835219115,4,0.9966316565512954
516.7995602499785,4,0.9610392191731901
324.4025835626354,1,0.9886380766074555
324.9118502558264,2,0.9253006563076206
553.3593621541349,1,0.9834859847207404
325.1245502669045,1,0.9469216380792829
20.844467752316085,0,0.9794770481352117
325.18428360334894,1,0.9988195658953084
325.7516169662309,3,0.9996676546578231
325.9060836409427,10,0.9989550223699655
326.1905836557604,0,0.9896561267706023
326.6395170124757,2,0.8403212114026262
326.7934503538264,2,0.8109366365554557
327.40911705255905,0,0.9998736627411899
327.55061705992887,2,0.9876109807537433
327.847817075408,2,0.8319690862488552
447.7838566554104,3,0.9999342836643191
328.90125046360765,2,0.9383794481131671
329.17251714440283,2,0.991823784881627
24.96410130021368,2,0.8619447902524183
330.107617193106,2,0.45064515285311524
330.746983893073,2,0.6657762757809123
473.49975799478034,10,0.8537344658023512
585.6922971714754,4,0.9461077939817784
332.2512173047518,1,0.96703416130709
27.331768090196327,1,0.7093370148829403
332.653050659014,2,0.9741305929902947
332.7001506614671,2,0.8630023310916928
332.72378399603133,3,0.999963155189027
334.4291174181841,3,0.949619876943286
334.9269507774462,10,0.5474874975450051
545.7037950887408,10,0.998375855542924
335.341084132349,2,0.7783446536530942
336.0866841711824,2,0.980301734378644
464.75472420597646,2,0.6119562515646523
523.2732939204855,7,0.9991598575613186
337.4485175754445,2,0.9189463578800516
337.56588424822405,2,0.47729303382992205
637.5504665390885,3,0.9993806151893854
338.3706842901408,10,0.5697938380557808
338.8563509821025,2,0.619757211769426
339.0931843277709,4,0.9833144302157097
339.3652176752727,4,0.9858065116360573
546.7086284744092,2,0.9851230521456199
340.17011771719456,10,0.9542039272709059
341.15331776840287,10,0.8692072565321178
341.43698444984386,4,0.9976714834110679
341.4966511196181,0,0.9988652368215165
341.56735112330045,1,0.7133720630186792
342.3962511664723,7,0.9978567603677214
342.85851785721536,7,0.926666262774922
516.4361602310514,0,0.993007600007858
343.2362178768873,1,0.6034854774795829
343.28381787936644,4,0.4140805829947746
38.021501980286665,2,0.7021891430139808
38.11633531855923,2,0.9001403769536599
343.74588457009907,3,0.9946594867357995
343.8047845731668,2,0.9775177936569245
344.04208458552614,1,0.5789587006814374
344.05385125280566,2,0.9448784808869587
344.08908458797407,2,0.4918605255267311
344.1133512559046,10,0.8218351540400524
344.5857512805088,3,0.8914011730089092
344.87075129535253,10,0.8540550489079093
40.70883545358529,4,0.8496366400832062
40.779835457283205,0,0.9991586732574647
345.3913846558022,1,0.9322203363762729
345.5330179965123,0,0.8936114035178256
345.9119513495817,2,0.6235459476344277
345.9598846854116,7,0.9975193987458943
346.27985136874315,10,0.7901533294661734
346.43368471008864,0,0.9456562411580748
346.6814180563248,1,0.9694109407705326
347.0481847420939,7,0.6251604853648967
347.2386180853456,0,0.9998648787629321
347.75945144580567,1,0.8373641552881766
347.8060514482328,4,0.8597793214703395
273.7560809247966,7,0.9638795594245174
347.8418847834324,0,0.9992536777169527
43.8103022817867,7,0.9947927721745433
347.9956514581078,0,0.9993809683766613
348.2089181358821,4,0.9964125229953456
348.3158848081199,0,0.999938171578872
348.4454848148699,0,0.9935031305877297
348.52828481918243,4,0.7496746262188592
348.5639848210418,0,0.7578145907485285
348.78868483274493,0,0.9725903980232073
349.0850848481824,4,0.9948456369392655
349.8896182234185,2,0.8996407035360227
350.06761823268937,4,0.9924316360666308
350.3274515795557,7,0.9827905036912731
350.6005849271147,0,0.9878446347123243
350.7061515992797,2,0.9510544212609892
350.87201827458523,3,0.5098976150886334
46.61603576125199,2,0.7248406194494382
351.1571516227692,1,0.9845122390090784
351.2271516264151,2,0.9473513747326399
351.22741829309564,7,0.9602996640996219
351.3225849647189,7,0.7798782397295477
351.3341182986529,7,0.9988186960549728
351.41635163626927,7,0.4373242847061803
351.8552849924637,7,0.9950969123932013
352.1745850090939,4,0.8768081926365587
352.3760850195887,11,0.9964253494885075
48.71140253705234,12,0.5060617672264976
352.3881850202189,1,0.9562817931742577
352.4353183560071,2,0.960525947704988
353.3580184040644,5,0.9999274494455338
353.4766184102415,1,0.9894481994951926
49.35063590367909,1,0.9911108769304399
49.77670259253673,7,0.9248322234728168
353.5829850824481,2,0.992761125215187
353.7601850916773,7,0.9998565363126917
354.1636184460227,2,0.8129304016646661
354.2939184528092,1,0.9862963152399733
355.7730185298457,2,0.6906739863504031
533.6182944592875,1,0.5840314600945388
356.0926518798266,7,0.9910995270483183
51.5643026856409,7,0.994657364360088
356.2351852205835,2,0.7982025639983613
417.8309550953634,7,0.9985351778453806
631.4857328898836,2,0.7596863601089631
357.644218627304,7,0.9982119905603387
280.289547931748,2,0.5175637328460306
280.5137812767602,10,0.953166686721827
357.7026852970158,4,0.6582007915108986
357.7263519649151,1,0.902781050810697
357.72675196493594,5,0.9999966995757213
357.73841863221026,1,0.9854896560767843
358.0227853136877,7,0.9436189290522439
358.30605199510785,1,0.8164636490390176
358.365151998186,7,0.9827895547543093
358.4019520001026,3,0.9976896744696183
358.46121866985607,3,0.9998431866505396
358.5079853389585,4,0.6899191396792299
260.97594692583124,1,0.9272927362063589
358.6505520130505,2,0.6997712049182072
359.1236187043561,10,0.6113432010204858
359.12378537103143,7,0.9893849561597836
359.4434520543474,7,0.998995841518488
359.620852063587,1,0.7644641569242581
360.18831875980925,10,0.5287257817580805
360.8985187967989,3,0.9993276674614392
361.11155214122766,10,0.9982592742250496
361.1947854788961,4,0.9519693040864716
361.4562521591808,9,0.9682961646677349
585.6260638346923,3,0.9999406251485673
362.1539521955193,5,0.999998515346939
57.82676967847774,1,0.9554417011470622
362.1653521961131,5,0.9999988125769848
362.19018553073977,4,0.9157885887781517
362.2836855356096,2,0.8015707791471482
362.36738553996895,4,0.9776988478058649
362.37905220724326,4,0.5090351981261905
362.4385522103422,2,0.8872993688836309
362.473952212186,3,0.9998295509383809
362.4848855460888,3,0.9702038786593591
363.1839855825002,4,0.9812551168832232
59.9457031221722,0,0.9766132238163534
363.2194855843492,7,0.9928397922333988
363.3974522602849,7,0.9958886516033905
363.52745226705576,7,0.9985004578910998
364.0948189632728,2,0.9346125646347226
60.90463650544998,0,0.9800704515815013
364.1315522985193,7,0.9862116412464721
364.1671523003735,2,0.9626598453616922
364.3440856429221,0,0.9979843662214947
365.72935238173807,7,0.993965457513725
61.53196987145693,7,0.5892954997260588
365.7762857175159,7,0.9069390686304897
365.7889190515072,2,0.7136937908480179
366.0606857323284,4,0.9533744083422464
366.70015243230057,2,0.8187498130253197
366.7241191002155,4,0.9876459124228513
366.9603191125176,7,0.9636578289182718
521.7872271764195,4,0.8929656695128331
368.1324858402346,7,0.9946452398107827
63.89956999476944,4,0.9537248746585721
368.41651918836135,1,0.7860070551945392
368.4762525248058,7,0.9815391525358942
368.4867525253527,1,0.9970429686433909
368.7709192068197,1,0.8906607067343015
369.1622192271999,1,0.9644258346984057
369.6239859179169,7,0.8614803990198574
369.69475258826935,1,0.9427940141472967
552.7704954567981,0,0.9853342962801152
370.1681859462607,3,0.6460378935241755
370.180352613561,7,0.9550646524742021
370.23935261663394,1,0.8658708445918193
370.3342859549117,7,0.6491502783214185
370.3465859555523,1,0.9614467694426827
370.4528526277537,4,0.9451419813492299
370.5592192999603,8,0.9996872551469949
370.7130526413058,1,0.670924641984914
370.8082526462641,1,0.9967131526956042
370.8675193160176,8,0.9987027121788916
371.1986193332624,8,0.998788792785926
371.3527526746235,8,0.9892976060090325
371.42255267825897,7,0.907855514036306
372.5836194053978,1,0.9946297069178914
372.7021527449048,1,0.9787454089265933
373.1041194325072,1,0.8959587949308688
373.59028612449504,2,0.8630355005285997
634.6894997234132,2,0.9095235005400114
374.5243861731461,2,0.7854257103521637
375.1410195385957,2,0.8573424520470293
19.835401033093856,1,0.5104003161800298
19.16060099794802,2,0.9831576012945449
375.1524195391895,0,0.9964542801622552
375.30638621387527,7,0.7732129629906156
375.8027529063944,2,0.8234564827493057
20.746867747232752,2,0.6832348994774443
376.26481959712703,2,0.9034776189495838
376.2774862644534,4,0.6997515993995729
376.33665293420165,4,0.9540605729158047
376.632019616252,0,0.9997494768692373
376.6440862835472,7,0.867265115829602
376.6559196174968,2,0.9780404802429556
376.8923529631444,4,0.7737731779885442
376.9038196304083,0,0.9945212024131591
377.1890196452624,2,0.9326952594811176
22.54626784095151,0,0.9998816917770443
377.544019663752,4,0.6408060076680865
378.0520530235455,2,0.9406708939873044
378.0760863581305,11,0.9961782053562509
378.25395303406106,11,0.9997710542151687
378.49038637970864,0,0.9996831959003001
378.9050530679725,1,0.9959763368355761
379.366553092009,11,0.9998769248150843
379.4487864296253,11,0.9995200166573205
379.970886456818,1,0.7352567927108946
380.0176864592555,11,0.9994847295060444
380.4435531481028,1,0.5675082316937345
380.5499531536444,11,0.9990751005724079
605.7539982163557,11,0.9009554135040135
381.50861987024166,2,0.689986583386668
25.57686799879528,2,0.9439621328733048
381.7701198838614,0,0.9901601857683251
0.3789333530694465,7,0.9946534056065639
417.8808217646272,7,0.9978166628154259
473.1594579770564,7,0.9369619281784382
26.35816803948799,7,0.581877531840039
383.06041995106455,7,0.9780726672853114
383.237253293608,12,0.9746182446061984
383.5105533078423,7,0.5714926483917311
383.557453310285,11,0.9987488050704115
383.6279199806218,1,0.8963574793187169
383.8772866602764,11,0.701479009091808
383.9239533293736,2,0.9748745521232852
383.94851999731975,2,0.5328869766923422
384.1968866769222,10,0.6955894342855048
384.420920021924,7,0.7909434329893971
384.6930200360959,12,0.5370958885772423
384.8477533774882,11,0.49529171467097577
385.4757534101965,12,0.5077787528546482
385.6286867514952,2,0.9052347218015017
596.7730977486004,2,0.9876209215779804
474.627591386855,2,0.8770271400045955
386.3862534576184,10,0.9990597179000336
386.942353486582,10,0.9989572690307602
418.768255144181,2,0.7214779158413008
387.4395535124778,1,0.9951080632486204
388.8376535852954,1,0.5084502094200114
388.9669535920299,12,0.9917180549105904
388.96708692537015,1,0.9659133160927897
389.393253614233,2,0.6778680487651977
389.74818696605246,1,0.8279919817336796
390.15042032033546,5,0.9999969056582769
390.3170869956826,1,0.7679328649228737
390.956120362299,5,0.9999615687072263
391.2281537098007,11,0.907606700100791
391.3106870474327,1,0.5494357912281596
391.7964204060646,2,0.9930146028356592
613.2887986087932,1,0.6518964089753021
392.5300871109431,4,0.7390055594494047
393.2283538139778,7,0.6290605339514311
393.71492050598647,1,0.759003396351855
417.99012177032,2,0.9937679373331609
394.1051205263094,7,0.4864063240675506
394.1284871941931,1,0.9885753412244077
396.7682539983476,1,0.564488251292216
397.57352070695526,11,0.6613584994506911
397.7863540513737,1,0.9289860222854877
397.8333540538216,2,0.9894650907214825
578.9392634864215,4,0.9944914191838022
515.8869935357823,2,0.7862674152472447
399.5272541420456,2,0.9419741213466543
399.598520812424,2,0.8451808403439969
399.64538748153166,9,0.9744614364741798
399.77492082161154,10,0.9902563655015988
399.83538749142747,1,0.9860314413328212
399.8817208271741,0,0.9992624554659538
400.2137875111358,2,0.7662103294362478
401.03072088701776,2,0.6740116688614171
401.26698756599,3,0.953248182014028
401.3258875690577,6,0.9129342240082761
415.7378549863477,3,0.9969709611892724
402.35622095605424,5,0.9999995490496638
402.46218762824,5,0.9998842477677382
402.8300209807313,5,0.9999970484209019
402.876420983148,1,0.960741915952407
402.9475543201862,11,0.49466734756398784
569.8631630137079,4,0.7491991836135506
404.0012877084015,4,0.9287736481984801
404.3334210590334,4,0.713229244622951
404.6287210744137,1,0.9195586002332058
404.92498775651086,0,0.99991901316436
405.1620544355248,7,0.9726493898697142
405.22115443860287,7,0.9381783253107194
405.2921211089657,1,0.6356053545944754
310.9674161962204,0,0.9634857739976413
405.3277211108199,7,0.5644647722606945
405.375287779964,2,0.9991454119967026
405.56458778982335,2,0.9823566136678902
405.5767211237886,3,0.9994901323695383
405.9433211428824,5,0.9999734200564059
406.1328211527522,1,0.908904544444186
406.1684544879414,2,0.9214421145526787
406.45155450268624,5,0.9998723075376982
406.5346878403494,9,0.6672591568892243
406.818654521806,7,0.6500666476063561
4.5137669017587045,5,0.9999958937711604
5.121566933414958,8,0.5363159238208789
5.215533604975723,7,0.979079365504035
6.363100331411492,2,0.830282741207271
6.970533696381982,5,0.999931026634772
7.085967035727468,4,0.9638307842529494
7.309400380697956,2,0.9817755914090608
4.541866903222247,7,0.9848269913557193
408.54812127854905,7,0.9291360614283019
408.6183546155404,4,0.9284874649825335
237.9479457264561,1,0.8067306239174441
409.5188546624414,0,0.9948502538774102
409.6005213333616,4,0.980066104710239
409.8144213445022,7,0.9657575435811847
409.95628801855776,4,0.9167049197958018
410.6545880549276,0,0.9913726162877684
411.0695547432071,7,0.9982390966795068
411.1761880820942,7,0.6648635711047745
411.23535475184246,9,0.6488346150198269
411.49472143201785,12,0.7500715419894964
411.60205477094144,11,0.9936707386090994
411.8383881165838,6,0.9476432527193078
411.90915478693626,4,0.984151578325403
412.1705548005508,0,0.9991861511596049
412.2053881356984,4,0.9094777153763349
412.3715214776845,7,0.9967678998969922
412.6442214918876,2,0.932317519961348
413.7083882139797,4,0.9626738170146172
591.495297473715,7,0.9857823867646721
414.1936882392557,4,0.9924885744137341
414.32442157939806,4,0.8959603512701003
414.5368882571307,0,0.9949264288046509
414.69195493187374,7,0.9963974444767563
414.73812160094496,12,0.9758250158602894
414.7744216028356,2,0.7476343756954066
414.8214216052835,7,0.9959690810159182
414.84492160650746,11,0.9997154019990545
415.08238828554215,11,0.5800627090041857
415.1056216200856,11,0.9995118100613495
415.2237882929068,6,0.9797283308758757
415.3194882978911,2,0.7924158690037498
415.3195882978963,7,0.734576939499989
415.3662883003286,2,0.5511025538624673
415.3898883015578,2,0.9476695136392097
417.3665217378408,7,0.9593805481374788
417.5682884150161,3,0.8182263806390282
417.58068841566194,7,0.8518592484563501
417.6508550859832,7,0.8458979741569949
417.6740884205266,2,0.9413754288267756
417.7701217588616,2,0.7835108914403437
417.7935884267505,10,0.7153752080202612
417.8278550952019,2,0.5870996381901
417.94755510143625,2,0.8726509717843793
418.3263884545005,12,0.39078556013386195
418.3614551229936,2,0.6073055732722571
418.3725551235717,2,0.7569926500864989
418.4682884618911,7,0.7878342256536857
418.6337218038408,7,0.9754610373409172
418.6575218050804,7,0.9947135647011328
419.0237551574884,2,0.7161318194474333
419.2251218346429,2,0.7079705979622171
419.2845551710717,4,0.9222875146060869
420.12452188148666,4,0.9327429451940715
420.1727552173321,9,0.5907907492640911
420.2914552235144,2,0.9864562813656125
421.2022552709519,4,0.5453750428414469
421.3794886135162,0,0.9844370395608759
421.8423553042904,2,0.9467949844927257
422.4211886677714,11,0.7474695061796837
422.95392202885125,4,0.993400542096855
423.3096220473773,4,0.8018509153852318
423.5339887257297,4,0.700626718147438
424.0675554201863,7,0.9836274256944378
273.3820809053174,0,0.957811448823634
424.1028220886898,1,0.9928374697918534
563.5085960160742,7,0.9121026916974114
18.62506763672232,0,0.9820076294267389
425.67662217065856,0,0.9996751535792763
425.8196888447766,7,0.9498628809701894
614.4908653380676,7,0.8591412250263083
614.5617320084252,0,0.9918423628481832
19.12223432928309,2,0.9914059875945548
19.56026768543066,4,0.8439192198700071
19.228767668165037,2,0.9533699354491388
426.3396555385249,2,0.908321116898039
421.6221552928217,10,0.5261018010564756
426.6947222236846,10,0.9959545002145882
523.625860605515,4,0.9782358779495903
21.596367791477547,1,0.7040620895616123
428.45892231557,2,0.7186832027974785
428.5306556526394,3,0.9998586208608012
428.541955653228,9,0.9980241304620691
428.6247556575405,3,0.9997539263278773
428.9440890075058,10,0.6252106438500095
429.3467223618096,1,0.5828673210062031
429.5958223747836,7,0.9188718996400788
429.7857557180092,3,0.9553908807440392
430.04582239822105,3,0.8965027548025913
430.4827890876464,7,0.9977579748705725
431.4655224721638,7,0.9637876132016754
431.8090558233895,4,0.985599687595464
595.8880643691716,7,0.7354116288433369
534.7983945207511,2,0.9870342448220464
432.093955838228,5,0.9999882956048232
432.8750225455752,5,0.9999811266252576
622.5593324249669,1,0.9847477251017743
433.0874558899728,1,0.9633046652767975
433.1941558955301,1,0.9429053849068869
433.869489264037,7,0.8111000348263055
626.7782659780363,2,0.6601965453074711
434.36648928992247,1,0.7738875096790725
434.3784226238773,2,0.8272524828680561
434.6392559707957,10,0.9218460522876727
382.9833199470489,2,0.7282446023532058
435.3494560077853,2,0.6109813761167208
435.6805893583652,4,0.8518196763022
555.8043622814787,2,0.9340520524491821
436.4620893990683,2,0.5582730683344335
437.1840227700024,10,0.8173120723859361
437.3265227774242,3,0.7647315450480234
437.3976561144624,2,0.9240633645313285
437.4567227842055,4,0.98610683684092
437.55078945577145,7,0.9973761824432206
31.09053495263211,2,0.752457597205639
437.76322280016905,1,0.6874179402649307
437.7995228020597,4,0.9728936199156311
437.82285613660827,4,0.9827581041293081
438.2372228248565,3,0.8000229252296983
439.3979895519798,10,0.5233741546697163
32.16783500874149,1,0.8863152269831961
439.5038562241604,4,0.9928465233242992
439.5507562266031,2,0.7140226867605299
439.6219895636465,5,0.999987302566604
439.9773895821569,4,0.9752786626689703
440.2388229291065,4,0.9642345477265228
440.3214229334086,2,0.7989049612448885
440.4394562728895,5,0.9992362129918951
440.46318960745896,4,0.9752313343792849
172.94177567405129,4,0.922683095886918
440.7706896234746,2,0.7712692438153649
440.8420562938583,7,0.9991603928572281
440.85332296111176,4,0.9938229824021462
441.4698896598912,1,0.926978993398668
442.34502303880447,7,0.9297222766012571
35.49426851532658,7,0.6933814883152263
442.7834897283079,9,0.9739597644252652
442.8778563998896,4,0.9455209953639403
638.3389665801562,1,0.987073767518009
443.1035564116447,10,0.5520432967376754
443.7538897788496,4,0.8851082920835464
577.9135634329996,4,0.9835891405254943
444.4052564794416,2,0.9410366298245065
37.506868620149504,1,0.9193689955948408
444.4873898170528,6,0.2617978441421907
516.7741602486556,7,0.9805145672438637
445.9439898929173,4,0.9858029965708615
38.67883534785611,5,0.9999980766437511
446.0029232293201,5,0.9979071322720376
446.0499565651031,7,0.9998142809470691
446.0741565663635,4,0.7955542727643794
446.15692323734095,3,0.9719580459205567
446.1802565718896,2,0.7884554615157086
446.2640565762541,11,0.9995944521546737
40.99896880202974,2,0.7606986083004806
446.3227232459764,2,0.9549466352014242
446.39415658303017,10,0.8957556514338798
446.5003899218965,4,0.806288104356378
447.0688566181708,0,0.9746674583156058
447.1154566205979,1,0.9848129885866242
447.31752329778885,3,0.9993498016065383
447.5543899767923,2,0.7357600018546065
447.5661233107368,2,0.6907925312072251
448.67835670199895,4,0.7266681946525462
42.44320221058357,7,0.6507027971093371
448.726390037834,1,0.9842967331136308
448.7377567050927,1,0.8997257897424689
448.76115670631145,2,0.9963294259811253
449.2475233983097,0,0.9979475712231222
450.0755567747698,2,0.9444296579683394
450.4431567939156,2,0.8740162649750982
450.85635681543647,5,0.9999984374903746
450.9163901518965,5,0.9999984752031538
450.9284568191917,1,0.9267575316474794
44.18353563455926,5,0.9999700728244536
451.12982349634615,1,0.9305693107404643
451.6143901882507,2,0.8897493562404005
451.78025686355625,2,0.9812597740545538
538.4676613785255,7,0.9760458664817988
452.8695569202906,7,0.9854723286331013
463.9302574963688,1,0.7086912443792956
472.4427579397282,4,0.8982913655571683
472.5252579440251,1,0.9899351389975348
453.1295902671674,4,0.8737492775636898
453.140890267756,7,0.7005871855937772
453.16485693567085,2,0.9263927045005834
47.36796913374852,4,0.8771132810141733
455.6277237306118,2,0.9955753242305079
456.1373237571535,6,0.4622233215657271
456.66865711816047,7,0.9928583731101658
456.70455712003024,4,0.9537590635053966
610.8377651478019,4,0.9890347462546881
457.2973571509052,4,0.9609873028264145
590.5647974252514,6,0.9367201952242813
458.6343238872056,3,0.9980930087912128
458.8945572340928,4,0.957958082908651
458.9428239032733,2,0.8100007120234474
459.2626572532646,2,0.8608951751904458
459.78269061368303,2,0.5815033110711164
459.8059572815615,1,0.8109431626240902
459.8776572852959,4,0.9944621811071127
459.9834572908063,4,0.8300209720949662
460.36332397725766,2,0.9666939756335847
460.7056573284209,2,0.7998265360147679
460.83615733521776,4,0.8052726086984076
377.4696529932121,4,0.9020570274867088
460.9196240062316,12,0.5614106680196336
54.30496949505064,4,0.8355728888997388
461.0975573488323,2,0.6823001599070871
461.19145735372297,4,0.9731473209328204
461.6413907104903,4,0.9759267553770916
461.7959907185424,7,0.9933843204020204
461.9842240616796,4,0.9380902871546634
462.066990732657,8,0.9889786678427828
462.2096574067542,9,0.9812734508849639
462.22182407405455,8,0.7737722954288434
418.441855127181,9,0.9999997669571302
462.2328240746275,9,0.9999999999479314
462.51722408944,11,0.9973507153399691
462.6008574271292,0,0.5770898091438081
462.765390769032,6,0.9965425535605694
462.78902410359626,12,0.9034518543191339
463.0973574529886,6,0.9315228115646936
463.18065745732713,4,0.8567659397754883
463.3099907973966,1,0.7660244372001379
463.3459241326015,1,0.9795244015985878
463.3934241350754,11,0.9993913703420506
464.0327241683723,11,0.8259165638012111
464.1030575053688,11,0.9993768230833885
464.2455241794556,2,0.958256719672246
464.3881241868827,4,0.988680639770211
464.4829241918202,11,0.919998084148994
465.2044242293984,1,0.5844295115419983
465.35882423744,1,0.8508140544377848
465.5476575806084,1,0.5600859776020742
465.6422575855355,7,0.9820027788992646
465.8087242608723,4,0.9641581866769944
466.6850243065129,7,0.568165523479003
466.71919097495913,1,0.8587940332140932
467.2528576694209,1,0.49213600520028833
467.4426910126414,1,0.769441627681918
468.0695910452925,9,0.35374700193362674
468.7198910791623,8,0.9905977272142211
582.6722970141836,11,0.711628877665228
521.8279938452094,9,0.9409151400628155
62.44963658591874,11,0.9667849715182941
469.09972443227855,8,0.9911486480628273
469.5135911205008,12,0.8609335638204872
469.5496577890459,11,0.8288882598340798
469.7031911303758,11,0.9950496672439131
63.29013662969479,1,0.9524481818513979
470.2830244939088,4,0.982037047248726
470.9691911963133,11,0.9926169460024278
384.4642866908493,10,0.9998716685464283
64.35563668518958,2,0.893912865967712
64.7698367067625,9,0.999997774296564
64.82903670984584,9,0.9992869068395364
471.6095912296674,8,0.7996950039890625
471.8097579067595,6,0.9993416886714283
65.57480341535452,8,0.9709976967591857
65.61047008387882,9,0.9659353670668895
471.8463912420008,4,0.9715811078208415
472.3069245993202,1,0.7044369121761844
472.3307579338949,1,0.8363954461909153
472.3897246036328,6,0.9628008472511286
472.4022912709539,6,0.7148577343403182
472.46085794067096,1,0.6760309629217757
472.53262461107545,1,0.9097904162879545
473.02952463695567,9,0.4004685985363864
67.2796035041462,8,0.9812840303408398
67.55190351832849,10,0.9360575638388342
67.93073687139272,11,0.9997504485477435
473.147757976447,9,0.9979645679841426
17.651434252678914,1,0.5019419797830074
68.2505035547139,1,0.5086081253149953
68.09653688002814,8,0.9992119604340459
68.10823688063752,7,0.9702379309785898
68.3923368954344,4,0.7676243050851178
68.2149368861948,11,0.7480581943538784
69.76553696695524,7,0.5645770389563245
475.3031580887074,11,0.969881333999539
475.5273581003845,12,0.9994577483080326
475.9530247892213,9,0.9647813676417303
19.29696767171712,1,0.5075253354267252
19.782267696993163,9,0.9412894124880609
476.04865812753553,6,0.9214788443175909
476.0597247947786,9,0.8409825242332817
476.0716247953984,6,0.9925281564639895
20.61100107348969,4,0.7211505120382823
477.1260581836501,6,0.8536277734721095
467.8757577018636,6,0.9982726058587869
477.3742581965772,1,0.6968376932168872
477.6935915465425,6,0.9690484150125377
478.1206582354522,9,0.5134683000087683
478.61752492799735,9,0.9633945690943407
479.2451582940199,11,0.9212795967481412
479.3149916309905,9,0.8660801294212496
479.5053916409071,11,0.8997603530544647
22.777367852987968,1,0.9828132884592023
479.61145831309807,1,0.9361263838757863
479.6228249803568,7,0.8107743677114065
479.7536249871693,1,0.986680654688996
479.9672249982942,1,0.9146500093522685
480.0379916686466,1,0.9746686083098629
74.58377055123825,8,0.999160410747332
480.16752500872656,8,0.9108629989387829
480.21475834452,4,0.7869085127144405
480.4277583556137,8,0.9992071180507623
480.4759583581241,8,0.9183587046613308
481.04365838769183,12,0.7680284057564284
481.0439250543724,8,0.9997770883704794
481.1623250605391,4,0.9748148053250051
482.1916584474835,12,0.981908417485848
25.949901351557436,4,0.5499118296743036
482.3468251222317,1,0.9948586551114907
483.0795251603933,11,0.9886557515242457
483.7310585276606,12,0.9956338521800698
483.8612918677769,7,0.6382992528990985
585.9512638516298,6,0.959395429869807
484.252558554822,6,0.7589939844728785
484.3237585585304,1,0.9878512427716437
626.7668993107777,6,0.9993462763461031
485.305158609645,8,0.7038337454148695
486.2521253256329,11,0.7277863216885803
486.2767919935842,1,0.9971546193231681
627.9579660394791,4,0.6491096951026991
29.915701558109536,1,0.9603583820601648
487.25869204472485,5,0.9999905623372722
487.3886587181606,11,0.9323935734933818
487.993158749645,1,0.6162043318692413
30.850901606817875,1,0.6056991421166981
488.7511921224592,7,0.9986049010469282
613.8975653071665,1,0.7248495589693833
82.8110709797435,6,0.9994655558790065
489.3903254890808,8,0.8116810669632396
489.981792186553,9,0.5759977612306939
515.9599935395844,11,0.9657847831801428
83.63970435623483,11,0.5148521078380185
490.420058876046,6,0.738841805035327
490.6330588871398,11,0.96103909359543
490.6920588902127,6,0.9961212087786007
490.7157588914471,1,0.9765725962637607
491.1416589136294,8,0.9997231569090254
491.46225893032727,1,0.9774622831778322
491.6159922716676,8,0.999367941759126
491.9462922888707,9,0.9649374726139256
85.00117109381122,1,0.9939893488559631
492.4794256499714,9,0.9759695573718294
492.6451256586016,8,0.9991971236950933
492.6692256598568,8,0.6518176693029032
493.165625685711,4,0.9899537498812934
493.5091257036016,11,0.9862264710245745
493.8059257190599,9,0.985083744308962
493.8639590554159,8,0.7646886315942193
494.66982576405474,6,0.6022478728267701
494.800525770862,9,0.6357577688862996
88.55253794544493,2,0.8395822095811093
495.6168924800478,2,0.9806899450144578
496.7300592046919,7,0.7574295861406544
496.9898592182232,1,0.9651105782205087
90.8967047342036,1,0.5365059939336368
497.12032589168496,1,0.9829752886175462
497.285425900284,3,0.995033645062263
497.6059925836468,1,0.509381098686837
415.7576216540439,3,0.9986738438193663
91.22820475146924,8,0.9997717261535785
91.35813809156994,11,0.91872110549633
91.429204761938,9,0.9999373067649331
497.7232592564211,8,0.7800423114546982
498.635725970612,11,0.9894327248445365
92.36470481066196,9,0.6781630715093411
92.70777149519668,8,0.9966707907309831
498.8720593162544,6,0.9920578983717
498.88359265018846,6,0.9993388407938361
499.1566926644124,11,0.9945353324227284
499.73602602791937,11,0.9957464296344282
446.69328993194335,6,0.9974337981739569
499.7835260303933,8,0.9993150293681565
500.0918927131207,10,0.5613914224564368
500.2447593877493,10,0.8034280866244438
501.1337927673864,11,0.5039206819852058
501.1449594346346,2,0.9533576579514034
501.7966594685773,0,0.9847411707301393
501.80735946913467,1,0.7335649784947279
501.9388261426485,4,0.8267896953551285
502.0799594833326,1,0.43946605660684335
502.6965928487822,8,0.9974131158053656
548.7308285797321,8,0.9664750501735802
503.14505953880655,8,0.9942494275136813
96.25910501349532,12,0.9688862314280571
96.83943837705434,12,0.45045654340414093
472.9422912990789,4,0.9013492947694799
503.43059288701136,8,0.9993349745443313
504.3888262702527,6,0.9839829082153263
636.9237665064479,3,0.9964264192198626
569.18256297826,1,0.5877129991526383
505.0877596399888,2,0.985955631089865
505.90362634914857,11,0.9974893211112873
593.845364262781,11,0.9998751978618597
506.5321263818829,6,0.9996445657844328
99.55043851825226,1,0.4667558211926529
507.7269597774472,1,0.6844586861330273
507.9519597891659,1,0.9287615497576185
600.9929646350519,1,0.9213357857610656
508.1052931304854,1,0.9395036574383674
508.3193598083013,2,0.8642712988422435
508.4135264798725,2,0.9896194906463257
508.5437264866538,7,0.9275246791434283
508.8631265032892,1,0.9044482196623952
509.5851265408934,1,0.5074093256195403
102.32020532917764,11,0.9924328424611623
590.7216307667532,11,0.7378413921266943
510.082226566784,1,0.47814834469513895
103.90650541179744,3,0.9930625089792596
510.2493265754871,10,0.5546838854402723
510.6866932649333,2,0.6778653404255792
510.74535993465554,1,0.9620205516055659
510.9357266112371,3,0.9368590288770184
511.3378599655149,2,0.6904777403456146
511.7050266513048,2,0.9109842484654894
611.4684651806508,2,0.9428640605991374
105.2681054827141,2,0.9768367462613234
105.49280549441724,2,0.8362115259497694
512.5694600296607,1,0.7530761659283449
512.6989600364055,1,0.9864665636758783
512.9001267135496,2,0.8158398749192942
513.2675600660201,10,0.9999388044213801
513.4214600740357,10,0.9408933488559523
513.5753267487163,10,0.8399491224636693
513.68272675431,10,0.9833989149817399
514.1658934461417,10,0.7451272155528191
514.2035934481052,10,0.9315254530433706
514.214526782008,7,0.9988677413599307
514.3925601246139,4,0.8765720993835073
514.6893268067371,4,0.6393988718838371
514.8424268147111,2,0.7308417215027285
514.935493486225,2,0.7678816128175763
515.1743934986677,11,0.7887821003679241
515.6359268560392,2,0.9278034854556442
515.7051268596434,2,0.8218428320757212
109.7191723812072,9,0.9999856740790425
515.8135601986243,1,0.9974586312330409
515.8584268676278,7,0.9250365753438519
516.2258268867632,0,0.9888424107319335
516.2619935553136,1,0.9974106221010466
110.55977242498844,7,0.9195613553189567
110.55983909165856,1,0.8763314504258044
516.2739935559385,1,0.9077970092535197
516.3210935583917,1,0.9961501382932139
516.368793560876,0,0.9997261075805015
111.18693912432003,5,0.9999990692185248
111.3172391311065,1,0.9969035630428468
517.0914935985166,12,0.728712400642432
517.2083936046052,7,0.7728358674888666
517.2920269422945,0,0.9846397774454532
518.4636603366504,7,0.9881577751124909
518.7828936866105,5,0.9999739994821509
518.8425936897198,1,0.9156500551314949
518.8662270242841,7,0.4039447898488135
518.9979936978135,1,0.977304148542439
519.079293702048,0,0.9995503135884638
519.1397270385288,1,0.9942647889066448
519.6722937329333,1,0.968981011737874
519.9568270810861,1,0.9688757816477718
520.0852604211087,2,0.9343583567862958
520.5469937784907,1,0.9793539991906871
520.9614271334091,1,0.9715638784497808
521.1882604785566,2,0.9991464659837666
521.412627156909,2,0.984421238973414
521.5784604988795,4,0.8616426278745697
521.6243271679351,2,0.9808613028708134
521.6616938365479,2,0.9597949288135469
521.6718605037441,4,0.949365338001549
521.6736938371729,2,0.8481523960442882
521.6835271710185,2,0.9594899688576045
116.54963940362737,2,0.9430201968027382
116.58543940549194,0,0.9995681910605841
522.039493856225,2,0.9378074173869935
522.1447938617094,7,0.7807954979131418
522.1448271950445,7,0.9927254882080511
117.56783945665862,7,0.6451021895144652
117.14177276780096,2,0.8493882633826979
117.1652061023548,7,0.9897421107703677
117.248339440018,3,0.9988656362612921
117.88753947330966,2,0.6595689733493844
118.00593947947633,1,0.8583942822282704
524.3947606455619,1,0.9648259727765577
524.5486939869126,9,0.7422120853606523
524.5600939875063,1,0.7855884660493999
524.5740939882354,1,0.4176182604442243
525.1280273504195,0,0.9987435676918138
526.052294065225,1,0.7953088073349422
526.288394077522,4,0.5736550809430541
526.537560757166,4,0.2964561145512558
526.5955607601869,9,0.6126686450283043
526.7278607670775,4,0.9887648782546516
526.845227439857,4,0.9449703245956024
526.9176607769629,4,0.6457585183985656
526.9283274441851,1,0.7411525767750193
19.63736768944629,4,0.8957027061997774
527.092894119423,5,0.9999810778520959
527.1530941225584,5,0.9999440282083494
527.2952941299646,1,0.9382728867409889
472.6949246195286,1,0.5806472585055457
20.028034376460177,7,0.9807998277456891
122.77673972795552,4,0.943307057760677
20.110901047442816,7,0.47141840379474687
20.915867756034835,0,0.9590114665528093
528.0293275015289,4,0.9835943931889699
21.306567776383798,4,0.9842378751335277
123.28573975446594,11,0.984598722783919
529.3325609027389,1,0.9105094518562334
529.5211275792268,4,0.5970160166344499
530.4687942952511,4,0.9742831624131559
530.4916609631088,5,0.9999927788937367
530.5043276304351,5,0.9999926209038511
530.5863943013761,1,0.8482299816594298
531.3552276747529,5,0.9999721672363582
125.01417317782185,1,0.994504327428435
125.39273986420554,5,0.9999956664492622
532.0553943778865,5,0.9990063153326524
532.065694378423,6,0.7951496797470806
24.25426792990985,0,0.8139561272590237
310.926882860776,9,0.9269352661954744
532.0890277129716,1,0.9841256710288377
532.0910277130757,1,0.7901033817129507
532.1023610469994,1,0.9748060918492221
532.1265943815948,1,0.6007815311810548
351.4379183040592,4,0.9882891136201233
468.7190577457855,1,0.986156159493175
533.0847944315011,5,0.5612036906753699
533.2487611067078,5,0.9999499461253625
533.4498944505168,1,0.9655340502335468
534.1146278184716,5,0.999981077536152
128.00907333380624,1,0.6652413102801373
128.41120668808404,7,0.7114756213482504
534.1267944857719,11,0.7117506140318658
27.095368077883823,1,0.39425545293552633
27.49786809884737,1,0.8252987552966942
129.9623067688705,4,0.852273347799834
535.6305945640948,7,0.47173126567989876
535.663727899154,4,0.7813583927848543
536.4339279392685,4,0.579980447696214
377.8529863465107,5,0.9999877171014517
130.17530677996425,5,0.9999795361375355
130.4953067966309,1,0.9753637213332502
130.79114014537222,5,0.9999990059193886
130.7078401410337,5,0.999824072978629
537.0256946367564,1,0.9076620338210323
131.21720683422987,0,0.9960101658121415
131.97467354034794,11,0.36678338393669246
537.3698279880133,4,0.6622501889633525
537.7240946731314,11,0.9175052310491235
538.092561358989,11,0.9978924661931037
132.48387356686877,11,0.998679599965707
132.16427355022293,4,0.8392250693103693
418.6591218051637,4,0.9694621070480748
538.1025280261748,5,0.9596844948248686
539.0140947403189,5,0.9999973188414505
133.26507360755627,1,0.8562877360131816
133.97510697787052,9,0.9846297054912007
133.67954029580974,5,0.9999939529210394
133.60837362543649,5,0.9999897251258651
540.0798281291592,4,0.6570832367718406
134.7565403519035,0,0.9770235754839549
134.76837368585316,2,0.9854126579610687
540.1881614681348,0,0.9000188695263758
540.4112614797547,1,0.8064919402391332
541.0875615149786,4,0.9959965048077328
135.17137370684273,0,0.9406121391033447
135.3602737166813,1,0.9539608997356324
541.1093948494491,1,0.9979789662957632
541.1345281840914,5,0.9999824961450526
34.2573684509047,11,0.9968745216951569
136.2598404302004,5,0.9999901330023347
136.3668404357733,4,0.6641434979184256
136.9351071320372,1,0.9253087883284591
136.49684044254414,0,0.9981570576508972
35.01513515703838,1,0.9014819442982415
137.95340718507364,4,0.5654999513392226
137.08904047338788,1,0.6397007781071256
358.9053520263214,0,0.972302192014394
543.4427616376453,4,0.9594238288007775
36.89733525506964,1,0.6052912073792064
36.10413521375714,4,0.7282166953938377
138.22514053255978,4,0.8981204706366551
138.509407214032,2,0.8592281184531507
474.3203247041848,4,0.9245774598577051
277.7553144664234,2,0.7941026718138364
139.5629072689018,2,0.9710603030496789
545.0066950524334,2,0.8518001871093946
545.1224950584648,2,0.9967603881314496
545.3830284053676,4,0.8597130794094803
545.3845950721158,7,0.9922295444289309
140.42704064724208,4,0.7526838813497065
140.15487396640006,2,0.5525861620887712
546.1892617806922,3,0.9974786028501
546.5918618016609,4,0.9708119954764122
39.21760204258354,2,0.6035274681208428
141.14917401818653,3,0.9999617064075133
39.90410207833876,4,0.9560613377727103
141.220440688565,2,0.6313710445407865
547.7871618639161,4,0.9918505192843993
40.38950210362001,4,0.9089780671113993
40.93403546531446,0,0.9913494269426057
142.46347408663965,4,0.9952266809470336
548.2599952218762,4,0.7570933994451626
548.5801619052182,2,0.9931471138616331
41.608835500460295,12,0.7345383359327223
143.11444078721084,4,0.9731294431001735
143.49307414026467,2,0.9631233788445458
549.1727286027477,1,0.9589899776032712
549.1729952694283,10,0.652965280767823
549.2315952724804,4,0.9887649282191954
144.83077420993655,2,0.7894269862046261
144.32194085010147,4,0.9335429221349844
144.87854087909105,2,0.7048567458649664
550.023861980411,2,0.8592049855744113
43.72786894415996,4,0.6588937137948969
145.26920756610494,4,0.9940436354052549
145.58830758272475,2,0.6502142500910436
551.3865620513849,4,0.9264079383108779
551.4347620538953,10,0.6958828152682603
551.4573287217373,7,0.9753725662851624
146.085707608631,4,0.9849997300283472
538.6755613893536,4,0.9411261007573205
552.037995418647,4,0.9938298236368849
552.1913954266366,2,0.8427825822921822
552.272662097536,2,0.7142096696459969
553.1625621438849,2,0.6991906890877736
553.2448954815064,4,0.9765815213333414
553.410262156786,2,0.598340793143341
553.5405288302373,10,0.6188853530738163
553.5529621642182,3,0.7646102393148348
148.34680772639663,10,0.5604454087827277
554.0509955234908,2,0.7538186393261755
554.1197955270742,9,0.9999998570976447
554.4286955431627,9,0.999999999860222
554.8415622313329,8,0.9809896652312073
149.92140780840705,8,0.9884973243190586
555.3384622572131,8,0.6686939166044297
274.72611430865254,12,0.6727420119546312
274.8921809839685,7,0.9752237422922344
274.90381431790775,9,0.9933504082873996
556.0860956294856,8,0.9872293847709858
556.1928956350481,8,0.9998716830797095
376.8239529595819,7,0.9871064375062378
556.4301289807373,12,0.9966200770487988
556.8544290028364,8,0.9989609588007299
151.83894124161193,8,0.9862746856441049
557.1154290164301,8,0.99857263937804
557.4584623676297,7,0.7715797635420247
557.566595706595,4,0.9624946487466784
558.311562412062,7,0.9992225466103938
152.63234128293485,1,0.8721016266894989
152.20640792741747,1,0.6032358422207368
152.35990793541228,2,0.9813384186547408
559.624829147128,9,0.523587688262067
407.1440212054189,9,0.7645022875562825
153.46060799274042,8,0.9993529840117956
559.638262481161,6,0.5719954290763376
559.6619958157304,7,0.9703475199797504
559.8489958254701,4,0.8885970392735906
559.9451291638103,8,0.9991113413587815
154.57344138403383,9,0.9999989590842251
154.58554138466403,1,0.44330702711750536
154.75134139329944,8,0.9993728041554587
154.01737468840534,9,0.6775095666889104
560.2185625113849,8,0.9078968341818556
155.07057474325953,1,0.7134552184653936
155.4736747642543,11,0.8620954538619982
561.1636292272739,9,0.5529628469154365
561.1988958957774,7,0.8775234177056741
561.258729232227,8,0.991592944394596
156.12487479817096,4,0.45474055096060134
156.31364147466925,8,0.8483366381412261
562.0408959396315,4,0.6205511467287244
562.0530292735967,0,0.9995714341237683
562.0998626093693,5,0.9999943675195087
563.1171626623537,4,0.8800374399752694
563.1662293315759,1,0.9028014788849654
563.1876626660256,5,0.9999394108654879
418.8845551502384,1,0.5965810032821698
563.1896959994648,5,0.99997658331525
158.56290825848524,11,0.9657818613047509
564.3016960573815,3,0.9545802208348194
564.5393294030915,5,0.9999572881984393
564.66819607647,11,0.945313442409399
57.057636305085374,8,0.995654815523379
159.98340833246962,1,0.8442398510028093
159.10744162017969,8,0.9985631059627015
159.25000829427168,0,0.999746742828668
159.5930749788064,8,0.9494915771150784
565.0703627640829,4,0.8331578740150619
566.3264628295047,4,0.9669759789333479
160.93104171515884,1,0.5393541784977155
566.478229504076,8,0.7150629392494928
566.7163628498121,1,0.9181710588070553
59.03453640804893,6,0.9996713390908553
567.2713628787184,1,0.9757645884411126
161.13167505894185,5,0.9998053376496985
161.1435083928915,4,0.6877894565693774
161.23880839785502,1,0.5429667013923666
567.2837628793642,5,0.9999992055996529
568.0648962533816,6,0.9986697793242781
162.46997512864496,5,0.9999722605514885
162.6713084724644,7,0.705870112438634
162.70630847428734,8,0.9998857903492595
61.11796984989443,8,0.8336443401175407
61.68633654616352,9,0.854541778721079
163.22764183477344,0,0.9113167225801068
162.9429751532804,8,0.8313303921410018
348.8954181716373,0,0.9994944785124197
526.9196607770671,0,0.639591199023593
570.64656305451,0,0.9904806928320792
164.73057524638455,8,0.9980505193457381
164.87307525380643,0,0.9620003612283646
164.055908544579,5,0.9999499066068265
63.62773664727812,6,0.44611780979253035
523.8068939482771,11,0.999891983822281
165.87940863955296,11,0.9976367757836893
571.3803630927288,1,0.6263803994199248
571.5702297692843,5,0.9989850856990495
571.5804297698156,4,0.9890226677952693
572.2928631402548,8,0.9794989613705435
542.6748282643155,9,0.617492915099282
572.363029810576,4,0.9225501087092892
572.504596484616,8,0.8198037322476455
572.517129818602,8,0.999110183013986
573.0380631790673,8,0.9995097550006358
167.16910870672487,8,0.9992176096019242
167.45360872154257,8,0.9946489881526877
167.78507540547312,0,0.9983085717086363
573.3222965272045,7,0.57584499436513
574.0692298994405,8,0.999285817615231
168.28204209802348,12,0.9629673319802539
168.96904213380472,9,0.6279924998845451
168.98077546774917,7,0.9818391169402046
522.0707938578553,1,0.9909490271679372
522.9233272355914,7,0.9973120099167422
169.11097547453042,7,0.9657209108262341
575.0372966165274,0,0.9943739667782644
575.0984632863798,7,0.8523962697088627
17.48000091041676,7,0.5561996493268848
563.1984959999231,7,0.977475433546203
576.9200967145899,5,0.9998246618314719
577.1588300603572,4,0.8457757185216469
577.286330066998,4,0.8333128445367479
577.3467634034788,8,0.9875514882174392
577.5121300787583,1,0.9291732451145486
577.523463412682,8,0.9782624841726715
577.5728300819197,9,0.9931560198538412
578.1280301108364,9,0.9949931547773351
19.646334356579967,8,0.9988115824015602
578.3191301207895,8,0.9857027303077877
172.3427423095183,8,0.9870315711963874
172.48440898356344,12,0.8615301990033277
172.80447566690023,7,0.8694565884195306
172.84000900208426,0,0.9830437290506129
172.98187567613982,8,0.9997445500736786
173.1004756823169,0,0.9929923014974205
173.1238423502006,11,0.8856978178029732
173.27784235822142,0,0.9983359887974282
173.86994238905996,8,0.9998637887637694
173.95247572669192,8,0.9753097671333678
174.03524239766935,8,0.8887178648714957
580.1289635483851,5,0.9999468157627652
580.7689635817184,1,0.9010231002657175
580.7912302495448,5,0.9999520196768961
274.8584809822133,4,0.8856187091333014
175.15997578958255,7,0.974977503978922
175.17167579019193,8,0.9992564404256322
175.3610758000565,4,0.9717344098966944
175.7401758198013,12,0.622118103878847
581.5029636199475,8,0.9985874465581462
176.1069425055704,8,0.9982283701209715
176.8649092117145,8,0.9997076389317426
176.92440921481344,7,0.9910912124293914
176.95987588332733,12,0.49084306447231657
582.0586303155552,7,0.9959861642670618
177.22027589688983,5,0.9979865836216565
583.0882637025153,5,0.9999922412822007
583.2318970433295,11,0.8870505478681999
583.2775303790396,4,0.6752206418096152
583.6101303963625,8,0.9042506428523638
584.260297096892,12,0.9467599841284928
584.4038637710361,4,0.972131946372468
584.4630637741194,12,0.9911587157593116
584.5103304432479,1,0.9237468930967577
584.6634304512219,10,0.8994766043345143
179.42160934487598,7,0.99713445343103
280.5859479471856,4,0.9374949563138762
280.8821146292776,1,0.5820690425833206
27.128001412916813,1,0.9836595504415236
27.24640141908348,2,0.9668956235066725
27.29376808821716,12,0.7073673176867001
586.0467305232688,4,0.9863877136570869
586.094830525774,2,0.9983963366943412
586.1425638615934,7,0.988143333810054
586.1786971968087,2,0.7422486211644501
587.1602305812636,2,0.9940027560079435
587.1738639153069,4,0.974227104625142
587.2448305856698,4,0.5086995976519822
587.2542972528296,2,0.9740028023319761
587.2657972534286,2,0.7414279355394539
182.32187616259824,4,0.9411401470064309
182.46450950336035,2,0.7899106996584944
588.4520639818799,2,0.6995935276781319
588.8296306682115,2,0.8408332251637887
588.8786640040986,1,0.8521909700398425
589.019464011432,2,0.8696051390672317
357.7601186333405,3,0.8385674300681847
586.5134972142462,2,0.7665261342080361
589.208597354616,1,0.6928670983455719
589.3493640286143,2,0.8539933958141122
184.9028096303552,2,0.907185794697545
590.1077640681143,10,0.8456617441417572
590.1310307359928,4,0.9093593808949987
590.1451974033972,2,0.9801719757710008
590.1561974039702,2,0.9575564556387418
185.1162096414697,2,0.8225895081847587
185.9445096846104,2,0.6757618631085894
591.102164119906,4,0.5657798709752988
591.1375641217497,9,0.81925236255349
591.197697458215,1,0.7627247672667467
186.2644430346069,6,0.9948738611679937
186.64327638767116,7,0.8972058647636109
186.78550972841245,6,0.9997578476098083
186.93904306974235,4,0.6783901716922857
186.9864764055461,6,0.9978071185126267
187.0099097401,11,0.9999702360455587
187.2943764215826,1,0.4707643592945577
187.58994310364335,11,0.999210392844443
593.0088642192133,4,0.9548097393542423
593.0315642203956,11,0.9998585371792296
188.48950981716249,6,0.9622648973365636
594.0868976086941,1,0.9145911293902222
594.3227309543105,4,0.9941850270296395
594.335964288333,11,0.506309011362687
594.3937976246785,8,0.9988457157307638
595.0088309900449,12,0.9918887118904036
595.0925643277393,6,0.9946791255548513
595.1645976648243,6,0.9990536786357355
595.2818310042636,6,0.9990922029456508
595.3397643406144,1,0.7194563400821892
190.8691099411,6,0.5838503324721723
190.97580994665728,1,0.892342220387085
596.0262310430345,4,0.8538569866078631
596.1208310479616,1,0.8689280475336827
596.2162643862654,1,0.5896054123513782
191.7219766521868,2,0.9974776404091634
597.0701310974042,3,0.9999847473692607
597.1270311003678,8,0.9961897503993179
597.1753644362185,4,0.9247090555312927
597.2350311059928,2,0.9904878711845009
547.8365618664891,1,0.8845022485626147
192.10071000524584,4,0.9626656854251066
192.7630767064108,8,0.9889458945741804
308.8721494204253,2,0.9799711491842206
598.1004978177358,2,0.8101572352709127
599.0803645354373,2,0.5595004049724813
193.0476433878986,2,0.6993751294466675
599.1059645367706,11,0.5653149853596016
599.1521978725119,8,0.9607430442571386
599.6140645632341,4,0.5498008752181899
600.0155979174807,0,0.9992661477963021
194.12457677732223,8,0.9995063188510381
194.46817679521808,8,0.9976901598546095
194.53881013223025,6,0.9987164468959191
194.692776806916,1,0.5958880896884364
446.74675660139474,6,0.9991643156299754
568.2036629272757,1,0.4396189852629042
601.1306646422237,4,0.9171176315284887
601.5802313323053,11,0.731517267488993
601.5907979995224,8,0.9987841305327028
602.1479646952081,12,0.9952775613673194
602.1711313630814,4,0.8916042830757226
602.2671980347515,8,0.9738316697483106
602.9060314013574,1,0.5394591527295438
603.0480980754234,6,0.9989192156716682
603.153031414222,1,0.9143042959708725
538.5224613813797,4,0.9828894853831641
603.3183980895016,2,0.7271180981914173
603.6972647759009,2,0.8797788161430707
604.242631470972,2,0.8099324843199587
604.3247648085832,10,0.9859199350895548
198.33897699682225,2,0.9623005056329065
604.3852981450692,8,0.8441775387421218
604.4434314814304,12,0.9795087510124706
604.4683981493973,4,0.9656526493115651
605.1441648512601,6,0.9985408195320221
605.2742315247011,2,0.9175351260658455
605.6742648788696,4,0.86069389427178
605.6766648789945,4,0.9384871710472475
605.9699982276057,11,0.5299164912554108
606.0414315646595,0,0.996974772424214
606.1952982393401,2,0.890860196388078
606.32726491288,10,0.5095771552534567
606.410331583873,2,0.9350326019417875
606.4316982516526,2,0.5727095766756058
607.107264953505,3,0.9941064478218551
201.31084381827364,3,0.9979676100344799
607.2842649627238,2,0.6338701687791529
607.7114983183088,2,0.807837346436772
607.8067649899373,10,0.6854992437701662
608.0784650040883,2,0.5719803954443824
202.87327723298367,2,0.9272711202369257
608.3635316856022,2,0.7722853180392498
608.3732983527776,2,0.9647212746087477
608.4707650245206,10,0.8884421231179072
608.529031694222,1,0.9018466891504573
203.4061105940688,1,0.7569372360732247
609.0505317213834,3,0.8261184812844801
609.3203984021058,2,0.9869464040662155
1.4092334067309102,10,0.6258050200946923
609.3320650693801,10,0.9962218981595097
204.57784398842992,7,0.7403654624201309
204.885544004456,9,0.9723450351479086
463.6467574816032,2,0.727161866941061
610.1500984453193,7,0.9160313924344603
610.2794984520589,1,0.982386562269799
205.38271069701676,8,0.9987863489726136
205.5960107081261,4,0.9311872671668172
611.1340984965692,8,0.9962361359484642
560.9986958853502,8,0.9917843903053979
611.2519985027099,9,0.8664698862210287
206.06934406611225,12,0.996480628092091
206.6496107630011,8,0.6282959857273434
612.4825985668036,8,0.9901011497625312
612.4932319006908,12,0.9780320915742341
612.9569985915119,8,0.9957230773843782
613.0143652611665,8,0.9886171772259881
613.0163985946057,8,0.9998078615648345
613.0382652624113,8,0.998766959585419
613.0512319297533,8,0.9828296808450816
613.0981985988661,8,0.9994355840631087
208.20001084375116,8,0.9921403083113317
208.7328442048362,7,0.9962485833943413
614.0692653161092,4,0.5014051684033214
310.9378828613489,8,0.9998366654993234
614.0814653167446,8,0.9998099524671668
209.34877757024935,8,0.9992950874957325
209.6565442529456,2,0.738758241614719
615.052732033998,7,0.9977576433965535
616.1286987567047,2,0.9746924889490761
616.1649654252602,8,0.97965938305102
210.36634428991437,12,0.7253111348800537
210.74544430965912,7,0.898414202118857
522.7280272254195,12,0.7823898805729056
616.1866654263905,12,0.6265754248008761
616.3775654363332,1,0.4788716039971325
617.1818654782238,12,0.9914576597807823
617.5840321658367,8,0.9925799868373786
617.6215655011248,12,0.9962931733518401
617.8925321819044,8,0.9989449611593023
551.7924954058606,8,0.9588610148956662
618.0831321918314,8,0.8195736820269732
618.3545322059668,8,0.7385742280228076
619.5026655990988,12,0.9062098117738504
619.7975656144582,8,0.9968503354298857
619.9528322892116,1,0.9623266851347396
620.3652323106909,1,0.983471984820082
620.815032334118,8,0.5192291205394873
621.3149656934894,7,0.9929473877297991
621.9163323914773,4,0.9539256452843328
621.9296990588401,4,0.8147794887392842
215.27914454578936,7,0.9854466212299792
215.29147787976504,4,0.9266570929454333
215.45741122174076,11,0.7079828135615982
622.1775657384165,7,0.9655934996031952
622.3667990816058,12,0.9785139322417719
216.84227796053588,1,0.8648365300473391
622.3685657483644,8,0.9998943772789218
623.8575991592517,9,0.9994076873044696
217.99011135365225,8,0.9722043815801213
594.8973309842376,9,0.6573671819853931
624.1550991747464,8,0.999358743777332
624.261932513644,8,0.9998771087392859
624.391532520394,12,0.9970776404960221
218.35704470609667,8,0.9981406609325861
218.6056447190446,7,0.9953504467912105
364.9347190070176,9,0.9022899585205448
532.9876610931087,7,0.993773207683321
624.9117658808228,8,0.853614406513501
625.0294658869531,4,0.5670847556866246
625.1834325616388,8,0.9967586108461277
625.185499228413,2,0.712895159453067
625.3134659017447,10,0.599272504642958
625.3632325710033,2,0.8767944603968738
626.0976326092533,8,0.9938915345919065
626.132999277762,12,0.7947659663583876
626.2022659480364,8,0.997274960881753
563.6514960235169,12,0.9797117664692347
626.4280326264617,8,0.9993094745201866
221.9210115583866,8,0.819068458109502
627.0660326596909,8,0.9943425670426906
627.0682326598054,4,0.9920725544663294
614.6580986801109,12,0.9614167975581192
627.0773659936145,12,0.9932337879456881
222.13367823612967,8,0.9899932934100792
222.39454491638315,8,0.9986761530397388
222.6188782614005,12,0.99769524614966
628.2151660528749,12,0.9198282717708015
628.2154993862256,11,0.43551223329224287
223.30554496383107,8,0.999640901121705
629.2805661083645,12,0.9994725615574205
629.3157994435329,12,0.9821104583424424
629.4330994496423,9,0.43117499312695995
629.4579994509392,8,0.9911089432270882
630.1927328225398,12,0.9987177117454752
224.181978342812,12,0.9973551815630441
523.5413272677789,8,0.9994804779952049
523.6375939394594,8,0.999496015200083
630.2027328230607,2,0.9994585761784196
607.9364649966925,3,0.517649167470902
225.15234506001855,12,0.9956605174521356
631.045766200302,8,0.9900794769492738
631.3635995501892,12,0.9975516166576687
631.4248328867117,8,0.998588937596155
632.2750995976631,4,0.9674394269317665
226.04004510625296,8,0.9994856777227475
226.1945451142998,8,0.9960031573688107
226.24171178342309,12,0.985496856061818
226.52574513154983,8,0.9954833053792405
226.6084784691922,8,0.9954050729625996
226.6676451389405,12,0.7461395189690054
226.8332118142304,12,0.789759448770458
24.81673462587166,8,0.9998091977692994
227.17654516544567,12,0.9789112752740209
227.2121118339648,2,0.9916366782134058
227.41321184443876,8,0.9887946679606592
227.48484518150292,7,0.9457765403939784
25.58623466594979,11,0.9986194915954587
227.7684451962738,11,0.9592006100680515
635.3175330894566,4,0.8478695638545406
229.14174526779985,7,0.9871149705281023
585.3788304884823,2,0.9664969678173493
629.4696994515485,10,0.9976751983282407
635.4133330944461,2,0.6959111341734451
636.0637331283211,3,0.991126839406402
230.7166120164908,10,0.8625108372465677
280.30488126588,7,0.9952086874814909
626.3637326231127,10,0.6752762464524897
636.112666464203,12,0.8958426927563176
637.0227998449392,8,0.9966953872459701
231.1307453713936,12,0.707901905574571
637.0592998468402,7,0.9573978059016917
637.070733180769,4,0.9812441321490019
637.1896998536319,8,0.6288829123355358
638.1001999010538,8,0.7311115296216995
232.752845455878,4,0.966353041511259
638.1224999022153,2,0.814707835115252
638.1250999023506,2,0.574842856075812
638.3597999145746,2,0.5328331759330378
639.2838999627048,2,0.693724368694918
233.64024550209675,10,0.5667296316610235
639.4615333052899,2,0.6626136496014791
639.6397333145711,10,0.7120789595669657
639.7686333212847,2,0.544208635720948
235.0607122427461,2,0.7378385453139372
235.3335789236245,2,0.7719609775971505
235.3447455908728,2,0.622182358492451
235.97274562358112,2,0.6357756160602022
235.99584562478427,1,0.39926812941691164
236.09054562971656,11,0.9988290616650316
236.31561230810544,11,0.9966824820934752
236.32741230872003,0,0.991950720696779
236.49354565070607,1,0.9677647116578093
236.55277898712453,2,0.7467767938180097
236.8959123383294,2,0.9359422004685927
237.3221123605273,10,0.9159625975711652
237.46414570125825,10,0.9901795824865708
237.5703123734544,3,0.9968641686662669
237.90241239075127,2,0.7870688073174967
237.9965457289874,0,0.998155876813929
238.02061239690752,0,0.9883198053854282
238.51771242279816,1,0.5540043057103587
239.571212477668,7,0.9996405580431599
239.85567915915055,1,0.7754543547414735
526.975794113324,0,0.992250055626588
240.40017918751,4,0.9005784740127439
567.4275962201888,1,0.9763678146764762
613.5638319564512,0,0.9948035487761139
241.0749125559857,1,0.9897469753810754
241.31141256830335,9,0.6529777373395387
563.9260293711488,1,0.9684083192874023
38.92766869414952,3,0.9104134936749961
38.85670202378667,0,0.9824345258957654
594.4720976287566,1,0.5723278754311707
243.1578793311402,5,0.999988870585058
243.41894601140407,0,0.7582256220219419
243.50134601569576,12,0.7732646900602342
40.4429687730714,0,0.9899960478720976
40.13513542370508,7,0.9939928211774361
243.7029793595308,1,0.9892023987238572
244.0343127101211,7,0.7628124744901643
244.74431274710028,0,0.9492073688499479
244.9455460909145,1,0.7994478400927115
527.2962941300167,0,0.9997400676112667
245.8812128063138,4,0.8885627679784839
246.7216461834197,0,0.992624794492637
247.59774622904996,7,0.9976583178474195
548.1827285511853,7,0.9838995239183739
45.438635699929065,7,0.995019371028066
548.8991952551679,0,0.9933036537317642
249.4324796579423,1,0.8598166198584809
249.5156129956055,0,0.9661349338336116
249.7872796764215,1,0.6781528452277075
249.98847968690063,4,0.9893350580912504
518.3714269985132,1,0.9710686445948884
569.8762296810552,1,0.9461127487801161
251.25517975287465,0,0.9244698629086137
252.60504648984684,11,0.7658505998515371
49.97263593607492,4,0.9035309783833287
320.4976833592552,7,0.9817810522043617
253.8950465570344,7,0.999083900293455
549.4160619487546,1,0.7071921672664879
254.68844659835727,4,0.9886043970615606
590.7531641017289,5,0.9999981393354576
0.8480333775017407,1,0.784712397659771
51.99696937484229,1,0.822591744859167
463.8860908274018,1,0.9921416262757667
280.5081146097984,4,0.9888518002327137
591.5464641430466,0,0.996646527128153
613.2076652712342,12,0.7927014258935048
571.595063103911,7,0.9793122477915022
58.1054363596583,2,0.9811294206321184
561.9615292688311,1,0.982073609522382
59.43140309538573,7,0.9861392002826908
60.84010316875553,7,0.9478659404008907
613.868565305656,0,0.9916081388665147
582.6829636814059,4,0.9668821883098503
62.556603258156585,12,0.8545016250077152
562.3750959570377,7,0.7542281985389425
64.16660334201076,0,0.9898274542631841
64.77020337344827,7,0.9952016808346626
65.7410700906809,2,0.8829830837298621
65.85937009684237,2,0.8035176233819195
65.52790341291181,0,0.9982512077692609
65.71723675610626,7,0.9987750159896623
532.6706277432633,4,0.9796474217786237
66.58137013444654,7,0.9989144334933878
593.9855976034181,0,0.7713074885897778
67.18543683257501,7,0.9852915467193899
67.56423685230418,7,0.942743297324895
67.95457020596739,4,0.9756830839674067
17.91220093292718,12,0.9273075517505386
68.81907025099342,11,0.9998875054519721
68.08497021275905,11,0.9991430177773892
69.20947027132677,7,0.9991660375697617
69.28067027503509,2,0.9365456036077335
594.4224309595032,4,0.7102711699678553
533.8404611375255,1,0.9668041545806143
523.4146939278501,11,0.998947199693488
279.9762145820953,11,0.9976383384394802
274.72154764174803,4,0.5897124998522529
274.79348097882786,0,0.9046552539207761
595.5584310186699,4,0.8769423445590487
26.198868031191115,1,0.9826397101387163
26.459334711423757,1,0.7592431384025246
463.958157497822,1,0.9717933125081666
28.519168152040084,1,0.9430803490769918
80.17183750895008,6,0.4819732822656583
81.79330426006815,12,0.9894735733844877
31.360301633349128,1,0.9609146309567721
82.6103376359553,4,0.9000146206950757
82.75240431002128,4,0.9572900584093121
82.76420431063586,6,0.6979004499926954
383.7674866545576,4,0.9318572107901877
597.7627644668122,1,0.799536736257398
638.1299332359357,4,0.9609849347736374
516.6930935777667,12,0.5252075267903653
88.5767712800404,0,0.9906571773665193
89.33447131950395,1,0.4869502549762696
89.6538380028043,1,0.9751578329873608
90.86140473236507,6,0.7835158799080406
90.9681714045925,1,0.4655547075257554
91.72567144404564,2,0.9966887583846171
446.6051232606847,2,0.7069214185650208
92.3647714773321,8,0.9936253632881769
93.70263821367932,4,0.9862886241175884
94.164238237721,11,0.9471374518337843
94.74443826793974,8,0.992033787035803
95.39547163518108,6,0.9901388145745149
95.39557163518629,0,0.924961256728612
538.315728037279,3,0.998931460238779
96.68563836904391,1,0.8387629304493478
274.8295809807081,1,0.960724355674637
274.8306476474303,5,0.9997686005369946
99.18347183247276,1,0.9987208989894863
101.1843719366863,1,0.8686343134985709
104.80663879201272,7,0.9964770504333387
105.1144054747089,0,0.999584756238507
105.19737214569676,4,0.9423599103957012
260.829880251557,4,0.5352403394148395
311.55301622672044,7,0.9970328445606125
474.4337913767612,12,0.8193601710980579
591.3605974666993,1,0.6532091361171619
107.54143893445024,5,0.9999832304943301
109.63680571025058,4,0.655179893561009
111.54267247618117,12,0.9244575377718437
111.672672482952,12,0.8104370828573791
592.116864172755,3,0.98996463669664
572.625563157583,7,0.4840912922986225
114.17050594638084,7,0.8676919376252031
114.94030598647456,1,0.5886655726250364
384.4551533570403,9,0.67814415516105
613.6940319632324,5,0.9999848667119108
542.6503282630393,11,0.829941104976062
308.95008275781765,5,0.9999919875244507
116.75143941413778,5,0.9999632875301053
116.85780608634438,4,0.6402939767951145
117.71017279740516,11,0.9727866877544956
522.8501605651139,11,0.999464200621947
547.9947952080637,11,0.997180828144149
637.5147665372291,11,0.9746403709197109
19.76796769624837,7,0.49373595423905314
517.3473602785098,1,0.9141056372851134
20.655801075823028,1,0.8575373678179588
20.217767719675457,0,0.999832346445712
122.16123969589825,0,0.8401939981588954
467.83172436623687,5,0.9980812707119757
523.453060596515,1,0.9987848306093766
523.4646939304542,5,0.9999973008961167
574.9821966136576,0,0.9891782013233069
126.83730660611006,7,0.9909780707553348
544.0338283350967,0,0.9939842934165157
575.9288633296298,2,0.9254536178472208
463.737390819657,7,0.6318498177649496
28.4689681494255,3,0.8327101865883054
614.6001320104252,1,0.9942980193187111
464.6131908652716,2,0.9983452528146827
515.9529935392197,1,0.692029192684694
32.89643504668941,7,0.9986350260123825
597.5620644563592,10,0.6429133221406282
35.45343517986651,2,0.9882894759628817
36.48340190017728,4,0.7997273535923243
516.5907935724385,1,0.910458744183764
37.44220195011479,1,0.9948072338481581
277.6961811300102,5,0.999999352109594
516.9345602570097,1,0.9860998914849562
39.41913538641341,1,0.9882211626513508
40.212268761055775,4,0.9490866056993317
40.12943542340821,0,0.9958830018499476
273.8620475969824,12,0.41875744206286813
43.30213558865301,1,0.8998348337215203
44.355735643528014,1,0.9337677421506573
569.5044963283607,2,0.9858590445833217
49.22120256360443,2,0.9903588298463826
549.4684619514838,2,0.9988543656483885
50.357635956127005,1,0.9846193562695743
463.90465749503545,2,0.9908073613331091
580.854730252852,0,0.9941707274694963
280.3130145996369,2,0.7514227815081509
280.5499479453105,2,0.9237661676775255
280.9762146341786,1,0.7153046156822005
56.35960293539613,4,0.8905734956949749
56.904036297085376,2,0.9970134310886446
464.2589908468237,11,0.5215585188082079
59.39013642656976,2,0.9929902829735109
60.25420313823991,3,0.9930107767481177
60.49103648390831,2,0.7215016580035339
61.04733651288228,2,0.9711347696615951
61.69843654679374,2,0.7159091772699389
582.6993970155952,3,0.9961692142110363
582.9849970304701,3,0.9604020503228831
62.37333658194478,2,0.9245066653472438
62.539069923910056,3,0.9986766365248669
623.2358324602012,1,0.9953494216738721
384.4935200257052,2,0.8617088926844534
542.4877282545706,1,0.9926820040834122
532.8287944181678,2,0.9262818736800741
583.6841637335517,3,0.9999828890915056
446.6493899296569,2,0.6056328528505703
18.07226760793065,2,0.8228110058692465
614.1586653207654,1,0.978140436035139
614.9741653632394,2,0.8546574713905227
637.8373998873662,2,0.9880553857342194
574.1741299049041,3,0.9999953267026942
544.8676283785237,3,0.9995292239101317
534.4756945039438,4,0.816237161640583
595.6235310220605,10,0.8237127822562903
463.8942241611587,10,0.9999112251380866
280.6569146175484,12,0.4539337996449867
27.72033477710084,11,0.5507994017104725
270.6214474282011,7,0.9485765147717473
596.3702977276213,7,0.9850095065133777
627.7322326943888,7,0.998123697689409
536.9021279636539,0,0.9996166184362527
526.9840607804213,3,0.9997574029128914
568.4417629396767,3,0.6399872856330274
278.3385144967984,2,0.7615260229837778
528.9958608852025,2,0.8010420829893355
626.1296659442551,2,0.9953232911267399
569.8612296802739,4,0.8097520570554311
279.9843479158522,2,0.9136508133036876
539.9325281214873,10,0.6947896180185288
3.32146683965974,1,0.924135842104622
4.060600211489605,8,0.999200808931828
5.160433602105931,4,0.8989313111915557
6.855867023743093,6,0.998722651479237
6.601733677173646,1,0.9272520479088024
8.484733775246573,1,0.8017260503309643
5.573666956961835,8,0.9379760776832551
10.987367238925406,6,0.9998716496236509
5.324700277328153,8,0.9997349367737429
12.5452006533959,8,0.9685291973188663
6.872533691277814,9,0.9775531281752092
560.6084958650273,8,0.9974574942653444
15.638267481159806,1,0.5189794087897577
15.809934156767444,4,0.9156260936476373
15.59423414553307,4,0.8015584817600768
601.5923313329355,4,0.7156638978431427
601.9339646840623,8,0.9993859315501232
551.7439287366644,8,0.9997032717454386
541.3054615263276,2,0.9929943279880719
592.0412975021525,6,0.9965557512162131
562.5853959679908,2,0.9722549863759853
527.9097274952998,6,0.9996371540407183
532.6323610746035,11,0.9993303984035207
522.2753272018414,11,0.9952981957073088
314.7077497243628,6,0.9622085199481424
533.8857611398848,11,0.8218060429695888
472.654357950749,12,0.6786724147856247
533.8995278072684,0,0.98390395497592
533.9809611448431,8,0.9578926714015691
631.5212995584027,6,0.994044458708388
584.6681304514667,4,0.9705908917647236
23.147934538954985,1,0.9631131463877053
573.2659631909371,6,0.9770340839203928
626.9889326556753,11,0.8836623238996041
28.26200147197932,11,0.9241538043554107
28.39223481209564,1,0.9878568246997942
635.8969997863038,11,0.9973413406052702
31.43460163721892,11,0.9103230923770745
32.25136834642552,2,0.9930190586933472
34.429701793213724,8,0.995500452320466
34.67826847282657,12,0.9982882715243366
536.6337612830098,6,0.9987365199694956
638.6702332640764,12,0.9912390483250515
37.768001967083535,8,0.9557274137681637
38.96356869601931,6,0.9949728763624448
521.9250605169316,6,0.9983824462459618
547.6624285240863,11,0.8327856366942872
41.63900216869814,11,0.6564036411072893
568.5266629440986,7,0.9756784917080313
44.68140232715649,2,0.9636738501576151
418.3937551246759,1,0.9308521560943872
472.3234246001797,1,0.5192684956524931
579.9710302068261,8,0.9996272053786711
569.0364963039857,6,0.9997567491230054
48.38680252014609,9,0.9993576892500238
48.64710253370339,6,0.9970592595346255
625.2938325673888,1,0.6136620130360665
0.462566690758683,4,0.9010633164683943
580.3867302284771,0,0.9974720807361237
631.2830328793264,8,0.9995779980318178
532.7809944156783,6,0.9999324084050784
540.2892614734005,12,0.9564520774714231
55.75010290365134,8,0.9836819397474309
591.2874307962219,6,0.9996137580058196
591.7845641554476,9,0.8565918687587609
536.2900612651088,6,0.7226892993267872
591.9601308312584,8,0.9781480419824949
581.8294636369528,6,0.9987137506709074
57.241569647998574,7,0.5194729063091212
383.8721533266757,6,0.995174221476687
561.4390959082878,4,0.8356572737398921
561.653829252805,9,0.9999999999952536
59.26603642010622,2,0.9907948476249279
562.2832959522565,2,0.8408100209369365
172.9431756741242,3,0.9993366560019791
592.4593975239285,4,0.936498713476423
61.44413653354894,2,0.9973526484434104
61.83480322056283,0,0.9999075948093858
613.9267319753523,2,0.9520759122704139
521.9720605193795,4,0.7920150647750223
62.036003231042,2,0.7699073096147347
62.65163659643957,2,0.9531958019808955
572.6359631581246,2,0.6366933860636889
473.20199131260495,0,0.9983824647713165
64.09580333832326,10,0.7134238875523236
64.22603667843958,1,0.7198201175533846
64.46300335744826,12,0.538928186552747
64.4866366920125,0,0.9820056636593437
64.51027002657673,7,0.9990438871804715
65.22067006357673,4,0.9895006079065936
532.4105277297164,4,0.613236691710483
585.3745638215934,0,0.9415318059372636
634.7907663953541,4,0.6867765724630045
522.2089938650531,4,0.5371968363333215
16.882667545972314,0,0.996553714385387
67.61180352144828,7,0.9894879662330666
68.80747025038926,7,0.9915194138132811
68.47607023312884,2,0.9837879208007899
68.54713690349689,2,0.8626274105186265
68.78390358249516,2,0.9734781707071082
69.03230359543267,10,0.9997606923689396
69.18627027011843,11,0.9348607477709043
19.202967666821284,11,0.5359016954124549
19.759367695800453,4,0.5639044393661468
637.5512665391302,4,0.9451435027988172
72.09847042179553,4,0.6034918707111656
72.40640377116705,11,0.9959124664283644
279.97738124882267,6,0.4501672746599629
74.69097055682158,11,0.5664671209858256
310.6412161792308,1,0.8625513862993655
75.20010391667228,1,0.8493732436737447
25.323234652251877,5,0.9999989210841413
636.7792998322569,1,0.9911598386486389
26.23483469973104,1,0.9781260582634499
280.4269146055692,1,0.98876578234701
79.66313748245528,5,0.9999284109540442
80.71663753732508,1,0.9837378778305554
418.619888469787,1,0.9371729153918245
637.5154998706006,1,0.986420404202041
637.5620332063576,4,0.8978905402720523
82.91857098534246,1,0.7153173154226516
84.2563043883494,1,0.8536553452442028
84.55213773709073,1,0.9715896827725715
84.85987108645185,1,0.9921546201498341
86.12677115243622,11,0.5715025860528776
86.41060450055255,4,0.7336268514282317
86.71867118326435,5,0.9974625669363905
465.77015759219694,5,0.9999979446820452
87.41683788629388,1,0.8143517594186203
87.99690458317235,4,0.9343452241232346
88.71910462078694,5,0.9999953551328545
88.81390462572443,1,0.5064855244258574
91.0158380737418,1,0.986685237626261
91.79687144775396,4,0.9564179415533167
527.5579274769768,0,0.8836266378077197
92.16410480021403,0,0.9896394364848156
92.66130482610988,9,0.7642294805873914
176.94570921592282,1,0.9973792654550624
578.6026301355552,1,0.8276078938666894
568.1038629220777,5,0.9999947848114055
446.62155659487394,11,0.6209822994227575
273.1965475623209,4,0.8519367646753282
96.21280501108384,5,0.9999965543436208
472.6939246194765,1,0.9850236496205472
553.581162165687,4,0.8471253640251312
274.7122809745987,11,0.8292196837071741
100.71100524536512,1,0.7263546161192644
101.35027194532694,1,0.944867970461936
1.9275334337257048,4,0.9213518116640652
102.91297202671755,2,0.9855132587827413
103.88380541061514,10,0.9549937573994682
105.33970548644328,1,0.9385693364939747
105.65957216976966,1,0.9878982083823019
474.1609913625529,5,0.9999068372837229
615.9708654151509,1,0.9951493502766702
561.6308292516072,5,0.9998247924914871
110.96273911264296,11,0.6442787401052302
111.32990579843288,5,0.9999600402459274
112.9399725489572,11,0.4598424132853357
633.1970663123489,5,0.9999924575491633
633.8115996776892,1,0.9827393698460829
562.8271293139145,5,0.999957368035579
114.05277260691554,5,0.9999502903520351
613.5164319539824,10,0.6414593215298732
115.94663937222111,1,0.6804214482014818
116.7634394147628,4,0.8360147258543398
116.26653938888256,7,0.9807316530371192
116.82260608451104,0,0.898954476841278
117.39110611412042,6,0.9945303600628815
117.09513943203882,6,0.9974060360202813
117.72240613137564,1,0.869242363275611
117.92363947518989,1,0.9962196492537299
16.086634171178908,4,0.9820513248681856
118.34977283071764,1,0.9775976922015529
573.6336965434232,5,0.8252082463421296
563.7759293633311,5,0.9999609269153721
120.72917295464477,5,0.9999945523684795
553.8938288486383,5,0.9999854785073201
121.90137301569683,1,0.6311315810203103
21.117901099890737,2,0.9949469439164217
123.5585064353392,11,0.999138626219761
124.87250650377672,11,0.999604429056265
473.0621579719887,11,0.9873619290164848
351.95851833117376,7,0.4223805445688785
585.1711304776646,4,0.8821660972007047
128.32957335049895,4,0.707692829985653
27.81820144886473,0,0.9967168713644065
129.3359734029156,11,0.5465327015736223
629.863999472085,7,0.5344564077719092
130.19970678123508,9,0.49591210782598216
0.0589666697378475,1,0.9870683640511119
130.31820678740695,5,0.99988056141341
130.62607347010834,11,0.4830860949020114
130.9219734855198,6,0.5707513369210319
131.76214019594516,11,0.943653210724311
132.34270689284966,11,0.9909335311976926
132.5439402366639,5,0.9948933406402946
133.71567363102503,1,0.5740548802306573
133.02900692859447,11,0.9944907614488258
133.56200695635488,0,0.9974098811174025
133.39590694770385,9,0.6632570270646633
515.4538268465549,8,0.98862852719597
134.50924033902328,1,0.9707000681973874
134.18920698902156,1,0.970808462021074
134.5205736729469,1,0.6012732387804359
135.112940370466,2,0.6509101740455313
135.3253737148636,2,0.9112307751741966
136.09537375496774,2,0.7612298079186745
136.78167379071257,2,0.9436553651073538
137.5629404980702,2,0.9827608272051781
628.4872660670468,0,0.9919856277834971
37.47820195198978,2,0.9632321829749368
37.608368625435965,2,0.50371647311603
38.14110198651583,0,0.9899309919711201
140.75954066455978,1,0.5477509967385765
553.4157954904075,2,0.7224336219113359
142.33354074653897,2,0.9942376119819017
142.40470741691223,0,0.6695407217782295
142.23947407497295,3,0.9999155365016229
142.38110741568306,9,0.4046339828619164
142.61814076136187,1,0.9554390398430068
143.56484081066918,11,0.9895111395815774
143.9909408328619,8,0.3776642417160147
143.48237413970736,0,0.9990157561618237
143.75457415388445,2,0.9497486448975161
42.40273554180926,0,0.7444441578951675
144.02687416806674,4,0.8701304771454397
144.50000752604245,2,0.9734269326666862
144.47684085816917,0,0.9743143480261715
144.48820752542787,2,0.9877878157438794
43.36163559175197,2,0.6881844087302241
145.43554090810147,1,0.940516421319234
145.56574091488272,4,0.9478680486056059
44.699302328088784,4,0.9011682005655108
146.42970762654767,0,0.9695000143902827
146.27597428520738,4,0.9544412722891644
146.86774098269524,1,0.9124274628419856
45.07816901448809,7,0.9862837042833688
147.44820767959453,7,0.719141287448378
147.98037437397824,7,0.8156218693409979
148.8448410856692,7,0.7896328638419869
149.03427442886886,1,0.7909242599182426
149.27080777452164,4,0.8477447103615678
610.8416984813401,2,0.6414765392618277
152.46727460767096,0,0.9929261744097053
51.66020269063569,1,0.9179663301015836
154.90584140134632,1,0.7082169507994469
154.00647468783762,7,0.9613267800070944
154.07717469151993,7,0.9541115827358425
154.34977470571783,2,0.8984515978546382
155.58040810314668,1,0.9612154336502706
156.16104146672131,0,0.9998880222192611
540.8874615045568,1,0.974317353209809
157.8180748863585,12,0.6274199926555856
591.5513641433018,7,0.9952561744945715
158.10247490117098,7,0.9717764939320298
158.22077490733244,4,0.8212494213030631
158.65837493012413,4,0.6276352321857404
159.8776083269592,0,0.9329264441424239
159.93720833006336,12,0.9613942435589669
159.40434163564322,0,0.9985225865999163
161.0852417231901,11,0.632632979314105
161.68914175464323,7,0.7868114200333868
161.71260842253213,2,0.601857704683162
541.4321948662616,1,0.978212705387169
162.7307751422283,1,0.929588906034533
162.1391751114158,2,0.9986134443741463
162.778141811362,2,0.9005902170942707
61.84086988754547,1,0.7135028326132451
162.47044179533594,4,0.8315850197395422
163.38207517615018,4,0.6592672019624546
163.02700849099045,3,0.9684522109155271
163.14534183048698,2,0.6856705193941863
163.76077519587415,4,0.9949543971650838
521.9059938492719,2,0.962948142701094
164.63687524150436,2,0.8006284099467093
164.23420855386547,2,0.7723223220689726
622.4989990884912,2,0.7314133262264279
63.46266997201423,2,0.907296231139093
639.8691666598542,7,0.9997045882629711
166.35324199756514,2,0.970356995444879
473.8857580148845,4,0.9431808979546906
168.82730879308946,7,0.8879379741087297
466.6738909725997,1,0.9956886440122377
169.19447547887938,1,0.9800336478337625
169.3955088226832,1,0.9727375361827374
169.68017550417625,5,0.9999907474694556
446.6738232642628,1,0.8964594192535215
170.2601755343846,1,0.9830735357918935
170.3901088744853,1,0.9931653165998969
170.43727554360856,4,0.46584648667849476
170.44947554424397,4,0.9374311025017775
170.5797088843603,1,0.8806716524355888
170.85184223186724,5,0.999835062216882
171.4554755966398,5,0.9998432326564243
171.46744226392974,0,0.9994326142447019
172.15370896633948,7,0.9321784038866322
172.2015423021641,0,0.9999304105013238
172.23694230400787,5,0.9999961004504603
172.50934231819537,12,0.6174664316051212
172.55620898730302,1,0.9838632928349523
172.65100899224052,1,0.9768280660873305
172.74620899719883,4,0.8644428528823043
172.93570900706862,4,0.8095734541763179
173.06590901384988,11,0.5113398981815357
173.2079090212457,11,0.7210571330210988
173.38490903046448,2,0.9872861764911073
173.574275706994,4,0.8777759769117056
173.77577571748878,1,0.9635063033584019
174.04777573165546,1,0.9500991454853672
174.9717091131103,1,0.8090770974125646
584.3929304371334,1,0.9845536801930205
176.07210917042283,11,0.6315604818985088
176.38047585315024,0,0.930602414962639
176.52264252722142,1,0.9657499470527446
177.29214256729955,4,0.8576545881282395
177.45767590925442,1,0.9897727499809169
177.54010924688117,1,0.8401594510712794
178.7711759776659,1,0.6952662738515506
178.93727598631693,7,0.681060743009052
585.7087638389996,2,0.5616498371539771
585.8494305129927,2,0.9924436113191007
179.68310935849576,0,0.995605577898166
29.378034863439392,2,0.9890322182435204
183.13960953852185,1,0.4551073827940995
183.17504287370065,2,0.9797645215066718
183.56590956072492,2,0.8932465686253822
183.7909429057788,2,0.8366151043018553
418.6849884731776,2,0.7166238738163518
578.9194634853902,4,0.9216281062983689
281.5106146620119,1,0.8156084646996496
185.64957633591592,2,0.9157429933639318
186.39537637475968,2,0.9719856272661747
186.97530973829788,7,0.9970152744528946
533.4099277817685,0,0.9845852695630483
187.28280975431352,0,0.9987330269367324
187.29467642159824,1,0.8669819140657903
187.38997642656176,7,0.9260119747042911
187.41347642778567,7,0.988166437156116
187.519676433317,7,0.9712583693738425
187.55550976851663,0,0.9170878960505219
187.8040431147944,7,0.8688299697827284
187.8277097826937,4,0.5957548881709321
480.9603917166883,0,0.9990040108444798
609.7140650892759,1,0.9890388792891126
189.4260431992736,1,0.9166325314500069
638.430999918283,11,0.4501115488369189
190.1121099016729,5,0.9999615643067201
191.34324329912775,11,0.8095745703969539
193.5455434138309,7,0.4516532320451042
193.67571008727708,1,0.661793053500614
194.5282101316781,1,0.7457955444446583
194.67034347241423,7,0.3348810263068534
196.0548768778587,0,0.9994643743074537
196.07867687909828,7,0.728753639415407
196.35087689327537,0,0.994276723477237
196.65857690930144,1,0.9881666010980859
197.20354360435172,5,0.9998279699704311
197.92564364196116,0,0.9956066130445544
198.05601031541767,11,0.9999312839610395
198.69484368202365,11,0.9963592443164562
199.4172103863136,11,0.9992221837555355
201.53654383002885,0,0.9628376025311663
610.4326651267029,11,0.9740886126392558
202.2583438676226,0,0.9997409296680049
202.76754389414344,7,0.4460742909967105
202.9447772367077,5,0.9999928687841231
203.6551106070376,4,0.5606942264974377
590.359597414564,1,0.865415734006128
3.889333535902799,9,0.9999989283107511
204.30627730761915,0,0.9925519717869294
204.5193773187181,7,0.9711470695893719
580.4669302326541,1,0.5566970385066426
205.33654402794556,1,0.9773657471847695
206.66211076365212,4,0.9467221138020281
207.55011080990212,1,0.9825655018490065
207.81051082346465,2,0.9964867166480711
516.3849935617197,2,0.659935641691494
208.62717753266605,4,0.7965719267471852
209.98854427023724,7,0.9722300203802675
212.28494438984143,7,0.9043239246340775
307.5831160199548,1,0.6581185772686875
213.2917444422789,5,0.9995500802684323
213.4096444484196,1,0.995455432244823
213.57581112374072,7,0.9445309868076363
213.80054446877887,5,0.9999981119849284
213.96631114407927,4,0.9747380992860987
214.68864451503413,2,0.9041626115590182
353.7264184232519,0,0.9941915090934904
592.0762975039754,11,0.9999312965022091
215.67107789953587,11,0.9979924067925702
216.14424459084665,2,0.9977391749246753
613.6523986277307,11,0.9999301813777369
217.78977800988488,11,0.9961935066767784
217.8492780129838,11,0.999217761531304
218.03874468951847,11,0.9987404792268799
218.1569446956748,4,0.968000010054981
218.65407805490048,4,0.9242234346798531
532.1924277183571,2,0.9983947611325283
532.2040610522963,0,0.906021946503158
532.4896610671713,2,0.9967763915580077
593.4619309094771,3,0.9971915867821318
220.18127813444212,7,0.8895203478538589
17.300300901057383,2,0.7858265296282773
18.86293431577788,5,0.999999825205266
604.9422648407445,2,0.7775459541315681
314.69728305715097,3,0.9977007541657507
314.9923830725208,4,0.9151182674766456
614.1833653220519,7,0.9983176806803458
223.36594496697688,2,0.5534890340007246
223.7086783181609,2,0.7720182749756829
472.8310912932873,7,0.9924590893555328
418.9891551556863,4,0.5688091801835928
224.25374501321647,2,0.9728418902825319
635.8303331161649,0,0.9357425268432857
225.2003117291835,2,0.8874137926825286
225.47254507669567,7,0.8665068713603812
383.3388199655645,0,0.9983188845836507
226.0171117717252,0,0.9984046250527239
226.1474451118467,2,0.7917199064504912
226.25407845073383,3,0.9995152488084414
226.2780117853137,10,0.8451002106473502
226.32527845444216,10,0.5696246793586879
227.11797849572864,3,0.9159276880014927
227.13017849636407,1,0.4202284708757315
227.24874516920607,8,0.9450206773958415
227.75751186237105,9,0.9999997532095668
227.7934118642408,9,0.9999998339531824
227.86404520125296,6,0.9639481316648449
228.7758452487425,9,0.9999887644488101
310.9213161938194,6,0.7559479291402119
473.5651579981866,9,0.996294426066987
229.0126119277408,1,0.6184641332791508
585.3557638206142,4,0.49902751914979726
26.27353470174667,1,0.9463874079181764
363.8979856196877,1,0.9594772234716579
626.6812326396492,1,0.6913103119013095
27.46916809735258,1,0.6763256060835713
27.078568077008825,6,0.9985529886356852
27.161434747991464,1,0.7126205274707552
231.32094538129985,11,0.9967567475737743
232.61121211516792,11,0.9845096949380497
232.7531454558936,6,0.9980447886463002
627.8524660339842,4,0.8155097684951292
233.1909454786957,6,0.9998111231259518
233.3925788225308,1,0.6637032260761477
233.49931216142312,6,0.9894077041875171
418.7349884757818,11,0.9995768864371058
234.15031219532935,11,0.9989092077882512
234.70677889097868,11,0.944936516708353
236.9911123432877,10,0.8592781443024186
237.21617902167665,2,0.9843021784003243
237.27551235810023,8,0.9817018087262299
521.9019605157285,8,0.9904629711054729
238.2580124092721,1,0.4890709240355977
238.89714577589365,5,0.9999902729534825
239.8327458246228,11,0.9766435248203922
240.0571791696454,4,0.3816980134635866
240.56657919617663,9,0.9999999642125921
240.72061253753253,1,0.587954958404591
241.77357925904124,11,0.9964896866707192
241.8802125979284,9,0.5238935920099977
243.2417460021749,2,0.9389887239348792
243.3012126719388,10,0.557421468090325
243.66804602437804,4,0.6396485314983517
243.7743460299145,12,0.5229272956219186
244.05841271137632,4,0.6608963448740577
244.96984609218012,0,0.628067897810325
41.04746880455578,2,0.9873846814860825
41.37890215515127,10,0.8248078118146807
245.621146126102,5,0.9998376506940948
245.9054794742444,8,0.999357086716505
568.4315629391455,12,0.9502524527985137
42.20770219831793,4,0.9542273087697949
246.0947128174336,5,0.9998823525162045
246.28427949397357,1,0.40129662743888034
247.0891462025604,2,0.8719529344780754
248.20164626050308,3,0.9984321472978407
249.9067463493104,1,0.7092999748690524
249.930579683885,2,0.6463252541203288
250.3683797066871,9,0.9641049500190549
250.93687973629648,9,0.8898968464298842
518.3145269955496,9,0.9991095277757276
47.274402462208585,11,0.9995914271651927
579.2021635001142,6,0.7597078807857669
251.56431310230863,0,0.5924566941594576
274.9098809848904,11,0.9499356974955618
48.0792691707954,11,0.7482598670945505
252.4636131491472,12,0.928080483295472
252.53471315285032,11,0.8418954541376612
549.4257619492599,2,0.6153196228007065
253.6118132089493,1,0.9687549615906433
549.8065619690932,11,0.3703850214693699
600.7433646220518,1,0.930726795557257
305.82228259491137,5,0.9920034020270727
254.5592799249632,8,0.9989845441333425
254.9851466138104,5,0.9999779854463217
51.91480270389612,1,0.9188686374384318
255.1981799582392,5,0.9999816687853279
280.8044812919008,11,0.9811507241170303
256.2159466779146,8,0.9996973880920403
256.3701800192809,11,0.5433321464039649
256.4530800235986,8,0.9901681144641086
256.74974670571663,12,0.9950586340173865
257.2101133963608,11,0.989845082188935
257.25854673221664,9,0.9383198309497242
54.17593615499682,6,0.8195776915276001
258.0270801055778,9,0.9963764794840809
258.14644677846144,9,0.5454439186363234
55.880636243783286,11,0.9128803088468052
258.7974468123677,11,0.9742254448547141
259.5077468493625,1,0.6016825882485314
259.56681351910555,5,0.9999919099265043
259.5778468530136,11,0.5062151490582357
259.5900135203139,0,0.9497193066291616
418.8916884839432,4,0.5006609268266327
260.086846879524,4,0.7223488557821306
260.40738022955173,0,0.986231711622346
57.656269669597535,1,0.48183227925065103
260.4666802326403,1,0.9871521230364985
260.54858023690593,1,0.5360972227325324
260.5605135708608,5,0.9999892653843914
260.57328023819235,10,0.9100073381619472
260.59654690607084,1,0.5864981069265253
260.7508135807722,7,0.9342563815914402
260.84574691905,1,0.837809942435227
261.0459802628122,7,0.7071272259911198
261.1530802683903,12,0.7988905086361175
261.1641136022983,5,0.9999950980514491
262.33624699668025,9,0.9974720923039588
262.63191367874623,11,0.9987502407285859
263.2367137102462,9,0.9999999999999147
263.2717137120692,11,0.9648756053040576
551.4386287207634,4,0.558107699466482
579.5882968535586,1,0.9746760136684225
264.1248137565014,11,0.9996925669861226
264.26564709716985,6,0.9507605305835352
594.7955643122706,4,0.9845043004353712
572.740763163583,1,0.8062858598613806
266.0651471908938,1,0.7283469563283599
266.0891138588088,1,0.8506924358134829
63.4451366377677,2,0.9880001143091026
63.89493666119479,2,0.9929165523475296
266.5395472156021,5,0.9985037353938089
266.977247238399,8,0.9993224471773327
584.9281971316785,8,0.5489970247527426
613.8779653061457,12,0.955417920615967
64.71197003708194,7,0.9943846745119261
64.93667004878507,8,0.9991638979268862
64.90133671361146,11,0.9781088410162946
64.29740334882327,8,0.9309311981318691
64.5105366932573,0,0.5847540770762957
65.2447033981618,2,0.9052398666909119
65.30357006789446,11,0.9721715265516648
65.04337005434236,1,0.9920699467831657
65.22093673025729,4,0.9175652726640046
65.50507007838924,12,0.735725560455792
173.65407571115023,2,0.754383703502495
269.1551806851664,6,0.88033986643537
269.723814048116,4,0.9082011340955248
269.99598072895805,4,0.7842682349386849
270.067480732682,1,0.9156681161744308
67.35180350790661,2,0.9820157346230967
67.63587018936842,2,0.8903637790361281
270.24461407524103,3,0.8560636663045701
270.29254741107087,1,0.969585789430289
270.3277807462393,12,0.975781107226768
68.65407024239967,12,0.6169409550233703
68.86713692016356,11,0.4491127425937421
271.21518079245806,6,0.9064722264846633
271.5941141455275,6,0.9334647775431407
271.77188082145284,9,0.9168179215791551
271.81961415727227,12,0.9246822284385855
272.3869808534893,2,0.9785175698093671
272.6826808688904,4,0.8327900692185474
272.7777475405084,6,0.6457725739952057
19.487434348303925,11,0.40959670492560407
272.979147550998,6,0.7662421570814677
272.9904142182515,6,0.9436570623194881
273.1210475583886,9,0.9729042509436082
273.27558089977055,4,0.6596115336377417
20.80150108341157,4,0.5676674847844582
71.54240372616705,1,0.9950215459483652
273.2869809003643,1,0.7839625367565246
274.05638094043724,11,0.7278861401684041
274.22261428242854,6,0.9807531540548423
274.4233809595518,1,0.7466951921287243
72.63137044955074,6,0.5655286419728411
274.4582142946994,6,0.45931350799574705
275.5365476841959,9,0.5439163237323221
275.8085143650275,1,0.5978183894679562
275.82058103232265,1,0.989617531583809
276.5424477365865,7,0.9067012098064995
276.5539810705206,12,0.5324860118143661
276.60198107302057,2,0.9668146104022903
276.8263810847081,9,0.9999999997302922
23.07443453512686,9,0.9999999974722442
277.1466144347202,9,0.49082794822347325
277.18098110317686,10,0.5539928642449792
277.3834811137237,7,0.8543439665831888
277.44214778344593,9,0.9023766700585193
277.4782477853261,1,0.7954617293228309
277.73734779882096,1,0.8552703591490416
277.7971478019355,1,0.98886344217681
278.0930144840119,10,0.9195623854404525
278.1410144865119,4,0.976422288851757
278.5186478395137,1,0.5079988095687721
279.4900812234425,7,0.9978054379322816
279.7147145684755,7,0.8030660382473004
279.8214479073678,0,0.9916360752096874
279.8926479110761,1,0.8528210819858097
279.90508124505703,4,0.919025501128871
279.9996812499841,2,0.9701786683620517
280.37724793631577,10,0.7273219425194732
280.42491460546506,2,0.8499841331571129
280.4369812727602,7,0.5154782143744807
27.726734777434174,10,0.7043573678617855
78.81107077141014,10,0.5129151056795519
280.4601146072984,10,0.711101513072598
280.5687479462897,0,0.9991790583690225
281.3611813208956,7,0.9683846127180875
282.3910147078661,2,0.9824363485591154
282.9235814022706,10,0.6192909728114177
283.5027147657672,3,0.9966109788024816
283.57414810282097,4,0.9848987783132637
283.6209147719234,7,0.9991320453856728
80.16043750835634,1,0.803719963504696
80.23157084539453,0,0.7266136163429614
80.94193754905946,11,0.9995761238313959
283.7750481132845,11,0.9913076737845694
283.91788145405707,11,0.9807259967731394
284.2485148046109,7,0.5928137696781554
596.7316644131091,5,0.9999992882079856
285.4920482027116,0,0.994676189108217
285.6701482119876,5,0.9999396043635875
525.6403607104369,5,0.9999905162489221
561.7417625907183,5,0.9999989194948153
286.19051490575674,2,0.9859817402303481
617.9329321840086,4,0.8095878759765799
287.4219483032272,6,0.5698854445475862
287.9663483315814,8,0.8025935772436038
383.8269199909864,8,0.9986315132844014
592.5093641931976,7,0.9517424881952474
288.4282816889737,1,0.6297079596288792
288.5339483611439,7,0.9998207046690587
289.22064839690955,4,0.9726438598822974
289.35071507035053,8,0.9969283549920236
86.81347118820186,1,0.4487064480520711
289.3633484043418,4,0.9869193894039295
289.5521484141752,8,0.8607162375972384
289.94304843453455,7,0.9916710889200128
289.99111510370466,8,0.9989472510243071
290.19178178082274,4,0.9180162312263491
290.4053817919477,8,0.9890045282394685
290.5819484678106,8,0.9889027255043106
290.6892818067342,8,0.9989987824528332
290.8309151474443,4,0.9736763770074349
290.92571515238177,8,0.9899905282561796
291.0085151566943,11,0.9990306513868433
291.25714850297726,11,0.9996800837898031
291.4587818468123,12,0.9818004185457887
291.4816151813349,4,0.8048612962724012
89.82027134480605,12,0.9989921191853836
291.49451518200675,8,0.9997435033802715
291.943915205413,2,0.8685083707420272
292.0623818782498,9,0.5678486337876043
292.4050818960988,4,0.9822960548082488
90.29387136947273,8,0.9998873277972542
292.47628189980713,8,0.9941823778517043
293.0326819287863,12,0.9910920791210953
294.3473153305901,8,0.9979772623541824
294.6429820126561,8,0.9997171512420236
91.43040476200048,12,0.998732371949937
91.5726381027418,5,0.6965358257139797
294.6670820139113,8,0.9997552863164064
295.17531537371514,8,0.9997723426851092
295.3292820484009,8,0.9993984554204765
92.66153815945536,8,0.7567537859825028
92.64973815884078,8,0.9982260957738146
92.46037148231126,8,0.9719863712627161
296.0521820860519,1,0.9966063058743603
296.9275487983106,8,0.9997656824091818
93.31270486003696,12,0.7526806454008986
568.1388629239007,2,0.9963939272667329
297.1764154779391,2,0.996738775719546
297.9691155192256,8,0.9996461092038905
298.6562488883471,8,0.9995746425944998
298.9638489043679,12,0.8106925265022502
95.7749716549467,8,0.9286297826898692
548.5650619044318,9,0.9650932014135603
548.6242952408502,8,0.9606225071721949
299.01124890683667,8,0.9990341608307185
299.03441557470995,11,0.34404661520768115
299.30734892225854,8,0.6554834798247713
299.7095156098714,8,0.9960036970427225
360.99861880201234,8,0.99548781069113
300.32484897525336,6,0.45761531812426526
300.34844897648253,12,0.8234517910432037
300.3604489771075,1,0.9846135418311981
300.5387156530589,8,0.6573731911454469
300.6447823252499,8,0.9804006487384577
300.6927156610797,8,0.9964034051161283
301.5916823745676,8,0.9981707141761844
301.6502823776197,1,0.9308347053024102
301.7812490511075,8,0.7042947557103861
301.9225490584669,8,0.9995276308551969
302.2193824072603,8,0.9999051827500471
302.266282409703,12,0.9112190267008613
302.43271575170473,8,0.970731486900355
302.7637824356145,1,0.9738610189676185
579.478530181175,8,0.9854543044358421
303.1786491238888,8,0.9912082825540863
303.2614157948662,12,0.9942490645283221
303.4626824720155,8,0.9870516500749718
303.66298248244783,8,0.9857544756386076
303.80594915656064,8,0.9816284361663168
303.93618249667696,1,0.9913089226797879
304.267382513927,0,0.47027540021928416
304.3150158497412,12,0.9694726632203495
304.3740491861492,11,0.8993013653909814
304.8358158768662,8,0.924318743101396
304.8596825447759,11,0.9997957220056322
304.9057158805069,11,0.9906547184513935
304.929749215092,8,0.999826304588777
305.0371158873506,2,0.9876917845621364
305.0482492212638,4,0.5937446041604582
305.13204922562835,8,0.9611079167658999
305.17868256139053,8,0.9967172870867548
306.136982611302,4,0.8321105071577444
103.83667207482696,8,0.9927363294999889
306.398582624927,8,0.9974184955051056
306.4921159631319,12,0.7235485024166252
306.70511597422563,8,0.932069974542159
306.9064493180451,12,0.8697946123890425
104.09717208839466,8,0.996290225786512
104.23913876245544,8,0.4347185719911262
104.67730545194328,12,0.998162749892978
104.79560545810472,2,0.9599406576593479
307.4983826822083,2,0.8011474110942093
105.68337217100924,7,0.8651076053599758
307.593749353842,7,0.9911672499049955
308.02024937605546,12,0.9974723956611643
308.0547160445173,9,0.9984622149875801
308.30431605751727,12,0.9587267873483132
308.6350827414114,2,0.9522156810879367
308.69434941116486,8,0.9997820450135684
309.8306161370121,2,0.973767928604113
309.8434161376788,8,0.9910274390216951
309.9140494746909,12,0.9964252784354878
107.68403894187732,12,0.9851694810429937
309.9381494759461,8,0.8740431173083502
310.0794161499704,12,0.9987454132362842
310.2804828271093,12,0.9042780186903534
310.29351616112143,8,0.9950505747002014
310.43481616848084,8,0.9975886772983874
310.6005828437812,8,0.7006343160491532
311.2047162085798,0,0.9969483793886983
311.2754828789322,3,0.9989286984646217
311.31061621409543,3,0.9986514743564147
109.34130569485995,2,0.6209565455947403
311.61938289684366,8,0.9953399769591199
312.5658162794704,8,0.9821838727835009
312.63628294980725,10,0.9881503775691604
313.0741163059444,1,0.9522175375716488
110.93943911142942,12,0.8992146123726189
313.3939829892708,8,0.9984572161628851
313.5120496620868,12,0.9628734247309699
313.52408299604684,12,0.9869377901335613
313.5483496639774,12,0.9950935325388526
111.5196058083131,4,0.983903832162794
111.80387248978532,10,0.6035017715949632
302.8790491082846,7,0.9896161241786294
314.0928163590017,4,0.8604122989899351
314.104983026302,4,0.9691638277153891
314.11651636023606,2,0.985998005652566
314.48401637937667,7,0.9988287328072746
315.0746497434722,2,0.8588536959590884
315.2887830879583,2,0.9153229557929937
315.336149757092,7,0.9511625281575722
113.87540593101104,2,0.9429287548772827
315.3593830916354,9,0.9543136361843529
316.12968313175514,2,0.7036987834117925
316.23574980394613,10,0.9999901738918475
316.3068831409843,7,0.9938474638591798
114.06473927420548,0,0.99936893981639
316.5085164848194,2,0.907161574922376
317.4432498668368,2,0.9842551582778449
317.5847165408715,2,0.9656673413306155
317.7980165519809,1,0.9873969498786307
318.29478324452083,0,0.997619348232359
318.3427832470208,2,0.996763607139471
318.6385165957569,0,0.9529106706377969
319.4908833068177,7,0.5718781142435498
319.762683320974,0,0.9998536755319066
116.4324393975232,2,0.9557447000923678
116.72850607961,1,0.92385340193981
319.84644999200344,2,0.9854737797826632
319.8693166598611,11,0.9923890270182155
319.8935499944566,8,0.9426272197813337
117.49797278635306,11,0.998840723725387
117.62813945979924,9,0.9944174349223605
117.6637394616534,1,0.9284491161557151
320.1305833401354,11,0.9799912887007836
16.371134185996617,11,0.9932535295742143
118.91843952700238,11,0.8937830345827059
16.678934202027868,9,0.9733234197032792
118.1964394893982,9,0.9999999926826746
321.4322834079323,6,0.7384226185405139
321.81191676103816,9,0.6919731071572433
119.1908062078548,2,0.8006537656972695
119.2500395442732,1,0.994160697823811
119.99557291643642,8,0.9977389617904647
322.74591680968405,11,0.433102979997719
322.8642501491806,1,0.9782454490333315
323.38621684303297,5,0.949257406714184
323.39688351025524,1,0.9852151349778658
323.5744168528351,12,0.5886516396696574
323.72848352752607,4,0.9605949919238623
19.34256767409212,11,0.9982092546889644
121.1794396447628,11,0.9994248975654566
324.415316896632,7,0.9976656313076514
324.78221691574134,6,0.9902412787816356
325.24378360644795,9,0.6103577294514408
325.671016962033,8,0.9903247548372589
122.9079064014538,9,0.9556679953649723
325.7527502996233,11,0.87203594228054
325.801116968809,8,0.9949633679351596
326.9483170285591,12,0.8933243339226142
472.9194579645564,11,0.9952798706762721
123.002573073051,11,0.9913165229231263
523.1454605804942,9,0.9212584299708265
327.3274503816389,11,0.5180368125443088
22.929467860909845,12,0.9920560643585717
124.29297314025936,2,0.9911123467494727
327.5168837248386,11,0.8901078427757323
327.5652837273594,1,0.8492585994447477
327.6232170637101,2,0.8754391403762284
327.7660170711476,4,0.37580116240827427
125.32273986055972,5,0.9996966166934851
327.82445040752435,1,0.7529739157838317
328.74791712228824,1,0.7161149303621585
329.1036838074844,10,0.7846762957745466
329.8493838463229,11,0.4746395057100408
542.4451282523519,2,0.7697956112951759
544.6157950320741,5,0.9999321775155968
330.0274505222639,8,0.9976623760306298
330.8798838999948,7,0.9012213522602187
127.41840663637568,8,0.9885835816246273
330.96168390425527,8,0.5628961997194359
585.1130638079736,7,0.8805453693454988
331.7200506104202,1,0.9937048872706493
26.50453471377792,9,0.9153592653756604
331.885083952349,6,0.9963584815237713
463.4414241375754,1,0.4752057139160378
280.54788127853624,6,0.5753259994566788
332.2407173042049,8,0.9902604298982595
27.226734751392502,12,0.5069260931602475
332.43028398074483,1,0.9388141478744525
332.4891506504775,1,0.42439652053778254
332.7144173288768,1,0.7858389394930583
332.7384173301268,0,0.9987078936759147
333.6372507102744,1,0.798598492719292
606.4268315847324,7,0.9979859806784697
334.02771739727785,7,0.9436473206930251
29.92576822530051,5,0.9999596308085403
334.679650764566,9,0.9055003075930673
335.81615082375873,9,0.998940448379955
30.96756827956093,5,0.999996645251812
336.3843508533525,1,0.9630886875497702
336.3959175206216,4,0.5721898251258133
336.6331508663108,4,0.7465945645585184
336.7989842082813,9,0.9999999991088941
336.8926175464914,7,0.9984850907882166
336.9404842156511,1,0.9836438275263764
337.259617565606,4,0.9609838393924298
276.9390477572428,1,0.5932142833127989
337.3194175687205,7,0.6441011306055368
337.4262842409532,6,0.922303565332015
337.4851842440209,11,0.9347965691851252
337.5794842489324,11,0.9994455916479227
338.36081762296016,4,0.5637633000072987
338.37271762357994,12,0.9996309086174641
338.6215843032084,9,0.9974817087562006
339.03535099142545,9,0.9999755955539533
339.3200843395886,1,0.623311025486267
339.4386176790956,4,0.9453379943846031
339.60411768771536,1,0.9250320675827258
339.6862510253265,8,0.9994002953917027
339.69861769263724,4,0.9837814727987021
340.2779510561442,8,0.988421166412467
340.3020510573994,12,0.9427670375536404
340.3266510586806,0,0.9930651612851983
340.8945177549237,0,0.9711902878565929
341.14225110115984,0,0.690773635093123
341.46281778452266,4,0.4994395072775678
341.9122178079289,0,0.9771058560090585
608.9262317149095,7,0.9889452324616933
638.8084332712742,10,0.9712225111434329
342.3378178300956,12,0.6371933060798519
342.6580845134428,11,0.837903696397958
342.81248452148446,1,0.9682051125456311
628.5465994034704,4,0.9754576150718
343.5111845578751,2,0.9970024656644186
343.69985123436817,6,0.7872475584893242
344.6709846182813,5,0.9992648710359882
344.96655130034213,11,0.7271869653401838
39.88160207716688,11,0.9174744458802494
39.34896871609222,11,0.6797728312086054
39.6566353987832,11,0.9976895635711276
345.23861798117895,11,0.9246867951408766
364.741018996929,11,0.9916961610601922
561.451195908918,9,0.9828867859898318
346.18625136386817,7,0.8130088407435364
346.374784707021,4,0.52064855902685
41.19573547894466,8,0.9965253228979253
41.266635482637376,8,0.6426320547846055
346.67131805579874,2,0.9882422877005919
346.89595140083173,1,0.7845616940803488
347.2981180884446,6,0.5073369215713391
347.59421810386647,6,0.4770692209538355
347.8197847822814,11,0.6982142751356331
347.9030847866199,1,0.4047978013357452
348.2691514723526,4,0.9887852161962718
43.39753559362176,2,0.7947952818417607
349.1932515204828,12,0.9560916464301831
349.2516848568595,8,0.9967499942942223
349.915284891422,7,0.5924137056374017
349.98645156179526,11,0.7302198907300415
418.69045514012896,11,0.9993751673906973
350.0332515642328,8,0.7987008134302861
350.139418236429,4,0.8833478380983707
350.530618256804,7,0.969995487815608
350.66118493027096,4,0.8912288800177259
350.71938493330225,7,0.8968982643278333
350.76651826909045,1,0.7564164390457304
350.8857849419689,1,0.9430931255829257
350.92128494381785,5,0.9999526998975834
350.9917182808196,11,0.914165543159714
351.25208496104705,4,0.8281071076505382
351.26418496167724,1,0.6277460960941532
351.27648496231785,1,0.9738733256871596
351.5009849740106,4,0.681883307621909
351.53678497587515,12,0.5901870589718893
351.6074183128873,8,0.9985992639803606
352.0574183363248,9,0.964487921794998
352.2114516776807,9,0.6037490899698039
352.2348183455644,11,0.9326236823407911
352.3299183505175,8,0.7620379337451142
352.4132516881911,12,0.6729795003028803
352.61335169861303,12,0.9832672085241505
353.0990517239099,9,0.9788400103922394
353.466318409705,9,0.7825646775776959
353.4901517442797,5,0.9991831404876884
353.5617517480088,5,0.9999985135783722
353.67905175411823,7,0.6910281576044529
355.3368185071269,7,0.8702697070673132
356.71055191200884,12,0.8969166486278054
51.400136010423886,8,0.9996810135666134
356.8403185854342,7,0.43895787684889026
357.1475852681044,1,0.9300226149132197
357.1716519360245,12,0.8544392082095164
357.36138527923976,9,0.8361807468322014
357.3843186137676,4,0.9302191374144584
357.4079519483318,11,0.9994604925839012
357.4319186162467,11,0.9958952004607122
357.444551950238,12,0.5705382494719001
357.62128529277624,11,0.7952471629670829
357.7404186323144,11,0.721771749391571
358.0471186482884,0,0.9997591698781787
358.26065199274325,4,0.6432105447593478
358.32008532917206,12,0.972263807400388
358.33168532977623,7,0.9969727714972807
358.35535199767554,4,0.8808620720378283
358.55705200818073,11,0.5162907442667065
359.0067520316026,5,0.9999893070121858
360.0129187506738,4,0.9664387512512131
360.8891521296443,4,0.9073628679581215
360.97138546726063,4,0.8784361783262676
591.8719641599997,2,0.9186269111944448
361.0432854710054,2,0.5149908569349416
361.90638551595856,2,0.5169628249107718
362.2034188647624,7,0.9988885218683698
362.7474522264308,0,0.928218565278252
363.1495189140384,4,0.824362647991161
363.209785583844,4,0.842228082185835
363.4931855986044,0,0.9226492944155794
364.3816523115453,2,0.9848038520382482
364.6883856608544,4,0.9894327242581498
364.96115234172765,2,0.952578844671069
364.9852856763179,7,0.9812345144168262
364.9967523435818,0,0.9879045727513127
365.19725235402456,1,0.9278242494185269
9.099700473942756,5,0.9999959315595587
365.5293523713214,1,0.7341225929849022
365.6954523799725,1,0.9636669892903018
551.6475953983137,0,0.8952534560461525
366.26391907624674,0,0.9593992338181573
61.17836985304026,0,0.9836121978103913
366.5115524224777,1,0.8422250587037517
366.7368857675471,7,0.7848254464029487
366.8436524397745,1,0.9985961704312982
367.1399857885419,1,0.5660460422580268
367.2928191298353,1,0.44761539079482743
367.4354191372624,0,0.9969648573833395
367.8962524945975,4,0.9915678255729805
465.999157604124,0,0.9745182522091959
368.5367858612919,9,0.9999975508594907
63.45120330475034,1,0.5002971992191343
63.97210333188056,7,0.9986936676686856
368.78448587419297,2,0.7788717445168981
562.8423293147061,4,0.8316444322660088
562.8666626493068,1,0.9813674564744542
591.6934641507029,2,0.9935749925306206
623.7564324873158,4,0.7088340965384142
370.06305260745165,2,0.7796123735179945
370.5011192969343,1,0.8761445853414532
370.52565263154537,4,0.7527022890372252
370.608019302502,0,0.9994790680248765
370.9392526530871,5,0.9999917569332087
371.3422860074117,2,0.9414309649245174
15.894767494519185,1,0.9959571567768043
371.48408601479713,1,0.6084418873600732
371.4962193487624,7,0.9990289002031614
371.6609860240107,0,0.9008487220865736
371.72005269375376,4,0.8037748769562445
476.95909150828726,2,0.9939080361444427
522.1197605270722,4,0.9411904540708531
522.1789938634906,7,0.5666482448648296
522.5322605485567,7,0.9896175589476937
374.7866528534725,0,0.9989313957594934
18.28606761906607,5,0.9999953294246001
374.834419522627,5,0.9999987600867839
374.98745286393086,7,0.9991976677947211
374.9998861979117,7,0.8151291559792395
375.272652878785,4,0.6535734443386144
375.2832528793371,2,0.7511407407838478
375.7221862355315,0,0.995582350302745
614.3122319954304,1,0.8139113838667715
533.7534611329942,1,0.9475461663437043
376.5385529447173,3,0.9999902350395474
376.5750196132833,5,0.9999843700363227
376.8590196280749,11,0.8672069051978667
376.8821862959482,7,0.9847610292668187
584.4776637748798,2,0.9777971914012287
377.1654863107034,10,0.9998969638678203
21.19826777074317,10,0.5060253112367192
377.2134196465333,2,0.5997882312006484
377.2254196471583,10,0.9999476112294845
377.43891965827805,10,0.9975201487585759
377.4628529928579,10,0.7524478845840246
377.5684196650229,0,0.7952556138499051
274.7995476458105,4,0.702133795177646
377.758586341594,2,0.936921037902459
377.7702863422034,2,0.5284381003799749
378.0307863557711,0,0.9933624445947663
378.0893196921531,7,0.9616736577045001
378.1127530267069,0,0.9996222002601436
378.2085863650315,11,0.9911699235736884
378.5862530513684,0,0.9679641912565438
379.1670530816184,0,0.9997874065800255
379.5107864328545,11,0.9949808762650577
379.6878864420784,11,0.9996974415487486
380.5047864846253,7,0.7155442753057513
584.3818304365552,0,0.9862670161158471
381.2148531882746,9,0.8590599440137963
381.4046865314951,7,0.95954074013455
381.5345865382607,7,0.9939319507523059
381.7003532135611,7,0.6451464607012892
473.2423579813741,7,0.9753258203906093
382.5294865900784,0,0.9989902826255261
26.9870680722432,7,0.9692634426895126
382.7057199325906,7,0.5935722696272371
382.7295532671653,0,0.9937350552001281
382.8133866048649,10,0.7217341606516126
382.84791993999687,0,0.9997663095032704
383.037619949877,7,0.7577077358302772
383.0845199523198,0,0.9996491639430708
383.28648662950553,1,0.930336865086259
383.2981199634448,7,0.9863086200549199
383.3217866313441,7,0.9695454398885908
383.33401996531455,1,0.5997493591871729
383.45258663815656,1,0.9945153842282826
316.96591650864235,1,0.9742887472720058
383.535353309134,0,0.5389645719913801
384.1154866726826,0,0.9993686461766733
29.307334859757106,0,0.9887674032065357
384.23378667884407,1,0.991257439757121
384.3991200207885,9,0.5846827903365117
384.4226200220125,12,0.5221608779549729
384.4587866905628,0,0.9988508854945656
385.748153424384,0,0.984157816031974
385.7493867577816,4,0.9703209306236433
385.96185343551423,0,0.9956308294729147
386.127820110825,7,0.9570044138703012
386.24655345034233,4,0.8632226772359576
31.319801631239752,0,0.9997117211487082
386.4702534619934,0,0.9938514949314893
386.57722013423125,0,0.9959321730327447
386.8728868162973,7,0.9970196694516148
387.1925201662781,2,0.999265012745362
387.3350535070351,4,0.9237944155745647
387.43048684533886,0,0.9673089370586441
387.4896535150871,4,0.8224160659682125
387.91555353726943,9,0.9998607034980284
388.4480535650038,3,0.9770103611267904
388.5307869026462,4,0.9531481678231746
365.7837857179065,2,0.9684201124843194
388.54242023658543,2,0.9362613005020212
389.3837202804031,0,0.9938134815881785
389.5010202865125,1,0.9005689030149019
390.1651536544361,2,0.8604855046182392
390.4965870050316,3,0.9984175481111213
390.7686536858684,1,0.5743531099127188
390.7912870203806,2,0.9915091295602534
638.8467999399392,10,0.5781000622063157
392.79258712461495,2,0.8000377602502089
393.0530538048476,0,0.5655667197398102
393.47972049373647,1,0.7034753429196512
393.66858717024,11,0.9998507640820514
393.9532205183979,11,0.9861415749964294
394.6036872189431,12,0.6097814336501134
394.8643205658511,11,0.9854290714690813
395.04102057505423,4,0.9419179900078122
395.3609205917157,4,0.9938970273135278
580.277763556135,7,0.9613589661117203
397.8709207224449,2,0.9688636506810117
463.98162416571085,7,0.9237339096281451
398.3324207464813,2,0.934755114691152
398.6285540952383,2,0.8722876450116464
399.40985413593097,10,0.49878463534522677
399.634487480964,2,0.7117531171414451
400.6766875352452,10,0.7412370678093659
401.4464542420039,12,0.4887754917516645
401.5761875820942,4,0.986255963484528
402.2039876147921,2,0.9337298003749945
402.26272095118446,3,0.9966659741285328
402.4758209622834,3,0.9984098572759629
402.4760209622938,2,0.7552161134634527
402.6897543067591,7,0.5363057773643497
402.712754307957,4,0.8793364199021765
402.8070876462036,10,0.7643596720484117
403.4822876813702,10,0.503270638405848
403.53025435053513,3,0.7944959213669284
403.6124876881515,9,0.9999999999965894
404.0147210424345,2,0.8132468464687509
447.6101566463635,2,0.5887325362832521
597.5910977912046,2,0.9078310549828964
405.269687774464,10,0.964976076774786
405.2819544417695,10,0.8336224179486303
405.6019211251011,10,0.8660176793079138
405.7427544657696,10,0.9372602958105833
405.789987801563,10,0.5531909304316459
405.8373544706967,4,0.6642864360913974
406.03998781458375,7,0.9962900071560107
406.1103544849154,2,0.9484881680751991
406.1339878194796,7,0.7066467041533907
406.4890878379744,7,0.999443901123022
0.6749333684861147,0,0.8610251705455273
407.09232120272617,3,0.9914747341412826
407.1166878706619,2,0.6461214929869084
407.6843879002296,7,0.9714547144585984
4.1864002180416895,7,0.9825758281977665
4.622200240739608,2,0.9116080263327524
4.634033574689261,2,0.8957757109855087
5.41610028208857,1,0.9208483450367239
6.551067007868091,10,0.9096423321251689
407.779587905188,7,0.983573306246084
408.06378791999,1,0.8216964476959836
408.110787922438,1,0.949952627816136
408.3240879335473,1,0.9833950704800963
408.4312546057956,4,0.9581726750358249
408.6442879502244,2,0.8432182385567392
409.1053879742401,1,0.981301533713631
409.3544213205439,4,0.9037717486245642
409.6141213340699,7,0.9987635924797977
410.2767213685804,4,0.8578067364449878
410.4070213753668,2,0.9531703108365386
411.0345214080491,4,0.6486212992842245
411.1652214148564,2,0.9481043670900637
411.200054750004,2,0.8987539617675052
411.283121420997,3,0.9999919592032688
411.8051881148546,0,0.9980954396554056
412.13585479874354,4,0.9217937471825393
412.2194881364328,2,0.7063545217506065
412.254621471596,2,0.6412274133710606
412.6324214912731,2,0.7673722882568483
412.6336548246706,4,0.9428137539304586
412.7393214968408,9,0.6960488088913976
412.83402150177307,2,0.5521654283628408
413.0945881820109,10,0.5126589917272321
413.4374548665352,2,0.7762032032080222
413.75845488325393,10,0.864719041486761
413.9470215597418,4,0.9654600175283387
413.97105489432687,5,0.9999212467816871
414.1833215720491,4,0.5351088692107343
414.25525490912895,3,0.9996977861884269
414.2789549103633,2,0.6800332607816308
414.3145215788824,10,0.5390878749188587
414.3259215794762,3,0.8685349254731882
414.53975492394665,4,0.5852613887684356
414.8118549381185,4,0.9641915369797699
414.83542160601263,0,0.9312763048396298
415.1188882874432,1,0.9445715790212414
415.154788289313,1,0.9821836994217586
415.2017216250908,0,0.9936485372484284
415.5214549750769,4,0.5134083113801601
415.73485498619146,0,0.8608429184868297
416.0184883342974,2,0.8284010405536888
416.03125500162895,2,0.7606177510277119
416.1259216732262,2,0.6005672519896078
417.368055071254,2,0.5543682196923498
417.4514550755977,10,0.6767207822524227
417.4626550761811,2,0.9382053381927306
417.818788428063,2,0.5755362663091184
417.9724884360682,2,0.508906623545077
418.0428217730648,10,0.8701719198914057
418.0901884421984,2,0.844226258716116
418.0902551088686,1,0.9804940534260833
418.1381884446984,3,0.9995927040730641
418.481655129254,2,0.8804696364466853
418.49315512985294,2,0.9643877606832197
418.610788469313,10,0.9073639208174902
418.6351551372488,10,0.6785551615282195
419.9253552044467,10,0.9996624043663925
419.92592187114286,5,0.9999991815414201
420.2088218858773,0,0.9996460699271416
420.7416552469624,2,0.787807371470073
420.766455248254,4,0.9509761756404154
421.1093885994485,2,0.8208277521376592
421.298755275978,3,0.9139805966979369
421.4995552864363,2,0.7713784710763854
421.5712886235057,4,0.9866182102568036
532.7605277479456,9,0.7872584776974476
422.1150886518287,2,0.7418841021687254
422.17422198824187,2,0.880964337763552
422.458955336405,10,0.9991307125039295
422.5057220055075,3,0.9713851109525031
422.695555348728,11,0.9884472729535071
423.5248553919207,1,0.4359727846857665
423.66552206591376,3,0.996544658120468
423.8084887400266,3,0.5066077166605653
423.914288745537,9,0.9999999986594474
559.6087958129596,0,0.9835605049755771
424.83875546035296,0,0.9996257640276446
573.5190632041194,2,0.9969334210443993
624.5986658645155,2,0.8305484751698259
18.98163432196017,10,0.9142922909274775
425.276022149794,2,0.6804453696819226
425.6552888362141,2,0.7317163410770526
425.92802218375226,2,0.9099102063900435
19.13550099664073,2,0.9698578636490419
19.999767708321286,10,0.8799511536227212
426.35372220592416,2,0.6764799806675602
426.4600222114606,2,0.7319575879789206
426.4714222120544,2,0.876582547218836
427.4428555959832,1,0.9603117570236085
427.54852226815336,4,0.9731729019837919
533.354994445574,2,0.7131276002157162
574.7513299349666,5,0.9999473394176236
428.6386889915995,1,0.9653380272827359
613.9601653104269,1,0.9750967381231845
429.3241556939676,2,0.5818524170419623
429.4671557014155,10,0.9078464726485266
429.9875223951846,3,0.999838705007714
430.02355573039466,2,0.7931487909586638
430.1660224044815,10,0.9436719660489837
315.5128830996302,2,0.8555838848741031
430.24842240877314,4,0.9035559611437879
430.3071890785006,12,0.6161883214750189
430.6738890975996,7,0.5983900495910153
430.8879224420804,7,0.8460415666271031
430.98278911368806,11,0.44877475833426056
431.1126891204537,2,0.9890323446311219
431.5733891444485,7,0.9760028969619552
25.78853467648625,4,0.5296836280578113
351.9052516617328,4,0.9764209355719952
431.5862891451204,0,0.6685807690464662
407.4451545544362,0,0.995169556613256
431.77598915500056,0,0.9858675095631839
26.21473469868417,2,0.7521370939756691
26.35680137275014,2,0.914093684974832
173.4265423659662,10,0.6784455270107657
432.36772251915335,11,0.7758507534985387
432.6980225363565,4,0.9325071296539575
434.4039559585405,3,0.9994446233118937
626.9320326527117,10,0.6592667890445212
435.3028226720232,0,0.9981795350516713
435.4931560152697,10,0.9974456100219427
436.4397560645718,10,0.5783598115279182
437.3035561095614,10,0.9414259023205347
437.3507561120197,9,0.9999797638750638
418.5933551350717,1,0.5618460810921904
637.559833206243,4,0.9934382817537527
438.120822818794,4,0.9786954910540586
438.9726561964937,2,0.7199527169989052
626.7581993103246,2,0.6394208429076953
439.1036228699815,10,0.7755258010512427
439.3283562150197,10,0.7519209430066838
439.565156227353,10,0.9968999611456977
439.955889581037,0,0.8692166510952122
440.1090229223461,4,0.9003692270181235
33.11633505814254,4,0.9407534089641522
33.140001726041845,2,0.9874874586678939
440.1798562593687,2,0.9660577248253667
440.1808229260857,2,0.9225515301917957
440.262556263676,2,0.6658460474946426
440.36992293593465,2,0.5764939839509721
440.4288896056725,2,0.9447653368006805
440.72555628779054,2,0.7823409413445119
440.7719896235423,4,0.932391136839847
442.6787230561847,2,0.910407279294051
35.05783515926234,2,0.7824825510334876
35.46026851355575,7,0.9923359734188304
442.8799563999989,2,0.7819201125528252
442.89095640057184,3,0.9997481985367738
442.9391564030822,0,0.9988478100231771
443.6838564418687,10,0.706345862444029
628.4339993976058,2,0.6736005972199332
516.9755269258101,3,0.7345428463747169
445.10568984925584,0,0.5299406376463998
445.3536231955024,2,0.9523012894924814
445.3893565306968,2,0.8227535816093646
445.6734232121586,3,0.9977561337386269
445.7792232176691,4,0.771568655564022
446.0049565627593,7,0.9994406399652521
39.67456873305056,2,0.946745813606894
446.0279565639573,2,0.6513716380925785
446.0396898979017,2,0.7992956834585622
446.0523898985632,11,0.5043019173758179
446.11098990161526,1,0.7079514927087797
40.43233543918424,12,0.9508527624755146
40.69263545274154,7,0.6229070950503947
446.217423240492,3,0.9999063593030151
446.5726565923271,10,0.5882671204145583
447.3657566336344,2,0.5057365142388813
41.58060216565647,0,0.9928188685216424
447.4011233021431,1,0.9906261913232794
447.6387566478531,4,0.8053356142579056
447.7688899879642,3,0.9953803990765293
448.7515233724764,2,0.9010968125892217
449.1063567242906,2,0.9273595945399377
449.8053567606968,3,0.9461316234029333
517.9221936417823,2,0.8457298054610518
43.19063558284572,3,0.887730106625575
450.1365567779469,1,0.9773470937947784
584.7710637901612,1,0.8370424124061767
451.11895682911353,10,0.5083861393947723
451.6508568568167,4,0.901496269669403
451.66362352414825,2,0.5820149262077156
451.7692235296483,3,0.999137178277193
451.8528235340024,2,0.849204048321721
45.12013568334052,2,0.5990664813925045
452.385423561742,7,0.9984368176695747
452.4084902296101,7,0.9498915049355057
452.6696235765441,7,0.9932963487494267
472.6906579526397,1,0.971069583481668
46.20930240673462,1,0.9198200873961426
453.1543236017889,0,0.746614114676187
453.8421236376118,11,0.7265986128957642
579.9003635364788,7,0.8668823365188517
569.7834630095568,12,0.6363992455423573
48.340069184378734,7,0.9758332857811194
455.7599570708323,7,0.9995854595253751
455.8301904078237,0,0.998473262157821
456.943490465808,7,0.8386737853048024
351.8472183253769,4,0.9701819251978415
458.20979053176114,11,0.9990824467222901
458.6474238878879,7,0.9936447195746878
458.7422238928254,7,0.5461114715257515
458.86095723234274,1,0.9580494555447214
458.9199239020806,7,0.7676911864299453
458.9673572378844,4,0.9010447624162256
458.99129057246427,4,0.9390237267744358
459.2279905847924,7,0.9828051583588023
459.3695239254973,2,0.9960352727980228
459.4770239310962,2,0.6497969270532653
53.8684361389812,10,0.870356096491675
459.5003572656448,2,0.6113234840512507
459.5233906001778,10,0.9990859320880661
460.1633906335112,10,0.5773134659134759
460.4241239804243,10,0.4247419056674301
460.7082573285563,10,0.9688014310154994
460.95689067483926,3,0.987328557494154
461.1688573525459,7,0.9967200161789442
461.441557366749,4,0.9718241804379689
461.6660907117768,1,0.523954457838898
461.92759072539656,2,0.9960729461602728
461.97422406115874,2,0.9171769402705983
462.4601574198011,3,0.9980875700821535
462.5065240888827,2,0.9109676600575453
462.5540240913567,0,0.9991847439113188
462.5540574246917,2,0.6877621928271207
462.8855907752924,10,0.9888979681641659
462.94489077838097,0,0.40127905091901955
463.0868907857768,10,0.42076985098054065
463.1693241234036,2,0.6107587632939793
57.79880301035448,2,0.8382217053515155
463.6547241486848,2,0.9304036677868177
463.7260241523984,2,0.7220762249891954
463.7376241530025,2,0.7798588441086989
463.7741241549035,3,0.7202430922027941
383.4460866378181,2,0.904921242293928
464.0580908363601,10,0.8187224569075593
464.116557506072,4,0.9105094183156993
464.2360908456309,2,0.9906240648560548
464.2471908462091,10,0.6949768262293089
59.55080310160449,5,0.9999018937362659
465.09962422394,7,0.7602379402444496
465.4778909103081,5,0.9999995309649811
465.5016242448775,1,0.9817176016179554
465.5493242473619,5,0.9999908228873725
60.82930316819304,7,0.9934507054077689
466.09405760906674,4,0.9664602818904424
466.3905576245094,0,0.9852013145139256
466.4257576263428,5,0.9999968431344632
466.5085909639904,11,0.9897792747892187
61.42120319902117,7,0.9984224699679242
467.0296576577959,2,0.9646996826500092
467.0763576602282,2,0.9922413851629436
467.4202243448046,2,0.5643393127899653
467.8699910348966,10,0.9869277297839089
62.13143656934582,2,0.6426790119858498
468.2958243904088,4,0.8576553559917127
469.2781911082404,1,0.7396486605996043
469.3494577786189,5,0.9999980496312139
469.43182444957546,1,0.7309359078134641
470.1785578218011,4,0.9806040250161082
470.7577245186328,4,0.5839322692930412
470.8059245211432,1,0.6733671790495305
470.9351245278724,2,0.9793906300170413
471.3740245507317,3,0.9774367646022372
64.43997002291528,1,0.9847398466367361
64.77133670684063,2,0.9667916879647883
64.94900338276076,6,0.31164244267734065
471.7045912346154,1,0.8682396875584805
471.8708579099418,3,0.99832434016309
65.81320342777119,2,0.7169958849020482
472.3095245994557,2,0.9487051447247483
472.3565579352386,2,0.7519648131166817
472.5225246105494,3,0.9998238566088408
472.5936579475876,4,0.9831429333923299
472.60535794819697,12,0.5906611626513762
472.8773912956987,7,0.6786303609097518
472.9133246309036,7,0.9890040807287203
472.99615796855113,7,0.9723090837953934
473.0426913043081,1,0.5179551353910644
67.62423685542919,2,0.9866378614414416
473.2210246469296,9,0.9818390592551172
473.2321913141779,2,0.8130125442749865
473.4100579901085,4,0.9485943654599528
474.13169136102687,7,0.8817187143947717
68.27550355601599,7,0.8562242326096161
68.19260355169828,10,0.9601316079734119
474.1552246955859,2,0.9395587776169435
474.1918913641623,10,0.681083757352489
475.3985914270112,10,0.9648393322782806
475.6944914424227,0,0.9678431873059354
475.9439581220824,4,0.8630040388962151
475.9909581245303,2,0.6935367013444305
476.0375914602925,2,0.9609298191125049
476.2399581374991,2,0.894626075035155
477.1395581843532,10,0.6762091510008694
477.1503581849158,3,0.9855921825784234
477.7078248806171,2,0.913124838382383
477.9208248917109,2,0.6522978618105714
478.1327915694175,2,0.8750026883764825
478.26405824292095,2,0.8370159150481025
478.32245824596265,4,0.6558160904146831
478.3225249126328,2,0.6635082853258646
478.68932493173696,1,0.5002708506473489
478.84369160644354,3,0.978870943067338
479.3174582977856,2,0.5720805753068154
479.3758249674922,4,0.965297532949445
479.4232249699609,7,0.891716701097762
479.7202583187647,2,0.9113548745775066
22.411867833951508,2,0.8285377702039818
479.8261249909453,2,0.7615756667268471
480.1924583433585,7,0.7159437777148213
480.3002916823081,7,0.9743847626263322
480.60725836496266,7,0.999109446586673
481.2580250655234,7,0.4650363956985041
481.61425841741055,11,0.6111589823034633
481.8036917606102,0,0.9988614134482656
481.8508250963984,1,0.9895894884690423
75.88723728579382,7,0.9503210806764819
482.465991795105,11,0.9925219039674819
482.4900251296901,7,0.9568979619904279
482.5135251309141,0,0.9939595918281297
25.88036801460257,11,0.9989381954467024
482.5377251321744,11,0.5757600664486534
482.89249181731856,11,0.9922262429645043
482.9038918179123,7,0.49299485602834936
483.0464918253394,2,0.9869181619253934
483.43612517896617,7,0.98787062132779
483.4492585129835,3,0.9973690937183411
483.46052518023697,3,0.9961077004396338
585.5835638324788,3,0.9991290669876707
636.9106665057656,3,0.9987976014395399
27.099734744777923,4,0.9575615335998173
78.59817076032161,7,0.997527756682961
616.6863654524165,2,0.9405084879844776
555.5934956038294,2,0.7288685861739151
80.77663754045008,3,0.9999982202385161
487.09482536952345,7,0.9947402287046176
487.2835253793516,2,0.9203914951756496
487.3426253824297,9,0.8384303557213297
30.39070158284912,6,0.8819236035053571
487.638925397862,6,0.7844457337067582
487.7811920719384,9,0.7005972594603441
488.2910587651606,9,0.7550017810093715
488.3134254329922,1,0.8745853516061216
488.4685587744054,1,0.9368361604206091
82.67057097242579,1,0.9818605975239593
489.828658845244,4,0.6034768322240309
532.4921610673015,11,0.6081633427786233
637.6076998754028,11,0.7469541297714734
515.5922935204334,8,0.9998926364621183
83.62960435570878,0,0.9995082695179218
490.7288588921294,1,0.6605971837076903
383.9454866638284,4,0.8470826800735302
491.3558922581207,11,0.8971995022187954
473.5323913298133,2,0.9850490517874995
492.25669230503735,2,0.8164278186007143
492.6944589945044,1,0.9739678473365658
492.7775923321676,2,0.9340155712335813
492.8003923333551,2,0.937567322854991
492.8596923364436,4,0.8953934194261445
86.76677118576956,11,0.47307279026611165
419.3774218425752,4,0.6998360930573398
492.9665923420113,0,0.5568076191562182
493.46382570124223,7,0.6282137197265544
493.8430590543273,1,0.9905768743398613
494.39875908327,11,0.7254650792418824
614.673498680913,7,0.8189768074872343
638.2592665760052,7,0.9947025165695574
638.3428332470243,4,0.8639228866310074
567.4048962190066,2,0.978229630416626
495.1085591202388,1,0.9859189626328777
495.1915257912266,4,0.640930831319008
495.3570924665166,1,0.8734281301992313
495.4996258072735,5,0.9998583094764566
89.88000468125048,11,0.9877381038127084
496.2449591794263,9,0.646194766077776
496.3409591844263,6,0.9735446735709913
496.5653925294488,11,0.9958242200074751
496.8736925455061,12,0.5264965066837547
496.9328258819193,4,0.9845010297793625
497.9386259343048,2,0.6708032998388136
91.54900476817758,2,0.9952782625674776
91.82153811570537,2,0.9548497547009681
498.7908926453603,1,0.9907007410711949
498.87375931634296,2,0.9941806198331331
498.9686259879506,3,0.775250358345298
92.4489714817175,4,0.6073009030870945
92.7568381644189,4,0.8856509804956754
92.69740482799008,5,0.9999983354469391
498.99192598916414,11,0.9892124479616249
499.31195933916587,1,0.8670950122414558
500.21072605264334,1,0.9327235426253675
500.2948260570235,7,0.924555543224708
500.4249260637996,0,0.9829176873683206
273.26761423268897,2,0.4613687061446205
273.82398092833307,3,0.9971098493432036
94.05887156556648,7,0.9017230150631613
94.61540492788592,1,0.7560830805359066
500.62545940757735,0,0.9997358067782256
500.6608260760861,5,0.9993467189219043
95.45577163832168,2,0.8895559146269674
95.56220497719843,1,0.4995143689040741
95.83450499138073,5,0.9999986157428171
502.1645594877388,1,0.9550055075624398
502.6382595124107,5,0.9999964259227375
502.6507261797266,7,0.6057390062058344
502.6742261809506,4,0.6343452966029591
502.7086595160774,1,0.982157452588854
502.933592861126,12,0.5664117733993541
503.3241595481347,8,0.9996248823780308
503.7036262345652,7,0.9766193747155154
504.1411929240218,5,0.9999978869799278
528.7078942035375,7,0.9692384136402339
554.873328899654,8,0.7233364311789445
505.2543596486659,0,0.8954110794151069
98.02450510544324,9,0.9568302574389064
98.80600514614636,2,0.9014746019171799
505.7044596721086,4,0.5347235937367486
506.5090263806798,4,0.8079536092868592
99.5990718541186,5,0.9999994349449997
99.88310520224532,5,0.9999987975708516
507.0413264084038,1,0.903464224999578
507.5269931003656,6,0.4824177141811304
507.6338931059333,4,0.9491568477386588
507.7174597769524,0,0.9425638426362973
549.2410619396401,8,0.6947937460559053
508.0956264633152,4,0.677130927120608
508.3558264768673,2,0.7340197124881126
590.8880974420899,1,0.8396034238467021
509.1849598533847,2,0.553148620062478
509.25535985705136,3,0.9050582897198014
509.4688932015062,3,0.4932112681803513
509.7882932181416,7,0.9930865896070188
509.8596932218604,7,0.9899645581058774
570.3887630410829,2,0.928074656251581
103.6477720649884,10,0.6661309650833119
511.0200599489628,7,0.9818244817325176
104.1565720914884,2,0.9955516346158116
511.137759955093,2,0.859195127535912
511.5050599742232,2,0.7041714408650334
511.5402266427215,2,0.6897103873812717
511.6701599828222,4,0.9923435177147079
105.5892721661082,10,0.9214680668371491
511.6824599834628,3,0.9998246645465622
281.6711480037064,3,0.9999943612648068
110.3837390824867,4,0.9071669270926218
111.2003057916829,4,0.9255040861645296
592.0589975030744,10,0.9976483897773463
112.1592058416256,4,0.974411393416384
521.8678271806174,2,0.7347182046827804
613.6699986286474,3,0.9993339489901029
115.37917267599887,2,0.8925516861327765
115.59223935376278,4,0.9043623646057878
613.9650986440172,2,0.839257537596097
116.04223937720027,10,0.6391615991206667
116.7998394166586,2,0.8361506296326786
117.94810614313084,2,0.6024994868580631
117.1549394351534,4,0.9922030687216781
117.08390609812042,11,0.9998495856448797
117.9836061449798,11,0.9931569241280793
117.24987277343118,2,0.8530456722073291
118.80053952086176,10,0.5490008436835
117.79417280178016,7,0.9428725570651612
118.22047282398329,10,0.5581619761737356
117.3326394444086,11,0.9994094014639007
522.6854605565358,11,0.9966082726141133
119.38050621773502,1,0.9334819020924976
120.0790395874503,2,0.6867487006849313
120.990406301584,2,0.9137284015008638
543.9029616616141,2,0.5526977091552475
533.7976944686313,4,0.9330889352176013
584.6752637851715,0,0.9990883313901175
523.0979605780202,7,0.9979303995160718
22.231367824550468,12,0.852828863006714
124.55390648718296,2,0.7234882698534376
274.77291431109,10,0.5914568687326205
564.2838293897843,1,0.8442296808305128
591.5133641413227,12,0.9898485674461566
473.2982246509505,7,0.9675288093800463
129.22980673071945,1,0.9818434355918954
129.60870675045382,4,0.897427791229792
616.8548321278574,1,0.9244686316889157
130.11777344363438,5,0.9999974024096958
130.38980679113612,1,0.9501682921985247
550.0680953160481,5,0.9998860676484508
132.165740216966,5,0.9999981467088737
132.01214020896597,1,0.672067013196389
132.1183735478323,5,0.9999947209132578
132.75750691445384,5,0.9999907917763885
132.6388735749417,1,0.8414826886586169
133.92967364217083,5,0.9999710761704164
133.65707362797295,7,0.953690450901763
133.07714026443475,1,0.658078429645768
586.7833305616333,1,0.9550100274588481
134.9951070309955,1,0.9665139376395291
134.24950699216217,4,0.7723567864252362
134.19020698907363,1,0.6638254923876598
134.22560699091738,5,0.9999995226169036
134.47447367054585,5,0.9999448059600125
135.0542403674087,5,0.9999988250286488
135.1015070365372,5,0.9998884123940164
134.80580702113613,4,0.8810772506147291
135.7884404056483,1,0.8449023319835182
563.3608626750464,1,0.9903354745900625
136.5694404463254,1,0.6669341701015672
617.8353321789252,5,0.9999966428864516
35.999168541623455,2,0.8827048549069954
587.9298972880171,4,0.7816966097075171
36.35426856011825,4,0.9325903981874886
138.9132739017334,1,0.9668601010805935
138.7952072289174,2,0.956705667192065
138.10850719315178,4,0.9929098226815035
516.4260935638604,1,0.8659500635484131
628.4165993966996,1,0.6593954571571581
139.73054061096602,4,0.9487429809366885
139.8011739479782,1,0.9868333666841644
545.920395100022,2,0.7626833286937453
140.6184406572108,1,0.9566322009896282
140.66564065966915,2,0.8369768277452904
593.9656976023816,10,0.98447121613529
141.97964072810666,0,0.9998285100769557
141.15044068491918,1,0.9659446278043871
142.4650407533879,4,0.8217619064540683
142.54747409101466,4,0.9765739388970253
41.278935483278,1,0.6186796358260112
143.64874081503896,2,0.8885950001867615
143.82647415762924,1,0.9968832382933427
143.18674079097647,4,0.5999865147648425
143.83814082490355,2,0.9917498031321762
42.35610220604711,2,0.8223023864756869
144.5480741952126,10,0.565961839092665
144.57200752979244,4,0.8248014790197706
144.58400753041744,1,0.8880172414113701
144.70257420325945,1,0.5882245057682332
43.83596894979016,11,0.9998137779979069
145.44820757542786,11,0.9998535247858913
145.2585742322178,1,0.9905587699045745
473.28952465049736,1,0.9625541048816914
146.9754409883046,3,0.999987561364872
146.11107427661884,3,0.9990677352915995
146.25267428399383,1,0.9268579506995767
147.22380766790704,3,0.9981076383825408
147.6618410240546,1,0.9745215834511217
472.96942463382544,7,0.45088131268041126
579.6121968548034,1,0.9714280704319374
279.76858123794767,1,0.6861861323662825
149.42560778258414,2,0.840610485285204
48.18056917607144,10,0.9763364912375784
48.78430254084922,4,0.8885974825325412
150.3256411627942,2,0.7671566813464905
152.089541254664,10,0.7581801378580304
152.6218079490529,0,0.9952010832931105
152.6694079515321,12,0.7997463552242132
51.60173602092389,1,0.9722239005008153
153.92397468354076,1,0.622980654841784
154.91877473535325,0,0.9408616899058707
154.67007472240013,2,0.8936389013161655
154.50404138041924,1,0.7027297665688785
154.71760805820915,4,0.8068306668943166
53.80360280227112,2,0.9660101698484959
155.43960809581333,4,0.9817151173366903
53.850902804734666,2,0.8605733595139493
155.55797476864493,10,0.9952933863327001
54.1469361534864,4,0.9865148910496018
55.591236228710365,1,0.9318522827373354
157.87790822280814,2,0.912767207100563
157.0612748469418,3,0.9993212496087754
157.33384152780465,2,0.7775949704434499
418.2693551181967,2,0.9364964939101036
56.9999029687451,10,0.8742963359990081
158.0085082296102,4,0.8257654090431199
159.74877498691578,4,0.9416240860715438
159.10910828693315,2,0.9529355507826364
159.18020829063627,4,0.8124036341003992
58.18360303039615,2,0.6957392963648906
160.73117503808243,2,0.5909734847667669
160.22197501156165,4,0.9593987112832045
161.37057507138454,2,0.7127548891193706
162.96857515461372,4,0.9458764266217714
162.44720846079255,1,0.9468862743807881
10.24836720043582,1,0.7185779776781049
61.80610321906804,8,0.9939922439425206
163.9981085415686,4,0.9407529450948802
163.44180851259463,9,0.9989664772083628
348.88418483771886,9,0.9999997085641182
62.409969917186096,12,0.9816356096879797
62.776903269630544,9,0.8902018546459852
164.30594189093492,9,0.9478787447578718
63.88970332758888,2,0.9327486183995723
562.3696292900863,8,0.6452724265129268
165.9868419784818,6,0.9945251315616701
562.9619626542703,4,0.5620073023179383
613.5179652873957,6,0.9903772941799704
613.9209653083852,11,0.8470909616013006
563.46819601397,11,0.999002242475173
167.17110870682902,11,0.99950435762703
167.26534204507035,1,0.6947995189549375
168.16534209194535,5,0.9999959009039285
168.2600754302127,1,0.5629016685718053
293.9355486424773,1,0.9250893612179797
16.73566753831606,4,0.9891392555721776
522.4847605460827,1,0.4638894820022317
169.1714421443464,5,0.9999958821773675
169.6217421677995,9,0.9987669506994988
446.7216232667524,11,0.6463353312553953
563.8599627010412,7,0.6204440006239182
170.2962755362648,6,0.9465220289787654
170.3200422041693,11,0.9964900709083835
170.55640888314676,8,0.7168825104108282
171.66954227445578,8,0.9980744722286434
171.8471089503707,11,0.96714936916897
172.28504230651308,4,0.3922387190317479
172.48647565033772,11,0.7995383019522756
172.50987565155648,9,0.9999999997150439
172.54534232007038,11,0.9587173693151837
172.5930756558898,11,0.8562146592450767
172.71127566204606,9,0.5205435452509227
172.78200899906344,11,0.9389618854287588
172.88877567129086,9,0.5294770313348657
173.06630901387072,4,0.937094837584053
173.397642364461,4,0.9923814088441734
173.44517570027003,6,0.9887361709189297
173.71724238110684,1,0.9362907870861675
173.72910904839156,1,0.9166205136057552
173.74077571566588,1,0.8817981948891489
174.0017757292596,6,0.7062260864013352
174.94884244525267,4,0.9707691845994405
175.37487580077524,2,0.9907823969527628
175.52857580878046,6,0.6812319340324319
175.68254248346622,9,0.8414105501181238
175.7297091525895,6,0.992130848281938
175.7417091532145,11,0.9089828692780637
175.9783091655374,11,0.9643219068775771
176.02580916801136,8,0.9779654106203803
176.29800918218845,11,0.6740785440080326
176.86647587846275,12,0.9921836778306141
177.48207591052525,8,0.9851092501166137
177.55310924755824,8,0.7177654796035353
177.99060927034472,6,0.8130708508676776
544.829828376555,7,0.973313631077338
178.33460928826136,4,0.8572737086866049
178.52340929809472,11,0.999565576895907
178.60617596907215,9,0.975975057179544
26.679634722897717,11,0.9796104841186544
178.9022093178239,4,0.9849284448361476
179.18650933263118,8,0.7153421111102548
179.39987601041068,11,0.8226069070455534
585.2572971488191,4,0.5090880231519848
181.47164278498187,1,0.6104781369254636
181.7084427973152,5,0.99999832039018
29.58000154062516,7,0.9920451138258382
182.02747614726488,8,0.997521422363494
182.59627617688983,12,0.9135025645667171
310.90138285944784,8,0.9954704451125768
30.72823493376232,9,0.8535892353842901
637.6611665448542,11,0.4450565722164326
184.4075429378933,11,0.33460370647294546
184.5377429446746,6,0.9997105070601634
184.62004294896107,12,0.9925414499415105
185.15284297671107,11,0.9881740029459944
185.4016429896694,7,0.7976511306989833
185.4372096581885,11,0.9990373451878556
185.61464300076315,4,0.762424605962566
185.8986430155548,8,0.9321086370513676
186.06484302421103,7,0.7482084310024179
186.1830430303673,9,0.9164263996740233
186.39637637481172,6,0.9997133965663412
186.4432430439194,9,0.98505104484731
186.49104304640895,4,0.825446589395845
186.5615097167458,1,0.6944172564803529
186.70380972415725,1,0.9993580736451871
186.70404305750276,4,0.8214308109712652
186.71530972475625,0,0.9990221230930828
187.0355430747684,1,0.9793219197616819
187.0828430772319,1,0.9661781046656134
187.10624307845063,1,0.9601336967553964
187.13024307970065,1,0.5378984100595855
187.2723764204368,7,0.5107968671655844
187.4610764302649,7,0.9509828916625228
189.55644320606527,7,0.9775116911997627
189.8293432202788,8,0.9996751769604435
190.8592766072545,11,0.7465772431924697
618.714598891387,11,0.91617574519684
192.04267666888992,1,0.8494634748133387
364.9328523402537,6,0.9052583753751205
629.190099436986,11,0.9997084615589271
629.5571327894356,11,0.9497998716480825
278.338814496814,1,0.9809405067747505
195.7477768618639,4,0.8890707073460727
197.53531028829795,6,0.94483602257603
198.58901034317816,0,0.9980679136747364
198.8257103555063,1,0.6582778495243069
198.9203770271035,2,0.9960949902114196
528.429227522357,2,0.9403891279884189
589.2354306893469,7,0.6679204425360848
199.1099103703084,2,0.9829120398486142
199.12211037094377,2,0.9677381500812946
199.32341038142812,8,0.9926974433974461
524.6677939931157,12,0.9921980837511191
201.2409771479681,9,0.9093312873766481
201.8680438472945,4,0.4283516517949544
310.7066495159722,9,0.953247276361711
203.7626439459716,11,0.9266225544837466
203.80961061508444,11,0.7523497230447346
2.42476679295661,9,0.5982403858475135
3.634833522647589,1,0.40881540084614637
3.370333508871546,6,0.9947156562407636
204.37787731134836,1,0.5519342343613631
205.37264402982572,5,0.9999977631806735
560.8340958767773,1,0.9709796263242844
206.1659107378084,1,0.887609362055222
206.213244073607,1,0.5534300221618712
206.95884411244035,11,0.9334387749117906
206.95897744578065,11,0.8613627195829314
207.7404108198136,1,0.8712770629539164
207.92984416301329,9,0.9754599975263477
540.8551615028745,8,0.9961813992961607
209.53951091351675,9,0.952212943954325
464.8180575426084,2,0.9955126744290631
210.2731109517251,2,0.8668835637130434
210.36794428999767,10,0.984936629007194
211.6227776886869,2,0.9768254920185159
211.7295110275793,3,0.9987342995417612
212.22657772013483,1,0.9978038793707975
212.47497773307236,10,0.9680116062795711
212.77114441516437,5,0.999817932513781
213.74217779907232,11,0.9086891780064267
592.6444975335692,4,0.9952336116748769
214.54694450765396,7,0.9902061456305035
521.8747605143118,2,0.7103874897271911
215.17464454034663,2,0.9474212721524463
215.30437788043693,2,0.7931073965270227
215.68374456686223,2,0.9260516759913108
277.47584778520115,4,0.9975882894463161
277.51181445374107,7,0.9992615117282024
216.204411260647,2,0.7365984991889208
216.31101126619907,4,0.9799849133643119
216.6065112815897,2,0.9978572630856546
594.4008309583782,4,0.9334235924297315
218.12177802717653,7,0.9235607204230325
218.2994780364317,4,0.9163788151226069
532.1587943832719,1,0.9032898738593265
532.6326610746191,4,0.9698338585980596
532.7733277486122,2,0.9992757549434407
219.17547808205677,2,0.7922726843979726
219.5662781024109,2,0.6453606748386571
573.5307965380639,2,0.5020934830140857
220.62001149062615,10,0.9994318973851821
220.97501150911577,9,0.9925985227473728
17.37200090479176,11,0.9949219841451864
17.656167586258775,9,0.9999992402990089
221.2356781893588,6,0.4607422063392953
221.7089115473397,11,0.84856816029352
614.2068319899408,12,0.7515784381807012
222.20594490656023,1,0.9900463940671373
222.2652115763137,1,0.5529213674974391
19.289834338012252,8,0.9853126390542731
595.8686643681611,12,0.9977123233894698
223.0228449491071,6,0.9979652553719218
223.49657830711405,6,0.9926902611361346
223.74511165339183,12,0.8829076130040528
533.4016277813362,11,0.8518650159029479
533.5793277905914,12,0.7080251912424393
590.4082307504302,9,0.99105326246326
224.123911673121,4,0.6466027271598053
224.3136116830012,7,0.992949257873127
552.7902621244942,1,0.9195917018330623
594.809664313005,7,0.8544532818891627
225.6744784205464,5,0.9999306544769764
226.0651117742252,9,0.9925926101958403
226.5505451328415,9,0.9999996414078897
226.5625451334665,8,0.998421375544682
226.57477846743697,12,0.5872523474554443
226.8114784797651,8,0.9994205598394064
227.14244516366963,8,0.9100628221751842
227.15484516431545,1,0.9677555496824818
24.47486794139944,8,0.7197044851089774
227.16674516493524,9,0.8929103353925594
227.20201183343872,4,0.8560566680624068
227.45021184636585,9,0.9880185519783491
227.805978531562,9,0.9992703106240555
571.8289964494285,8,0.9994131656077851
229.60537862528076,8,0.9995464807072886
229.8893786400724,2,0.7547338284464752
230.4452453356905,10,0.7100605746516544
231.13241203814707,2,0.9919303726788525
231.1325453714873,2,0.5417655872780667
232.20971209425645,1,0.9065095884526876
596.5982977394963,1,0.9921876012444715
233.1803454781436,2,0.9977257244767657
233.41671215712103,3,0.9390002121742317
233.65384550280507,12,0.9963114032153353
233.77181217561585,2,0.6629148076252913
625.4014325729929,8,0.9733450556243981
234.52994554843528,12,0.9926453688116827
234.6007122187877,9,0.8267015586774614
234.6362788873068,7,0.524749428765254
586.2190638655778,7,0.6618985846909831
235.1922789162652,8,0.999476674067342
235.9619789563537,1,0.48733773666818603
591.2608974615066,5,0.9999985159722014
236.03284562671132,5,0.9999977264305766
236.29357897362453,0,0.6059943395453976
236.40024564584675,5,0.9999889431680408
237.12251235013147,12,0.8948728916734565
237.45371236738148,5,0.9994915977972693
237.5954457080968,8,0.9997436843859642
237.63124570996132,1,0.8998501613255543
237.7849123846315,12,0.99259974306216
238.01034572970613,4,0.7436545103382215
238.0576123988346,8,0.997942454751459
238.1640790710464,12,0.9914875516083931
35.02256849075887,12,0.9933862401894736
35.2001351666738,1,0.9312892936897018
238.38921241610544,8,0.9951255705948068
239.12267912097352,1,0.9697635967419942
239.6081458129249,4,0.48792394684862256
239.99927916662972,7,0.9949939608556978
536.9397279656123,12,0.9968746884620798
240.4130125215117,8,0.9998998760121836
37.48500195234395,12,0.8305257636142623
37.98213531156965,4,0.847484459999996
37.46136861777971,8,0.9660443425427805
37.579635290606106,9,0.37546320102487013
241.7864792597131,11,0.3992320354267605
243.1244793294006,1,0.9166047352880791
243.3253460065291,7,0.999341110161909
243.4320460120864,8,0.7909603048752851
40.4326021058648,2,0.998102045661188
243.50311268245443,8,0.9983399304827208
243.59734602069577,12,0.9865263807010196
243.63294602254996,9,0.7546815570405454
243.66901269109505,4,0.6966088946866485
243.7516460287322,4,0.6183808721995332
244.0829127126524,4,0.9708643572864867
244.28447938981728,8,0.9987150229416489
244.6513127422565,1,0.5698440229080685
245.42111278235024,11,0.5981556269268667
42.421435542783215,8,0.6793223600922703
245.4566127841992,8,0.9911191323749746
246.36794616499785,8,0.9991526501306021
247.53941289267843,2,0.9242147712596643
314.7219497251024,2,0.5353579707136092
548.8695952536262,1,0.9692628921836351
45.830902387026285,1,0.7715154546458406
249.88354634810204,8,0.9978842045259254
250.0615130240378,12,0.9873273694647366
250.19161303081384,8,0.9998670927107306
250.35701303942844,7,0.9895885380759233
47.31063579742907,8,0.9992975985410688
250.46371304498567,8,0.9971703594589814
250.60584638572183,12,0.9656636810486496
518.9641603627181,8,0.9931274622967374
569.6153630008017,8,0.9948463483410388
579.4160301779198,8,0.6446885846274142
579.8190301989093,1,0.47696650260573364
49.09810255719297,12,0.7426546955804914
49.642769252227694,12,0.5252507757727333
253.25751319049616,7,0.8828750683641033
253.88487988983815,7,0.9751329918736301
549.4862619524109,4,0.9658182101015436
542.7678949358293,8,0.9995275393065943
590.8593307739251,8,0.9962623889270371
51.773536029871806,4,0.7768173196912996
570.8941630674059,7,0.8180639368746861
52.211602719354445,7,0.7386128167556492
53.78610280135966,8,0.9997562985179644
611.8198318656179,1,0.6459817552857465
55.02896953275898,1,0.9517639760435912
55.76296957098815,11,0.6535097429829312
55.82223624074162,4,0.9771744194995736
591.5003308073104,0,0.996320987813467
584.6073304483,1,0.8422710490344535
408.8786212957626,7,0.9993415806245225
612.4636985658193,4,0.9528118454717269
551.9602954146002,4,0.8286709779853033
541.6508615443172,8,0.9992190397981848
61.91886989160797,1,0.4008634649718976
63.161736623007286,2,0.9984614341472554
64.79550337476597,7,0.9938704820089455
64.66510336797431,2,0.780465537326263
64.14453667419478,0,0.9983945017439383
64.17973667602813,7,0.9556196760550805
64.34577001800902,0,0.9870555797516009
65.45830340928681,12,0.7468006905163845
573.8304298870031,0,0.9988359611880351
67.92070353753682,0,0.7821212630551913
17.688767587956693,0,0.9985378368652759
68.73743691340836,8,0.4514499810627933
68.13380354863578,7,0.9988235823996718
68.22850355356807,7,0.9805297983225978
591.6392308145448,0,0.5869816018875841
614.3414653302863,7,0.9765298268758156
370.8786526499308,0,0.9946597967825946
19.08566766071191,0,0.9973847511964701
19.84330103350532,7,0.9815045415880607
533.772127800633,7,0.5633777554379678
20.67196774333171,5,0.9999991341951553
418.7072884743391,0,0.9862000089801243
21.181034436512267,7,0.998455573674719
508.85902650307565,7,0.9967592715338951
274.78118097818725,4,0.9876661535616613
23.442134554277903,7,0.999184727877845
23.963034581408117,9,0.8381369841866215
636.9329665069271,11,0.9999094864684874
524.7647606648327,11,0.9998350176600304
27.869568118206747,11,0.9977148120111261
27.98790145770328,7,0.9920700945632535
27.538134767611258,4,0.7142334420250971
27.348701424411605,0,0.9958867068154919
270.8761807748018,7,0.9892576797003843
532.7232277460029,0,0.9960077277289014
555.3577289248832,4,0.9605662241023539
81.60537091694663,0,0.9978641609826668
357.9916853120679,1,0.6895409232532859
586.7196638916507,4,0.9739358875007784
533.0875610983119,7,0.9533505394035985
83.1562376643876,4,0.977559690138613
83.35773767488239,7,0.9987121511753292
83.6062376878251,0,0.9993532042167393
84.28100438963587,1,0.6739645067762203
536.6248279492112,0,0.9981699568697014
88.6374379498668,4,0.6586295626327995
89.7738380090543,12,0.6025749434792489
90.17623803001264,4,0.9844040591836593
91.2416714188373,0,0.9279100283018161
91.28900475463593,1,0.913788960831837
91.84537145028,7,0.9815598706121453
91.85743811757514,12,0.8458033202640413
92.08217146261336,7,0.8180031463515665
92.09397146322792,7,0.9798932916529665
92.11790479780778,1,0.9670538824826983
92.38990481197446,7,0.9945870280503717
93.7397382156116,7,0.9953735259323551
446.6218565948896,7,0.8482916529994028
446.6694565973687,7,0.7214759468355463
273.67071425368374,7,0.998844997791116
94.2604382427314,4,0.8508577840183479
315.3951497601649,7,0.9980960114681695
95.24287162723316,7,0.9703181932035726
548.8730619204734,2,0.9987479005804949
538.5170947144335,2,0.8316233661888924
609.8326317621179,10,0.9953960490497853
579.9515302058104,7,0.9518915276467054
98.33280512150051,1,0.9438411351416145
584.8182304592843,10,0.99843069684738
100.98437192626965,1,0.9872477244613368
539.1559614143745,2,0.9233732669296268
226.90024515105503,4,0.6125927160691327
101.36347194601444,2,0.963111304428871
473.29819131761536,8,0.658552425355026
1.9383001009531355,4,0.8443401748704467
102.53520534037555,7,0.9941997146465225
527.4617608053014,7,0.9928961870510845
382.9525199454448,7,0.9832792246239781
104.14533875757,11,0.6136915465521251
104.57163877977312,4,0.982090837789937
104.58330544704744,12,0.6567550964341613
105.0805721396134,7,0.983811853372368
105.64870550253704,4,0.9811227102307296
311.90881624525167,12,0.9298198514199475
540.493994817397,4,0.9156767641033708
540.6484281587738,0,0.9995959288895652
550.1751286549561,7,0.8702207514464496
550.80342868768,4,0.9803075818947176
108.73840566345892,11,0.6427951069662273
110.70353909914296,9,0.9995612976413769
541.1466281847216,7,0.9919703878614986
111.24830579418288,2,0.9832975053763018
521.952093851673,0,0.9998487834214121
114.51530596433916,0,0.5613847944741582
603.3363314237689,2,0.9808340869188844
116.52800606916728,2,0.9941724164977506
117.5696061234173,2,0.7188269902469946
117.73523946537738,10,0.8890470389483153
117.64053946044508,2,0.9360435650905221
117.70003946354404,10,0.9260221695382804
117.15523943516904,10,0.9384721053031525
118.52870617337042,2,0.7036493493779611
561.4193625739266,7,0.9756906700791274
446.9075899431048,7,0.9091936140396729
563.798429364503,4,0.9801829492153653
614.2846319939929,0,0.867031501474417
120.3991062707871,2,0.8809010748143496
120.87237296210309,0,0.9603719122931645
121.14483964296072,0,0.9980948025373823
533.8337611371765,12,0.8964200359763372
124.73183982978364,0,0.9889425459788741
274.92638098574974,0,0.7943761938709675
23.309001214010543,0,0.998315204550103
126.08120656672985,1,0.6426378761578224
126.80327327100416,1,0.9902523130162584
543.9406616635775,2,0.9975127707041095
473.0497579713429,1,0.9691358638327905
473.1692913109018,5,0.9999965119036899
127.28883996296076,3,0.9618132892308636
544.1526950079543,2,0.9713404069301087
544.177028342555,7,0.9988915578674308
585.1005638073226,1,0.6351888456459274
585.3374971529962,7,0.538815594588759
585.5966304998261,1,0.9982397053242229
626.8311659807915,4,0.8371519541674093
27.74826811188904,4,0.5968593532349078
616.9130987975589,7,0.9992601570917694
606.5687649254581,7,0.9988484857331126
616.9839654679165,2,0.9983502822051128
31.44180163759392,2,0.9939192631447618
31.63123498079357,4,0.5058412812158722
515.5376935175896,2,0.8794910043113608
607.91843166242,2,0.548233011148593
35.06433515960088,3,0.9997843876004582
516.9211935896469,2,0.8911757171449886
37.73970196560958,3,0.9318370071902626
37.68050196252624,1,0.8252470445567704
574.6299632619788,2,0.987994466613906
40.79386879134744,2,0.8036576809943721
40.758335456163415,2,0.5754477245994546
41.51596882895682,10,0.8080079840061634
42.47493554556967,2,0.8747045585268715
42.56956888383183,1,0.9928677041529571
627.6559660237499,2,0.9820898484740346
46.60640242741692,7,0.9993558501909069
533.7171277977685,4,0.9438264355234444
569.3134296517427,2,0.9837011704169758
279.75704790401363,2,0.9645868869587659
274.69064764013865,2,0.5591673456624632
447.3792566343375,2,0.786735371780226
549.4561619508432,10,0.9891573233514287
549.9405953094075,10,0.564413306632408
610.4051651252706,2,0.5028160463090535
610.8060318128158,1,0.9936525986993049
52.66750274309924,0,0.9989332870144971
418.6724551391914,0,0.6878894065056648
532.6956610779005,7,0.9992496387257744
60.12553646487185,4,0.9066514767116545
62.670703264099295,2,0.8543849182770727
562.3221292876124,2,0.976050956647697
562.9377293196749,2,0.8523848143151737
593.8490642629737,10,0.5138284491597769
532.3807277281643,2,0.917542468855105
461.95155739331153,10,0.7031947903418507
17.990900937026137,1,0.6798883389611616
19.766567696175454,4,0.940491902209242
594.5958309685344,1,0.8467298409017575
533.1962277706383,1,0.974947505705009
294.7056820159217,3,0.5581288191171799
21.49496778619629,2,0.8330196833430935
585.8262638451195,0,0.9993619205392836
24.39523460391853,2,0.8247164898183941
26.69183472353313,2,0.9904554148571907
29.43830153324495,0,0.9998998648201814
357.97321864443944,1,0.8458686917898118
408.6963546196029,7,0.9955318514420352
31.35603496646024,1,0.5602096291425287
408.76828795668274,2,0.9842290042759333
383.95145333080586,2,0.9723000944284711
587.624597272116,7,0.9990306365673782
593.4634309095553,2,0.8893902427287538
608.6686650348279,2,0.590038894068348
608.7278983712463,2,0.9293841981700404
588.7024306615865,2,0.9278417073196276
568.9509296328624,10,0.9608602021422639
569.2121963131367,2,0.7560463536338947
569.5654629982027,10,0.9915313888811299
447.76372332102846,1,0.5316175948711958
590.9522307787636,1,0.984527460618196
1.99083343702258,1,0.623433761357077
2.529100131723972,1,0.8595677504920493
463.4684908056518,3,0.8835341079923604
5.803800302281282,1,0.9672874489130923
5.941066976097254,1,0.8967058129965003
5.467900284786488,1,0.9892060968314211
10.01963385518929,1,0.6767367262566959
11.688467275441036,7,0.6873311631741816
14.713067432972302,1,0.9159384736241224
15.722634152220571,1,0.9010204074691186
16.009334167152865,4,0.8089939219164165
16.546900861817797,2,0.9796350871922259
16.668234201470575,4,0.7771455961510261
17.047034221199745,10,0.598311468815514
18.840500981276143,4,0.949502636064353
19.21043433387684,4,0.8068449226331746
19.574434352835176,2,0.9285751757181256
19.80530103152615,2,0.9501504335835157
19.80823436501226,2,0.7707897340933354
25.003734635611245,4,0.930980908327064
26.032934689215416,10,0.6509837488272785
20.36463439399143,3,0.7966734179523658
28.007234792043555,7,0.5304846818653305
20.204834385668512,2,0.7620270454396871
22.91573452686124,6,0.9335212467010537
24.31263459961645,2,0.964295532266821
24.667801284781383,4,0.9917361091962674
25.68586800447236,0,0.998481054540172
26.03510135599493,4,0.9887253030723996
35.00870182336998,2,0.677150737543861
36.02836854314429,4,0.9080520594728426
37.74813529938215,1,0.6469050806196591
30.770401602625164,4,0.5392369971127576
39.00453536481965,2,0.746894737419591
40.05140208601063,4,0.9199718391010956
41.0021688021964,4,0.9409273427905522
41.04366880435786,12,0.5559956725725567
42.0616688573787,1,0.8242374267500606
43.10856891190475,4,0.8102069010325286
45.07146901413913,10,0.9486021788000849
46.01336906319643,4,0.934391413685073
38.03903531453319,3,0.9986924271193323
48.03540250184401,5,0.9999949665365111
49.027235886835335,1,0.5707024773634145
41.060635471908206,4,0.9980086880462199
51.21096933390479,10,0.6976170801341185
52.02556937633188,1,0.9028910060419849
44.16810230042211,4,0.9521539046267596
45.08266901472246,4,0.8578181920211573
46.2397690749881,1,0.8627004208049568
56.03256958502981,2,0.9755927567268134
48.36776918582144,4,0.9745808822770482
58.01683635504372,2,0.5489759021910506
59.0041364064656,2,0.9217551994022625
60.00310312516178,4,0.9616453930345472
52.43706939776417,4,0.9748616295677166
62.01113656308019,4,0.8930861021448013
54.60340284392738,3,0.9987450509387965
55.37576955082148,1,0.8585974157372656
56.46490294088051,4,0.7363615037014796
57.116002974791975,2,0.7138937496025747
58.811903063120106,4,0.9485050300488949
59.069403076531565,2,0.5539231091800259
61.65006987760797,7,0.9971470358262731
61.9460032263545,12,0.6359703484433133
62.33670324670346,4,0.8389558982171428
63.52640330866701,7,0.6929165116074246
19.964967706508787,4,0.9366367384466211
591.2443307939772,2,0.8719295580690661
533.7454944659125,2,0.8775094783944234
20.308267724389,4,0.9601624382726878
554.1474955285169,4,0.9903755415666777
26.55873471660084,7,0.9874290730090991
26.78366806164945,2,0.9233324511496036
27.00863474003313,4,0.757203877972311
583.3110303807844,4,0.8411970463656897
616.6460654503176,2,0.9975909427230575
596.9897644265518,4,0.9601916620793164
614.1662319878262,2,0.8747776548881097
515.5900935203188,1,0.918458975850155
591.686830817024,3,0.8927995777497659
536.5960612810463,4,0.908700066874117
383.5771533113111,2,0.9206834650735695
36.85793525301756,4,0.9281322986170132
628.8012327500659,3,0.9997492493575977
39.78193540530924,4,0.6264559557800192
39.84103540838737,4,0.9663125087481798
562.4490626275568,4,0.9448586189003368
527.9356608299837,2,0.8901556826881325
41.93650218419293,4,0.5345455781985682
548.3143952247095,4,0.9011489866135737
569.3214296521593,4,0.9430864749786267
274.614014302814,4,0.9831033059516188
49.78503592630409,2,0.7001168762870581
549.8047286356644,1,0.7216738463690207
310.5917495099878,9,0.999999999999929
473.6734913371623,9,0.9088529436857016
407.529054558806,4,0.9154668539522582
580.3522302266801,4,0.9913176700163177
611.7014651927863,7,0.9962300051309504
55.19520287475029,1,0.6652891852159935
418.9025551511759,4,0.9828057462501849
56.46186960738919,4,0.9570989143436227
59.125369746113165,0,0.8445894412875055
527.6852941502772,4,0.9739246603523057
551.6631620657912,4,0.6953345625284336
592.1265975065952,1,0.9632130603822209
61.07863651451248,4,0.9851306032860794
63.16216995636319,4,0.6522172502854648
63.38706996807673,1,0.7762618376157309
562.9679293212478,7,0.6373631242771691
64.4526033569066,4,0.9199234557061065
64.98510338464098,1,0.9211409570276947
173.70090904692282,2,0.9934426698691621
65.0918700568684,3,0.9952072979165334
65.3286034025316,2,0.8433205549988911
65.58887008275383,4,0.6144546006211697
65.71933675621563,4,0.6911721494858124
66.19253678086147,2,0.9500380012746632
573.9130298913052,4,0.8112647318451663
67.48313684808022,4,0.7554784076888017
556.2659289721853,7,0.997510982647385
613.2679652743748,2,0.9507914795664361
68.16970355050557,4,0.9859869888702374
68.20537021902987,1,0.9924509522954099
68.74970358071391,1,0.937823167990363
69.04573692946565,2,0.994518212396264
533.5818277907216,0,0.9928678461825815
533.9477944764491,2,0.8853553022302278
71.06990370155768,1,0.9076596698834071
71.5555370601844,4,0.936763024998408
523.1422939136626,5,0.9999852655805727
72.11167042248303,2,0.9836072833572032
274.5559809664581,1,0.6579622966351603
575.6075299795604,2,0.942851713832215
311.4095162192465,10,0.7666957550061128
81.92560426695877,2,0.9609811560037929
637.513766537177,7,0.9781578232309944
82.11493761015322,4,0.8572662657447033
82.82520431381295,7,0.788503582170053
82.94380431999002,4,0.9804281873938437
85.05070442972442,2,0.9902069619734374
536.5053946096574,2,0.970925561026938
358.65391867989257,1,0.9116915264517813
87.00393786478867,4,0.669372463552721
87.43037122033206,1,0.4829044573440762
628.5201660687603,4,0.9922786696034507
88.3064379326272,0,0.9997933831676975
90.75660472690674,4,0.9624806417421051
91.58543810340848,1,0.9498999516029849
93.44387153353524,0,0.9535949891326506
93.8227715532696,4,0.7362733780953249
94.34370491373488,0,0.9896666618397557
94.90020494271926,4,0.5154743910795174
551.7874620722652,1,0.9691914807868441
274.7307476422272,11,0.5981966835729831
95.16037162293628,12,0.8728184164126634
95.50380497415676,0,0.9997711318723854
95.74047165314984,0,0.9997471656200366
553.855262179963,1,0.4300099095069035
96.6995050364328,4,0.9945701735334559
360.9037187970696,0,0.9763038521590656
592.5139641934372,4,0.667896262070533
569.5840296658364,1,0.6466870332819942
549.7151286309977,4,0.8051881866654237
101.65960529477138,11,0.7549692094714184
361.99318552047936,0,0.9997664831877859
102.25157199226965,7,0.8935081141581955
102.8789053582766,4,0.7187920786130855
103.8380387415648,0,0.965767687943825
382.8098199380125,2,0.7792206413667566
104.03913875203877,12,0.9252027247183405
560.2360958456314,1,0.5100754516436075
580.2541635549059,7,0.8856355760164842
105.45953882601792,2,0.993489819929107
105.51877216243632,2,0.5766634973900077
591.2775307957063,3,0.662297600174762
108.79817233323844,2,0.7480728937094019
561.8226959282669,2,0.7827269872253295
533.5398944552043,2,0.5315135371529348
602.8297980640535,2,0.9979579625070436
633.0303329703315,10,0.5146457441675619
521.7484938410688,2,0.6988452011206666
114.57490596744331,2,0.68271824464639
114.6106059693027,10,0.9990279385587371
114.85907264891034,4,0.6453220442927513
114.93007265260826,4,0.9263279816194183
116.82437275126972,2,0.9590827386455608
593.8689642640102,4,0.9922142137743881
532.2694610557025,1,0.9608644411951494
532.9326610902442,2,0.7762892289156361
349.9227848918126,4,0.8047726790839398
118.23300615796938,10,0.7951350319786785
118.31573949561177,10,0.8313334931414075
118.35143949747112,2,0.5829524866989128
614.2244319908575,4,0.8895322241166214
553.9164288498155,4,0.9593507452997908
533.8793278062165,7,0.9966858264122832
20.326234391991427,2,0.9675003584797905
122.83810639781836,10,0.9908701756913425
523.3361605904264,4,0.9901513036631847
447.7718566547854,10,0.5341635674500828
274.90321431787646,3,0.9807177832955384
125.27647319148332,2,0.8438522672928053
125.8924065568965,10,0.97063180849819
126.30657324513436,10,0.9494675130636963
127.63250664752672,4,0.8227750669390764
351.7812183219394,1,0.939089877625194
26.209701365088684,11,0.9991895021382919
26.221568032373405,11,0.9562012864867081
26.280801368791806,4,0.851070072183243
128.36634001908055,1,0.9684010640436332
463.92615749615527,4,0.9219233777669835
130.92364015227326,2,0.97297605137038
131.3614068417403,0,0.9989101628663093
131.74014019479932,7,0.9987789491582812
30.814768271602595,11,0.9998482006690046
133.42150694903717,4,0.9577729949032678
32.25903501349149,11,0.9995829232652723
32.329935017184205,2,0.9963270957927135
32.89816838011303,3,0.9582518649904928
134.1671069878705,2,0.9624745824737079
134.91294036004933,5,0.9999943154065957
134.5344070070007,2,0.7364609639752001
135.3628737168167,2,0.7912037196728179
34.6857684732172,3,0.9995300140432488
136.09680708837573,2,0.9207000138155748
136.6883404525181,10,0.703574600890719
561.9633292689249,1,0.6955971528639235
137.31620715188615,7,0.9938864290081167
137.63540716851116,4,0.9740811845662527
638.2988999114027,11,0.9974667015763107
138.85497389869693,1,0.8523331271786827
567.2795295458103,11,0.9997940715263414
37.69270196316166,11,0.8275788181518303
37.62160195945854,6,0.9692199154543272
139.13910724682887,3,0.8979205069154983
140.93870734055804,0,0.9996695292917412
39.19603537479362,5,0.999969250993069
39.44473538774674,1,0.9107991630258787
141.4471407003723,0,0.8373349999835055
141.29390735905804,9,0.8661124094580035
141.8621073886518,9,0.9931181829652569
40.67583545186654,1,0.49684138420471313
40.71140212038564,4,0.9606215812542506
142.8440741064626,1,0.9834316047760957
142.0987407343098,0,0.9629397134946803
142.9036074428966,4,0.9710723385478062
142.96310744599555,0,0.9983698691608129
143.11640745397997,5,0.9999946710375293
143.7438408199921,0,0.7712360664548549
415.94995499739457,5,0.9999878725961898
42.65280222150023,0,0.9988106848012835
42.8660022326044,4,0.9946041488426883
144.6559408674973,7,0.9934486966965452
144.63177419957196,4,0.8440823182773455
144.51334086007023,0,0.9928495206824369
144.56120752922993,4,0.8988658517104382
145.83954092914314,0,0.999924003607986
144.31247418294174,1,0.8324400358044287
144.77417420698862,0,0.9853475673126276
144.21764084466918,2,0.9652251299903548
145.29494090077856,2,0.9646977504111724
146.2539076173914,0,0.999142868172693
146.8578409821796,4,0.9845462352962927
594.2325976162828,1,0.5428079796651931
528.3772941863189,12,0.49961209175931526
579.7763301966854,7,0.9683569842059362
47.62486914712873,2,0.9923696358641023
149.97064114430464,1,0.9948918517805364
48.45346919028498,4,0.9104936076337339
150.18410782208937,1,0.8929838141240274
51.898402703041945,0,0.9996443396608222
153.46310799287062,2,0.9981926236073375
280.5610146125536,7,0.9995116593811373
154.39807470823348,4,0.9938916639214741
280.6678479514512,7,0.9981139038887461
155.15604141437757,7,0.5124564724396777
156.10300813036542,10,0.5296545957618948
156.75400816427168,4,0.9375603933061827
157.71267488086892,7,0.9833679481027411
157.85507488828557,0,0.9895253600357037
158.6840082647925,0,0.9907227472638638
158.35200824750086,1,0.6836069204203928
158.67194159749738,4,0.9071242863701807
604.7668314982741,1,0.8810396673935761
159.3940083017717,1,0.936148365999919
159.12187495426474,1,0.9856133385185285
159.91524166225258,4,0.9799171966671504
159.22837495981162,0,0.9904003475808286
383.7842866554326,5,0.9999667014980951
383.85408665906806,0,0.9939300961105287
383.8667866597295,4,0.9799162229724612
161.78510842630817,7,0.9944543350768259
162.73247514231684,7,0.9887570292407075
162.76827514418142,0,0.999716720925645
162.67320847256337,0,0.777736225404067
163.88067520211894,0,0.9827441652174622
163.18224183240886,1,0.9632825991609119
163.47840851450087,2,0.9968303867849212
62.50526992214965,2,0.9941078658837084
163.96357520643664,11,0.5958562061415014
164.74477524712415,0,0.9748267223310865
163.73844186137762,2,0.9921712799125229
244.9670460920343,2,0.9713002655483253
521.9666938524333,2,0.9181626313733992
562.5570292998468,2,0.6141931394754748
633.3299663192707,2,0.9773258699073725
552.3692621025672,1,0.9859760628628651
167.46790872228735,4,0.6858672521050295
415.7734549882019,5,0.9999931058028625
446.8508566068167,0,0.9979711908568958
446.9576899457142,2,0.933786360216358
563.5163960164805,2,0.9396426460197213
563.6464960232565,6,0.4314675175529083
624.5362658612655,7,0.9968361692555857
614.2522319923054,11,0.9986554292949478
171.85990895103737,11,0.711349790175864
172.3094423077839,11,0.9945632379405188
172.51044231825267,1,0.7992186404901315
172.78317566579085,7,0.9536085287829473
20.41800106343761,5,0.9999447696124436
172.83040900158426,0,0.9551157370754496
172.85420900282384,11,0.9996501130636142
173.11427568303566,11,0.9963000146537921
173.11430901637073,8,0.5292639104816822
21.08093443129873,11,0.9389384070473655
173.1615756854992,12,0.7363317235058102
173.24460902315718,11,0.9517214975907685
173.49297570275962,7,0.5857498372709712
173.62374237623703,4,0.9731556519876484
173.63540904351134,7,0.9455580169845639
173.74174238238288,2,0.8948680660754716
175.20950912549574,1,0.9933335330282238
175.55290914338116,3,0.6376019504764316
175.5530758100565,1,0.6311869379872004
625.0809992229704,12,0.8360043787417848
176.05047583596274,2,0.9719701893468694
176.27520918100095,4,0.9794518357037786
176.8199425427058,0,0.798756791988499
176.89104254640893,11,0.9247864397781443
176.90277588035335,0,0.9982059825809649
177.2577425655079,7,0.5791190229567025
177.66044258648185,3,0.9282702329321767
473.8222913449123,2,0.9993117400394999
25.792501343359515,11,0.9980550564569912
544.8416617105047,0,0.9996871975557433
26.218701365557436,7,0.99774284384379
26.230501366172017,12,0.5213674956279776
626.8812659834009,7,0.9903127254875868
181.47224278501312,2,0.9861797385378053
181.80344280226316,7,0.9821328668396176
181.94564280966935,7,0.7717807077387395
182.13517615287424,7,0.9991941867886365
182.4786428374298,0,0.9986694238625432
596.8689977535952,4,0.6448696430477874
183.1767095404541,7,0.9976999908572974
183.8514429089298,7,0.49438553352435144
418.6737551392592,4,0.9515918280997967
464.887924212914,0,0.8960541455377873
184.6094096150739,4,0.9545892792905417
184.822576292843,4,0.9239018042776557
185.1300429755236,7,0.9992242268364563
185.36700965453224,0,0.999296744856337
186.11254302669545,2,0.9883586965550981
186.17217636313467,2,0.8457905657954973
186.3847430408725,3,0.9992537663550093
186.39674304149756,4,0.7564773663967251
186.40840970877184,1,0.6749105902030239
186.45577637790552,2,0.9657924286600251
186.5035763803951,7,0.9820415869846536
186.8463430649142,7,0.682450884809218
186.9529097371312,4,0.5886148219801662
187.29660975503225,0,0.9988126984696082
187.39100975994893,2,0.9951652778768117
617.8706321807638,4,0.8742686074941157
189.37960986352184,7,0.9903020229026739
190.57590992582917,1,0.9881437364371863
191.1795432906017,2,0.9927419988846748
191.71180998499065,12,0.7691265490366233
191.7833766553847,12,0.8355617196939031
192.89571004665208,1,0.3552512865394828
466.9949243226536,4,0.5053537765446713
517.4091936150636,4,0.6465374618493844
446.8996566093583,5,0.9999973058769794
196.3880435618778,5,0.9999970752681118
314.5409830490104,4,0.9631742884245182
548.0624618782547,11,0.9987682894996539
197.14594360135172,11,0.9985288080846291
197.6309102932771,9,0.999998044062346
538.7145280580497,7,0.8222135864121461
198.30624366178404,5,0.9999509399799752
198.50697700557225,1,0.9436122133198453
528.3934608538275,4,0.9413766361324082
638.6491999296476,5,0.999999190581918
584.6492304504823,2,0.9914420384255026
199.14667703888995,5,0.9999691570652105
200.20017709375972,1,0.48048167507710554
200.59061044742816,7,0.8822647438205107
202.1768771967129,7,0.8060653623950346
202.3546105393032,11,0.531612141001807
202.50867721399413,1,0.8289517478732428
310.8972495258992,4,0.8153050246663232
473.55165799748346,1,0.9552702421688909
203.34867725774416,7,0.9730180808184093
203.4792105978761,5,0.9999879984121226
203.7870439472424,1,0.9847275552220951
473.871091347454,2,0.9947041465483046
3.3459335076007126,0,0.9971457364796412
3.9896335411267576,2,0.9947996628199848
204.343143976206,1,0.9939213719872865
204.5919439891643,0,0.9797851166328226
204.6156106570636,2,0.7794662248132603
204.73391066322503,0,0.9976690003891596
204.7573439977789,2,0.9766080757821575
204.95911067495425,10,0.7430232866471522
205.14837735147853,2,0.9645223768577537
560.7856292075863,4,0.5383797505140078
206.4858440878049,1,0.978791640916456
206.9240107772928,2,0.938561483013109
207.80037748960356,2,0.9651731229326809
208.2855775148744,1,0.8989121076638393
208.4156775216504,2,0.9948920643396105
208.53434419449763,1,0.5415864428088493
208.5815108636209,1,0.9539879572335657
208.77097754015563,1,0.997985223894283
208.92454421482057,1,0.8989167001996066
209.16107756047336,2,0.5292579913053449
209.1731775611036,7,0.9754842025995408
209.2084775629421,7,0.5075232202831588
209.5520442475029,1,0.9740110673411299
209.93121093391775,1,0.5082648097601716
187.69830977595413,4,0.9146499785836579
210.20311094807928,2,0.985580493667132
210.26227761782752,2,0.9972125090649127
210.7243776418952,3,0.8564838756976026
211.52921101714696,2,0.8624409891790185
561.6963292550187,2,0.9200860783725572
612.964198591887,7,0.9729331492162856
480.9143917142925,2,0.6473435624337582
214.24027782501503,7,0.9970642941973915
214.89107785891088,2,0.9992031399026623
623.8765324935711,1,0.6489715797893035
216.41797793843693,11,0.9999766007430911
216.74997795572855,11,0.8952779039573837
216.8209779594265,12,0.9919286174742402
216.8443779606453,2,0.9989017301821906
217.61384466738832,2,0.932160850758601
217.67264467045084,4,0.5040226567277897
542.8671616076662,4,0.5446534787977761
542.9623616126245,2,0.9891745596437073
218.1581446957373,10,0.5468461024625089
218.33591137166263,10,0.9278722473214245
218.4305447099248,4,0.596797554856089
218.58437805127028,7,0.9893797796265169
218.95187807041088,2,0.5885330721993735
219.92227812095257,2,0.934827439998597
634.8597330656128,2,0.6324231965858659
522.6068938857771,1,0.9180975541826717
634.9887664056666,1,0.996489030776388
220.22991147030848,4,0.6747161146365422
614.0198319802012,9,0.9668717919551729
591.8791641603747,2,0.864153682466417
222.8225116053397,2,0.8768029353299108
19.917934370725803,2,0.7229966848044009
223.53257830898903,2,0.6624282148982213
223.6634116491366,1,0.9709256245805677
472.9256246315442,2,0.7519926821891625
533.757227799857,2,0.8976765651104579
21.054401096583447,4,0.8533623588007418
21.55163445581435,7,0.9831739277616355
225.17844506137797,1,0.9426970430702268
225.23717839777032,1,0.9820988173204951
22.747234518085197,7,0.9939381325381844
225.9837117699856,2,0.9738478714587976
225.9953451039248,2,0.9889249951090918
226.1491784452703,3,0.9995077174996624
226.18467844711927,3,0.9896750646025642
23.24443454398103,3,0.9996156653461784
23.635134564329988,0,0.99983864699765
226.31461178722,7,0.7713769234471644
226.5281451316748,7,0.9955903742125017
226.54001179895957,7,0.9804411774432391
24.98470130128659,4,0.970200936704078
226.59884513535712,12,0.6310642697914483
226.66984513905504,1,0.6183899238980427
227.38054517607063,1,0.9706360610815451
227.42787851186927,0,0.9995025760350892
227.78247853033804,1,0.969943517878586
227.88894520254985,7,0.9616192472882623
228.0667118784752,2,0.7420296804939203
228.26834522231024,7,0.9946972416020196
228.4575452321644,7,0.5601039405689107
407.1609212062991,2,0.9989656629724898
232.7902454578259,7,0.9969696726882581
29.613334875694605,4,0.7080712938062212
233.0148788028589,1,0.9359673832121466
233.0740454726072,7,0.9785942631443683
233.3584121540846,4,0.9719702468353412
234.5305455484665,1,0.8992684617208779
235.1225789126349,2,0.9948024436670364
515.7678935295792,4,0.6197621255591989
236.0933456298624,12,0.7128935440657531
236.1996789687339,2,0.9501192172118559
236.306278974286,3,0.7708903361295258
33.95793510197588,0,0.8996937925507977
236.4835456501853,10,0.9639211095786501
236.86234566991448,2,0.8967355655390556
237.17001235260545,2,0.8764900617976503
237.50197903656203,2,0.935465418300662
237.549479039036,2,0.9276515427949933
480.60615836490535,2,0.8910993133385918
238.23551240810025,10,0.7446490666845135
239.5377124759232,2,0.9520117882543342
239.59687914567144,10,0.6075061525784293
36.40836856293596,2,0.6492592844929559
240.6626125345117,7,0.9980388612759823
37.37910194682833,2,0.874298373340096
563.6404293562739,2,0.6136189443921258
242.41427929241104,2,0.6745257003428846
242.5686459671176,1,0.8938291240041321
39.90073541149674,5,0.9993460387935613
39.48640205658354,10,0.5056598037551011
243.18381266582423,2,0.7473577821932761
243.3854460096593,2,0.9594224798973241
243.45651268002732,7,0.9989122129060937
40.75296878921724,1,0.7550415738795828
608.7573650394477,0,0.9870796724893366
244.23804605406556,2,0.985872906058365
244.6284127410638,7,0.9642023983532304
244.8295794182079,2,0.9645627582868868
41.037202137354384,10,0.8758143595436744
41.605335500278,11,0.999605340922356
245.38601278052212,6,0.9317903109901491
568.3970629373486,11,0.9974691152151759
246.17901282182424,1,0.5362022392641933
247.26827954522355,7,0.8667457375266235
247.91947957914024,11,0.9924628020453071
248.18007959271316,2,0.9420234570441235
248.93757963216623,7,0.999549428430874
472.98605796802514,2,0.7957712345823723
249.7657796753017,2,0.9526374382624734
250.0979130259336,2,0.8215966585564299
250.68941305674093,10,0.9952028011068507
250.76017972709337,0,0.9966768177024581
47.8913024943388,0,0.9844797486603218
250.92651306908988,0,0.5132080898999135
569.4167296571228,0,0.9812670056064182
579.0840968272983,7,0.9964828775163946
48.73183587144992,2,0.9449330561651289
376.98485296796207,4,0.7692800729179805
549.2368286060863,1,0.6175558922037292
253.92121322506387,9,0.4830131046935394
253.93301322567845,1,0.7393059175894517
549.9256619752964,8,0.9977981169735781
254.4305132515899,4,0.7840645553491571
590.8256974388399,8,0.9996563762463362
255.03377994967676,4,0.9617538776343661
255.2592799614215,8,0.9996106536249256
255.7086466514927,12,0.4560063240882979
280.5552479455866,6,0.9973588931011949
580.6812635771507,1,0.6288547320764403
256.7027133699337,1,0.7542902129738817
256.73864670513854,0,0.9986327932815775
53.10016943230063,0,0.9956164908882758
538.9087614014994,4,0.8929069948064943
257.04701338786595,8,0.999703347144942
257.25964673227395,4,0.5328761493944295
257.53141341309515,4,0.6309995939586512
257.7573467581958,4,0.9696798454858315
257.9584134353347,0,0.7251277338170523
258.96421348772014,8,0.9840450638441097
591.8072641566299,8,0.9936202455572342
259.3662801753278,6,0.9996121881250059
259.65084685681563,12,0.9967164092683399
259.7103468599146,6,0.999183210324299
259.82821353272016,1,0.9339519580868343
259.85201353395973,1,0.6498426347777195
260.45518023204136,3,0.5592607006346776
260.5628135709805,1,0.665536746855011
260.6453469086125,2,0.9788825131653957
260.76324691475315,4,0.8660637656637019
571.9489297890083,3,0.7024442632351247
261.3323136110587,3,0.962265921148577
261.7574802998695,4,0.9356257532872434
58.20240303137531,8,0.9981656449261653
261.8999469739563,8,0.9979988046635174
383.3628199668146,1,0.8838078129949327
262.1362136529285,8,0.9973401106572529
262.14858032023926,1,0.9308828600219746
59.44543642944997,7,0.9723837637350811
262.7044803491924,3,0.8037580222671237
263.4507803880622,1,0.8851178311457218
263.80621373990766,2,0.723029368315151
263.9955804164372,12,0.8566948394460167
614.2341319913627,8,0.9989013841845091
264.10178042196844,2,0.968054570927671
264.279647097899,6,0.9482998436707183
61.09080318181283,7,0.560266370667489
61.96693656077811,9,0.8295953090249065
264.9067137972254,7,0.5846791175701865
265.33348048611947,6,0.9776813436360068
633.7959330102066,7,0.542717097949987
62.25096990890485,1,0.9319441031807355
266.6583805551247,9,0.8090129797714463
267.59371393717333,6,0.9997802878072088
267.6408806062966,7,0.9894019095770401
267.9964139581473,1,0.8185699750142499
580.9736635923798,11,0.49142998928183057
173.94957572654087,1,0.8781033153337701
542.8822616084526,12,0.6367632427528072
65.2105700630507,9,0.9588853397755246
269.03868067909866,9,0.9420018610142166
532.3496610598796,8,0.9962521655725335
66.1813701136132,4,0.9912706651437357
66.47717012901946,7,0.9893498547680015
270.1744140715848,1,0.9681936728596587
270.6846807648278,7,0.9891647445124456
67.60167018758717,9,0.5959940402694405
271.6434141480952,9,0.5154374465641133
271.7142141517827,1,0.996745867734004
271.74891415359,2,0.8671695621908231
68.35940356038579,2,0.9668804375469564
68.71460357888579,2,0.7671094209890246
271.8326808246195,8,0.9991405672333852
272.16404750854485,4,0.9127729354471292
18.89703431755392,7,0.9984293517079269
69.15267026836842,2,0.938814211157074
272.94538088257264,3,0.9906635682039996
272.9457475492584,2,0.506074831990472
272.9576475498782,2,0.7951800530990447
273.0633808887185,9,0.8645782919261574
273.1103142244963,7,0.9225468645096139
273.1935142288296,2,0.9336187618525287
273.24058089794767,1,0.9100362368673282
273.465380909656,2,0.7249724113323662
20.35313439339247,2,0.723808894006144
71.82820374105246,10,0.9326698535717286
273.4656475763365,10,0.9972309818774885
274.199780947906,4,0.9926683449990813
274.2702142849077,11,0.3042117944466641
21.15813443531956,2,0.9698444222068527
274.41244762564907,3,0.9997350050737522
274.51968096456744,10,0.851242929554645
275.0762143268869,10,0.995609757652698
275.2892810046508,2,0.6212182009030957
275.66828102439035,3,0.5636868750252169
276.3665810607601,2,0.5885264752022337
276.4734477329928,2,0.6938141385518174
276.8515810860206,10,0.9559647744118855
276.8633810866352,2,0.8063293028909719
276.9340477569824,2,0.8151920123155932
276.95821442490774,2,0.7778911012203151
277.10088109900494,10,0.9279670808932785
277.12348110018206,3,0.9972825660523776
277.1708144359807,0,0.9999148832250954
277.19441443720984,7,0.9982801330955797
277.33761444466813,12,0.804274788812684
277.4547811174373,7,0.7960385167526435
278.0353144810067,4,0.6607946953183618
278.1184144853348,0,0.838076472182656
278.2726811600362,5,0.9999704205355184
278.5801478427168,4,0.9837131390450571
278.8998478593678,0,0.9941275174543256
279.13664787170114,11,0.9991476313000255
279.16061453961606,11,0.4563007129521969
279.2905478797168,11,0.9838084488496268
279.59758122904145,11,0.9777123889317632
279.70531456798585,9,0.8446423815320832
280.0362479185553,3,0.9994985076473647
280.08354792101886,2,0.971651498307829
27.43233476210084,7,0.6501789657614365
280.2729812642185,4,0.6739069151826772
280.33154793393555,1,0.7986001189330497
281.054181304906,4,0.8708676466268401
281.1134146413244,1,0.998999543035247
281.17324797777405,7,0.9089729501152799
79.55833747699695,12,0.5346149957677289
79.6647708158737,1,0.6522333561765432
282.45178137769767,6,0.987995143698057
283.65808144052585,4,0.9985409708227775
283.69351477570467,4,0.9368890649535236
80.83693754359071,6,0.9936187753184071
283.74191477822546,1,0.9783940595451832
283.84828145043207,1,0.7466664214267124
284.22738147017685,1,0.7539392909655632
284.2866481399303,4,0.8982612232872322
81.64170425217232,5,0.9996155494493698
284.55838148741645,5,0.999998180787606
284.61701482380363,5,0.9998441330185147
285.06761484727235,1,0.9838577517449792
285.707281547255,0,0.9799678411202012
464.5859908638549,1,0.9666035136612696
525.9263607253326,1,0.48729915156015896
286.144548236696,1,0.4106397080614591
286.500248255222,12,0.8073119457794982
637.7856998846736,11,0.9996312261464856
83.07423766011676,9,0.9909589195717081
287.74338165330187,9,0.976423294345837
287.9317816631144,1,0.7955969175608586
84.23447105387892,11,0.49163823556886743
609.8227984282723,0,0.9981940828176572
288.0261816680311,1,0.6075258430120696
288.0509816693227,1,0.991329916699551
85.6547711278529,11,0.8147180232224036
85.83233780376783,5,0.9942665174612519
288.0855816711248,1,0.8405224076891175
288.8442150439703,4,0.6352718631734849
289.3175484019564,5,0.9960240864866234
86.25877115931122,1,0.6323564490506149
289.6368484185866,1,0.46557937053586257
289.6609817531769,1,0.7211168329995901
289.70844842231577,1,0.9502974191211305
290.84434848147725,1,0.6699850814838203
419.6030218543252,1,0.8663609291527276
291.2942818382446,4,0.9870028347483073
291.9925152079443,11,0.9940082265827279
88.56703794620013,11,0.9824717931397847
516.8713935870531,9,0.4608233175567215
272.9484808827341,1,0.9724297302176765
292.13498188203107,1,0.617717226699885
292.1938485517637,4,0.9423939181239964
292.34838189314564,1,0.4139513408093421
292.45381523197034,11,0.4546300325342983
292.4663818992915,6,0.9990859039525407
292.8335819184165,11,0.9998146219809704
293.8150819695363,1,0.7638635422260628
585.5715971651889,1,0.9518555090997362
294.6202820114738,4,0.933602880519884
294.9048820262967,2,0.8456997282832619
415.47272163920536,3,0.9849006635723376
359.6599187322884,2,0.9797217438172252
295.5675820608124,2,0.6911433834455623
295.6499153984339,10,0.9986943493799866
295.7328487360867,1,0.9447068087754539
298.996515572736,6,0.8110455930084337
588.0695306286229,11,0.8615379781189317
296.20644876075335,0,0.9933847956843684
296.5503487786648,1,0.3393278296157296
93.33783819467932,1,0.5554372760364711
568.7210296208884,10,0.8607293011516219
297.1064821409634,3,0.9582283436592429
297.9473821847603,6,0.8312697690133626
298.5747488841023,9,0.7431630025943695
95.729038319221,0,0.9830813780942806
95.84733832538248,4,0.8266195053097859
548.3063285576227,5,0.9999969884595729
299.1895489161232,5,0.999982295436563
299.2495489192481,5,0.9999666797807387
421.79252196836165,1,0.8586740629094278
472.70605795344176,3,0.9996643506966559
299.9664489565867,0,0.9993829071623433
97.62333841788248,1,0.5301059734550226
301.69921571350164,11,0.5194381389434168
301.7596490499825,0,0.999648948917662
301.93644905919086,4,0.41172682236149905
302.23188240791137,3,0.5175870729040701
302.2443490752273,2,0.8617137947198243
302.85991577395475,2,0.9169448031348916
99.56457185232172,1,0.994257964921578
99.73023852761686,11,0.9996543701895977
99.74213852823664,9,0.9886317415678325
99.76603852948143,12,0.41478989565439756
99.86070520107866,1,0.988829878252186
302.88391577520474,11,0.9995958598546951
302.95461577888705,11,0.9207218410970589
303.22638245970825,11,0.9941020865912283
304.1024158386683,1,0.9738541306190478
304.5296158609183,1,0.7892008526174961
304.80151587507976,5,0.9999754348155008
304.8840825460468,12,0.7916921662872043
305.12148255841134,1,0.5990955989651943
305.2043158960589,11,0.9953264622782905
305.405482573203,11,0.8700438244401054
102.29937199475924,11,0.9973684134191579
305.6413159188194,6,0.6042122762230383
305.79524926017007,1,0.4858374786824678
305.8781492644878,1,0.4423679983121469
306.00918260464573,0,0.9995537430107306
306.24578261696865,4,0.8837555720080472
306.328515954611,1,0.9918903954612411
306.6722826391822,5,0.9998874595688502
306.95524932058674,5,0.9999931271615591
307.18061599899124,1,0.9809274329180734
104.21707209463943,5,0.9890120079914441
104.74963878904396,2,0.9754579476965856
104.74967212237904,1,0.9435439681375404
104.98637213470715,2,0.6519900029052086
307.29971600519434,2,0.9960929900722868
105.36547215445196,12,0.5965645846159113
105.41263882357522,0,0.8400304892452954
105.80340551059432,1,0.7999730954548714
308.2460493878159,1,0.9948687855602684
308.4113493964253,11,0.9994199089120522
308.5304494026284,6,0.9746445442591907
308.79038274949994,1,0.9670055197588803
309.1929161037985,6,0.4686800310771777
309.24108277297387,2,0.8877257482834516
310.23538282476034,1,0.958535572472344
310.3769494988003,3,0.6094206472777509
310.4003828333541,2,0.8434163422205999
310.4011495000607,2,0.7551137534303927
310.44831616918395,2,0.9874569686501532
310.66128284694264,2,0.9425073751306847
310.7079161827048,3,0.8887695971245376
310.73168285060933,10,0.9825127651666765
311.229282876526,2,0.9770325718583869
311.2647495450399,2,0.9903433649861518
311.52571622529854,2,0.759035580095741
109.49667236961864,3,0.9994855997582238
311.5377495592586,4,0.9540378208043857
312.0101829171979,1,0.9841596667729282
312.1169495894253,2,0.9239145798084
312.59141628080374,1,0.7441810723894915
110.90570577633912,2,0.7889177284392351
312.650582950552,1,0.792856287645748
313.40774965665446,2,0.861747659029493
313.4193829905937,2,0.6033006726804716
313.5257829961354,3,0.9998425983744121
111.55673914358046,1,0.5984912951383066
313.6442496689722,12,0.9667869170547555
314.3190830374531,10,0.7157085059588293
314.3784163738767,4,0.6800413778698
314.44904971088886,7,0.9930687859175118
314.4497830442604,2,0.9806554398967003
314.6866830565989,2,0.9265482529762673
315.50274976576907,3,0.9998624425680789
315.60944977132635,10,0.5269135797986539
315.7984497811701,4,0.7579102772648985
315.83431644970483,2,0.7091443349876869
315.9170497873472,7,0.9660533738319662
316.0125497923211,4,0.9809433206902887
316.083049795993,1,0.6104985463411888
317.0069165107777,5,0.9999994243842942
114.6700726390666,1,0.9641261610466728
317.3024831928385,10,0.7382199959030452
317.66954987862323,1,0.7261508316910624
317.9533165600694,1,0.861833183941511
318.0715832328958,2,0.8229568622942022
318.3089832452604,1,0.8070772576474572
318.4269165847361,1,0.5091906297647549
319.7649166544236,1,0.9228180236636221
613.6099986255224,4,0.9192849121055602
116.6232394074607,5,0.9993601814369328
320.3810500198472,11,0.530247635539355
320.6051500315191,5,0.999975924643408
117.9139061413496,2,0.9786090897688301
320.7710500401597,0,0.9646664599900351
320.92545004820136,2,0.8171353331374174
321.0071833857917,1,0.9814073596656492
321.55271674753817,7,0.994438051648262
118.28083949379403,2,0.9543978047800097
118.4108061672298,1,0.5886543826847537
321.63531675184026,1,0.7759849996955882
321.8357167622778,4,0.9281015629068524
321.871816764158,0,0.9979158202489475
119.02657286596764,7,0.9930542098681138
322.65251680481947,1,0.6917616385251477
322.9730501548472,4,0.6130849137001659
322.9852501554826,1,0.6782186754236322
598.9681978629286,1,0.9442907738723807
553.5981621665724,2,0.9871768390472853
553.9884621869005,2,0.88795876828722
614.6412986792359,7,0.9989583207882259
324.15615021646704,1,0.6688350235000957
324.9504169245017,0,0.9805505582938955
324.98471692628823,2,0.991469878065787
594.9828643220258,7,0.9992844600195268
325.2810169417205,7,0.9699173186393366
325.4705169515903,1,0.8223842768836427
325.55285028921185,2,0.9851867023009
325.565416956533,1,0.9688596533885857
325.6129836256771,0,0.989509979125964
325.97958364477086,4,0.9597526415726162
326.2636169928976,7,0.8745790522884623
123.14600641385483,1,0.8799202205846973
326.417417000908,4,0.8933055543278406
326.73735035090453,4,0.9327122400394556
326.76048368544275,0,0.9988220132352471
327.0575503675816,2,0.9989597141266899
124.62590649093296,2,0.9564391080660871
124.79160649956316,2,0.7357774195070536
327.5899170619757,2,0.9192303324136748
328.15741709153303,7,0.9993889507010576
125.9398732260354,7,0.5002318912100903
329.0100838026094,7,0.9950817608703246
329.5907838328542,7,0.9973824677878083
540.952394841272,7,0.9349196510716266
595.6344310226282,7,0.9538037862201327
330.4073505420504,7,0.9101342247154305
330.43021720990805,2,0.9750503522384657
127.9168399956691,4,0.9632845336747167
330.4661505451129,1,0.8058708903019497
585.9765638529476,3,0.9592111204741828
331.44908392964066,4,0.9757548752424416
26.35213470584042,2,0.8435841705349586
332.0178172925955,4,0.9706177014374895
27.64253477304876,4,0.978604544671443
27.926668121180704,1,0.7644690950264666
332.34908397651566,7,0.9655828744160164
332.37275064441496,1,0.7974988469693506
332.4082506462639,1,0.9230389408412646
332.44358398143754,2,0.9948189642259614
333.5804840406511,4,0.8421382193606264
555.4777289311332,4,0.840194724891584
334.45578408623965,2,0.9960510772066155
334.7043174325174,4,0.9664422519770777
334.7512841016303,1,0.6573878208187088
334.8104841047136,2,0.6726677557749164
335.1667841232709,3,0.9958188252926352
335.41418413615634,2,0.9146569870819119
335.54455080961293,7,0.9983098378596149
335.8291174911008,2,0.8845251826963693
336.56298419598966,10,0.8587039632755467
337.7581509249046,4,0.9505771939947092
337.8531842631876,4,0.9740465397263498
338.966517654507,8,0.9988196310493728
339.07251766002787,4,0.6559135482634628
339.1792176655852,8,0.9992253932872323
339.450817679731,8,0.9985810840836585
339.46341768038724,9,0.9999999991592574
597.9550978101629,8,0.9845232368997349
340.2920177235435,8,0.9942923622477233
35.112335162100884,8,0.9972131415981353
341.7488177994185,8,0.9981731640783743
341.77208446729696,8,0.9994600342292809
36.79340191632311,8,0.9912656137729285
341.8310511370348,12,0.955329425400672
628.5120994016735,12,0.9794881501105482
516.472926899633,8,0.9872065223802919
343.3102512140765,8,0.9913792279333582
343.5828512282744,12,0.9920714921512683
38.87690202483875,12,0.8316202378327708
343.67731789986124,8,0.9330085942446263
343.68971790050705,8,0.9966750659635296
344.0798845874949,1,0.9092834137772262
344.30501793255394,2,0.5871440421988152
344.42335127205047,3,0.9984296925216765
345.6552513362119,7,0.9918408633493527
345.6659180034342,4,0.6781813603550018
40.46316877412348,12,0.9988390670284024
345.7724513423161,11,0.5192610285495869
345.8078513441599,8,0.9954252047143095
346.3766847071199,12,0.8802390883964172
346.3885847077397,12,0.9945030609249944
346.5427513824359,8,0.9765168197319489
346.64938472132303,2,0.9051411231732632
346.9448514033786,12,0.6102113310982247
347.1583180811633,10,0.9148258682789991
347.3473180910071,12,0.9976210373786176
227.74261186159495,8,0.884153068862691
347.67908477495325,8,0.9917658234155954
347.7848181137936,8,0.987418716871843
347.96285145639945,9,0.894877023246433
348.0700514619828,7,0.9983145774325096
43.69503560911655,12,0.9970116196873201
348.41275147983174,8,0.6351764586590088
348.5431514866234,12,0.998802163813998
348.602951489738,2,0.9288766842399141
348.815118167455,4,0.9916638957389988
44.144902299213776,8,0.9795718532450293
44.73673566337177,8,0.9956046130635849
349.2773181915279,8,0.9986111050750001
349.41971819894457,4,0.5759172895747251
349.60871820878833,8,0.9979563239794489
45.82580238676066,8,0.9997319999494592
349.726618214929,6,0.8591919332015299
350.1287515692068,6,0.7437246566542532
350.6382515957432,8,0.9995684329630888
350.933818277804,12,0.6797573456853452
351.0528182840019,6,0.4369486122976693
351.1350849549533,12,0.9895382772595935
351.1955182914341,8,0.9575516620130421
351.26548496174496,8,0.9964554138176311
351.3019182969758,8,0.9992143234684328
351.3718183006165,7,0.989594701985708
351.47895163952967,11,0.7004053715222016
351.78641832221024,8,0.998958933187751
352.01188500061994,12,0.9989872083925485
352.15431834137166,8,0.9998495235278512
352.99488505181785,4,0.9254001436758088
353.1831850616252,8,0.6180564007792322
353.3259184023925,12,0.9995219970368722
353.64595175239424,8,0.9984652811968137
353.88258509805223,8,0.9958195285957371
354.15465177888905,12,0.9954104687993283
354.213651781962,12,0.7331896627248714
354.4497517942589,8,0.9605383366887106
354.60441846898107,7,0.9980053514516347
354.62811847021544,12,0.9989688841843194
352.95748504986994,12,0.6414884911520804
356.59298523921893,8,0.9134017611501302
356.8418519188474,8,0.856200739814538
407.5477212264449,8,0.8461867713827897
357.1374186009082,12,0.9291166831761439
357.16078526879187,8,0.9973944957197717
357.1961852706356,7,0.5261356308813333
357.33955194476925,7,0.9968870717784195
358.30901866192903,8,0.9986085540804951
358.3917186662364,7,0.9914653271287333
358.5221853396981,4,0.9824845101092246
358.6523520131443,7,0.9956479047102362
358.8892853588179,12,0.8592196742075864
358.92458536065647,12,0.6233653891290872
54.57410284240134,12,0.9935790640052031
359.24498537734394,8,0.9648868589523247
359.4101853859481,8,0.9842860134761184
359.59995206249846,9,0.92595665985648
360.2621520969881,8,0.9971538621016719
360.2977854321773,7,0.853602839021831
550.154461987213,1,0.9924008903221124
550.6642953471002,1,0.759522587840553
614.4971653383957,8,0.9992180827245687
361.0445854710731,8,0.9996766770967345
361.16228547720334,4,0.9936205437400158
361.4104521567954,8,0.998944822056519
361.5061521617797,12,0.8124091072889356
362.32255220430056,8,0.9989940763353663
362.48911887964255,8,0.9960507070897284
363.4715189308092,9,0.9079529962095855
58.05466969034753,7,0.9245319244879063
363.494418932002,8,0.48131137981785016
363.5067522659776,8,0.701360895216197
364.062285628245,8,0.8886377125783684
364.121785631344,8,0.9982303699244376
364.6897189942572,8,0.9987322833922074
364.7022189949082,8,0.9928310076028177
364.8909856714065,8,0.8849634531013804
364.9391856739169,11,0.8410359727940041
365.1986856874325,2,0.8785058393710151
365.4366190331582,8,0.9998462691347184
365.542085705318,12,0.9992799578569279
365.7552857164221,8,0.9631987165263574
365.80238571887526,8,0.9834083096263667
358.931585361021,8,0.9996239703005493
366.2766857435784,8,0.6811550062932329
366.53718575714606,0,0.9305255250451366
367.070452451587,12,0.9791417001461983
367.1400857885472,12,0.9829324035579631
367.3186857978492,10,0.6640358341328126
367.3188191311895,8,0.976480685481594
367.42498580338565,2,0.9583319527287828
367.732319152726,1,0.43659758360808176
367.8868191607728,2,0.9691357238692493
368.5617525292589,4,0.9908004993534677
369.5085525785714,2,0.9853669025842127
369.5791525822485,2,0.9147579212315965
369.9944192705436,1,0.9837283224066173
613.2940319423991,2,0.6222766342286473
613.6599986281266,2,0.80110591868276
370.0171859383961,2,0.69289084572737
370.0292859390263,2,0.6020636373617001
370.206752614936,10,0.8199778711195355
370.2654859513284,3,0.6163206734406053
370.30161928654366,10,0.6969160067805962
370.40758595872944,5,0.9999863323269649
370.537952632186,5,0.9999918276288169
370.7047526408735,7,0.9032864426914247
370.7516526433162,4,0.8280570379243205
371.3201860062607,1,0.9178827543459889
371.3902860099117,5,0.9999975871747017
16.997200885270924,5,0.9999911865850067
371.5681526858423,5,0.9999985200240937
371.6872860253805,1,0.8659085697163706
372.49151940060096,5,0.9999995300786931
373.33271944441344,5,0.9999830764556512
373.7103527974152,12,0.42478868617600346
634.6204997198193,1,0.9723641611733957
374.2322194912624,1,0.9838931109919432
374.3259861628128,1,0.9927984600127505
375.06115286776935,4,0.9092121305412842
19.7555010289324,5,0.9999873457523892
375.21401954239786,1,0.5777581612459034
375.4153862195524,5,0.9999995437849708
375.48735288996727,4,0.603344768314082
375.8175862405003,10,0.5946720716008982
376.1497862578024,2,0.7817939416904357
376.2327529287902,4,0.9131273694804327
376.2681195972989,11,0.9998133471918524
376.3039862658336,11,0.9999622713743354
376.54088627817214,11,0.99636490990033
21.602234458449768,7,0.8738397806721607
376.58768628060966,4,0.9808795523678108
376.6110862818284,7,0.9013203822191118
376.6230196157833,11,0.9998452014700309
377.1435196428927,1,0.8287289512347372
377.1919863120836,11,0.9917484815497836
377.4875196608093,1,0.9908751155071418
377.51075299535273,4,0.8791017404077439
377.7237530064465,1,0.9507469828805182
378.0430530230767,11,0.999570311678871
378.9904530724205,11,0.8335585924582043
379.4756530976913,5,0.9994149642773527
379.9847197908719,2,0.5123548074336061
447.537423309242,4,0.9822344509475031
380.198886468693,2,0.9813803886438248
380.4468531482746,4,0.8786105213338326
380.6250198242208,1,0.968305796451127
381.1805865198232,2,0.8336420142324187
381.3235531939361,4,0.9455993914258732
381.3944198642937,5,0.9999991503201556
382.4827532543111,2,0.8664382240796746
382.6249865950524,5,0.9999957951574044
382.8853866086149,7,0.9520275626581306
463.3849908013028,2,0.8578688075484129
463.95299083088616,4,0.5270338909310028
383.00391994812185,2,0.9937318692794895
27.14240141366681,2,0.9808236756507039
383.0628866178597,4,0.9848774629186492
383.0746532851392,4,0.7592762755541687
383.08641995241874,7,0.9922742772910783
383.1925532912799,2,0.9853568836147795
383.2528199610854,5,0.999996780617631
383.2880532962538,4,0.8444789386963155
383.4421533042798,2,0.9000945923594228
383.5951533122486,2,0.9742967117964195
384.1402533406392,4,0.9735655879287605
311.9126162454496,4,0.9714980252139646
384.2344200122104,2,0.9787779383018178
384.23542001226247,1,0.9493075403700468
384.3059866826045,7,0.9979407137574773
384.33045335054544,4,0.9843958023656476
385.1820533948997,6,0.44722773303438706
386.1997201145698,2,0.9979824301352723
386.3542201226167,12,0.837447410902225
357.93745197590994,7,0.9945815447962305
386.9815868219587,1,0.8952982718302123
387.54922018485627,1,0.989824701029019
387.8100868651097,1,0.9584955281937875
637.9946665622239,4,0.8877440383116688
281.59254799961263,1,0.7231584496064694
388.022853542858,2,0.8248409449955086
388.509086901516,2,0.7582619855082602
388.5678869045785,0,0.8656467443557402
383.6427866480629,4,0.926917376964048
389.3848536137955,7,0.9995256057327891
389.4667536180612,7,0.9969502491957739
389.692286963141,4,0.6063889517023365
389.9997536458216,5,0.999630171480144
390.7225870168024,5,0.9999980920095352
390.888453692108,4,0.8823732038529699
390.9237870272816,4,0.8190115711593171
546.8324284808571,8,0.6345557444960068
391.8702204099084,8,0.994352662495498
391.9889537494257,8,0.9951250278300512
540.1217281313415,6,0.9791965828346267
392.10738708892745,11,0.989725430803664
392.2607204302469,6,0.9967237365271912
392.3670871024535,6,0.8681015205412328
392.45078710681287,1,0.8439732492902214
393.3862204888667,5,0.9999938019767659
393.5876538326913,1,0.7127432858679905
393.9652871856931,0,0.9965305182197418
516.6424602417961,12,0.9011463703544955
394.67595388937366,0,0.8931982589578443
598.723131183498,4,0.9546654320263968
395.62318727204206,4,0.6437242139821129
397.5172873706931,6,0.9995634234896944
398.6656874305056,6,0.9994265719923114
398.7130207663042,1,0.7569995043962606
568.7501629557391,9,0.6609076710208294
399.5774874779952,6,0.9957590297919895
399.78955415570704,6,0.9976283981409914
400.1455541742487,6,0.9905085803190604
400.2521541798008,6,0.9968418161357386
401.2936209007105,6,0.9995348963734876
402.1822209469917,1,0.8643820816617913
402.3116876204015,4,0.86253077086472
402.3352542882956,9,0.7185937337593331
402.59568763519314,12,0.9985898364133409
403.010820990148,12,0.9980557464794669
279.90138124486435,6,0.9970698134522006
403.95778770613583,8,0.9705906929729544
404.0049543752591,6,0.9858908299792504
404.110987714115,1,0.8969940824243509
404.3126543912852,6,0.9986474404181718
404.37168772769314,6,0.6771165968721123
405.8033211355908,4,0.7433225735182977
406.1006878177452,11,0.8949975721165581
406.2303211578303,6,0.9998535043750882
406.9878878639536,8,0.6446956868526545
407.3670878837036,1,0.7892677884156953
407.5802212281376,4,0.9694829775997341
5.291466942263917,2,0.9904145608468643
6.772333686059064,1,0.9932384774480594
7.48743372330386,8,0.3605258862103068
5.682866962649336,8,0.9551713862644005
408.05362125279385,8,0.9968471288687419
408.36145460216017,6,0.999344445154708
408.6336879496723,4,0.9564310954661805
408.8583212947053,6,0.9988256054126247
408.870654628681,6,0.5136671462703504
409.24822131501264,6,0.9998845223054385
409.2721213162574,6,0.9993634721812742
411.1312547464206,6,0.9940508711171823
411.6276547722748,6,0.9976402286328377
411.7342547778269,8,0.9985736892289269
411.7819881136463,6,0.480686012165855
412.1143214642887,8,0.9998323581413164
412.4333548142383,1,0.8941618770272115
412.45678814879216,5,0.9999920059706604
413.0841548481342,1,0.5802136809220293
413.1203548500196,4,0.5331610287126411
413.2142548549102,2,0.9481114767601745
413.46335486788416,8,0.99751705235292
413.48725486912895,9,0.6456184110605356
413.558321539497,8,0.9993589365077842
413.6880882129224,4,0.7880483767740597
413.84245488762895,6,0.9796460781205835
414.043121564747,11,0.9990051337294173
414.29192157770535,11,0.5251922790814362
414.29212157771576,6,0.9916392757939888
414.5764215925231,4,0.9784046429526603
414.5766549258685,1,0.6530146224567323
414.8252216054814,1,0.8398576104973163
415.1209216208824,4,0.47301496544107485
415.17982162395015,8,0.9996757056100136
415.2859549628113,6,0.9979420079950689
415.4752216393356,0,0.9537273377474706
415.4990216405752,6,0.9000648528301382
415.7011883177713,4,0.9223253307432545
416.0434550022644,1,0.7436193141801899
416.2806883479536,11,0.9985187424961594
416.3278216837418,9,0.9999795367193017
416.45898835724006,9,0.9990991234709534
417.08575505655085,6,0.9976895191021613
417.2041550627175,9,0.8228197949108115
417.2636217324814,9,0.9269359135351107
417.4532217423564,11,0.9983906695413858
417.5118884120786,11,0.9937549096324502
226.83551181435016,11,0.9165826878870572
417.5236217460231,11,0.9651288165024817
418.1387884447297,6,0.9426300172812201
272.99044755158656,6,0.5876622675155088
418.1504884453391,1,0.7222627545537692
418.1982217811585,4,0.794461300797079
418.2579217842679,0,0.9945541202508603
419.1097884953026,1,0.9703106606224104
419.1923884996047,1,0.9464230430579734
419.9736885402974,7,0.8304038447229859
420.6487552421238,8,0.9605222662773912
420.6611885761047,8,0.9987957064651065
420.81472191743455,4,0.5441106967849423
420.9810885927661,8,0.9995448686826036
421.1578552686394,6,0.996067123977063
421.5489552890092,6,0.9969820007022762
421.6312886266308,11,0.9863996933979202
421.8682219723044,12,0.5475948849409924
421.93955530935295,12,0.9524062569425692
421.99815531240506,6,0.9982914001935482
422.034621980971,7,0.509719555965391
422.0928886506724,6,0.9633510207839516
16.970667550555646,6,0.8987817717992553
422.4478553358269,2,0.9927108898302305
422.46068866982864,2,0.9960251954510211
423.35992204999707,0,0.9998912404276667
423.3719887172922,2,0.8021646429242164
423.4307553870197,7,0.999637362238475
423.7153220685075,12,0.9110441481632313
423.9993220832992,2,0.969958282428377
424.6022221147002,2,0.8087718126669983
559.9898624994735,7,0.996498596166734
543.3062282972008,11,0.999522350508935
543.5420949761523,11,0.8670857211909462
426.130455527629,11,0.9932098313363811
426.4855555461238,6,0.8221032943155028
426.7686222275336,4,0.8980241490578245
426.8647222325387,4,0.9874786775619201
533.6504944609646,0,0.9994004249823062
427.2907889213964,0,0.99982434504061
427.7050222763044,1,0.7923095068180391
533.8038611356192,7,0.8212739511718529
428.640388991688,7,0.9938293663343688
428.74568899717246,7,0.9991659023114419
22.73580118415637,2,0.9954014523070186
429.2558890237453,10,0.9955364827663247
430.641022429221,2,0.7213038986168832
533.7590944666209,2,0.7438539737893357
24.333934600725826,2,0.6696203936858748
431.3151891310006,10,0.9377292602932906
431.8354558247645,2,0.5309885859548543
544.4665616909682,2,0.8287506671507125
592.8082975421004,4,0.9916402040478269
432.1562891748079,2,0.787033813202387
433.3637225710284,10,0.9998839098846942
173.49780903634468,1,0.8213003302147017
434.073455941327,4,0.8980642535702361
434.2033226147576,4,0.5567572900070016
434.39292262463255,2,0.7429579944256187
434.65328930486,1,0.7904259268142546
435.2101893338652,2,0.9529541084147333
616.1618320917637,11,0.4233449485629329
436.3101893911569,1,0.976868785651876
436.8788560874416,2,0.7315948689790902
437.7787894676465,2,0.707332997029484
438.122256152202,2,0.7398737328633807
438.2044228231482,3,0.9329499795699896
438.2641228262576,4,0.7767345188699887
438.8675895243548,7,0.6952026067695095
438.9512561953791,7,0.9976633974867453
439.04595620031137,2,0.9077749260582847
439.2815562125823,2,0.843473295561609
439.3880895514642,2,0.970834836245373
439.4010228854711,3,0.9999960483987907
439.4357562206135,3,0.9996128040523439
439.62518956381314,2,0.552921319486038
439.69702290088776,1,0.8081285777934448
440.1110562557853,2,0.9673748112992169
440.4535229402889,2,0.826320899999727
440.4654562742437,10,0.6119975987535512
441.1173896415319,2,0.7615985303877219
441.32972298592426,10,0.9997377604733687
441.400622989617,11,0.511873831858609
441.5083229952263,1,0.9656485662082581
591.3211307979772,3,0.9267167129938018
442.83355639758224,9,0.9999999999995737
443.47218976417776,1,0.945711585272067
36.432535230861305,1,0.9879466582365887
36.846801919104365,1,0.5812675134877359
443.5315564339364,4,0.5969436226747671
443.85198978395897,4,0.9878334336794011
444.3129898079694,2,0.9701316069747048
628.4692993994444,2,0.9848743928071761
445.92365655852495,3,0.9994287067556662
445.9704898942976,10,0.5597601521609683
446.0540565653166,2,0.8468811122942133
39.88920207756272,10,0.9974561801261311
39.86556874299848,7,0.922247114193615
446.0659232326013,4,0.8636820683536593
446.0770232331795,5,0.9999979491832246
415.7179216519762,7,0.7053760868635207
446.0773232331951,4,0.9002781514631367
446.348956580676,7,0.47963642890924024
446.4082232504295,3,0.9466301050162212
446.5033899220528,0,0.7897501262041933
447.0246899492038,7,0.9992552719456264
447.07215661834266,2,0.9852773968332701
447.0832566189208,2,0.6524144139519341
447.201423291742,2,0.677671215274466
447.236956626926,2,0.49870738325505276
448.5035566928948,10,0.993845795251299
42.233068866305786,3,0.9772680963904686
448.8825233792993,4,0.946889580191677
449.1203233916847,4,0.9384291621498826
449.6522567527229,2,0.7061281370268127
568.1961962602201,10,0.8204494650520314
43.582702269932525,0,0.9975940283700572
450.385723457591,4,0.9600019051827632
450.4566567946188,4,0.9014257244112361
593.2090642296404,4,0.9210356828327979
548.195061885161,0,0.3443163772972539
548.2669952222408,1,0.9233447115870481
45.109735682798856,2,0.9970344985436281
452.2087235525389,12,0.5532291846072132
452.62415690750936,4,0.9560763575878399
46.63683576233532,4,0.9044894452311865
453.1447236012889,1,0.9268220896503561
453.4283902827299,2,0.9885647364712331
453.6298902932247,2,0.8513711363414818
48.19956917706102,2,0.5912165230427614
456.5545571122177,2,0.9309590569950247
456.9916238016483,10,0.6905336800745069
549.2961619425099,4,0.9425167297617184
457.45345715903545,1,0.933751607702262
458.2826238688879,7,0.9957796169602238
458.41205720896255,7,0.9989712949109715
458.459323878091,7,0.9989898074905105
458.4836238793566,1,0.7317038581640839
280.5320812777133,7,0.9995247781631759
459.2409572521344,7,0.9748155870389947
459.2887905879591,7,0.9921017381460817
459.4784572645042,7,0.9711523134118675
459.5731239361014,1,0.4576609671454498
53.53860278846904,11,0.9993969858676428
459.59632393730976,9,0.9628217515210119
459.7732906131935,1,0.9891737821437552
459.8561906175112,4,0.8953137194105967
460.1165572977386,1,0.9091860440928298
54.74603618468953,12,0.6867068196606206
460.1177906311361,1,0.5439698553438326
460.14062396565873,10,0.5593841284416275
460.1527906329591,9,0.5681663111313862
460.2349573039053,1,0.9467674298788573
55.20773620873641,7,0.9940153949512
461.0885573483636,1,0.5104894676638905
461.1001906823028,1,0.704303740625087
461.27795735822815,1,0.9274206181366199
461.5376907050893,5,0.9999252664653976
462.2132907402768,5,0.9982194814914125
462.2365907414903,9,0.9107596793102414
462.3312907464226,1,0.8390387185646384
462.4371240852681,1,0.9794516898529443
462.78042410314833,1,0.46071272439531064
57.77653634252809,1,0.9182055165084964
463.0768241185858,1,0.447692489730278
463.07712411860143,9,0.73601457563072
463.0890574525563,0,0.9995942266468255
463.1010574531813,4,0.8028234720575063
383.86111999276767,0,0.9916891297746532
464.0359241685389,11,0.9083810197523237
464.1068575055667,1,0.5844597023497485
464.16629084199553,12,0.8436279673013836
464.213057511098,0,0.9576922079355872
59.69440310908365,10,0.8694521589833367
465.054024221565,1,0.9183197885430918
465.2667575659782,4,0.9734871614321069
465.3734575715355,1,0.49182334094702534
465.50299091161537,4,0.9357632664987328
466.1432576116292,1,0.6988394114037362
466.1665242795077,5,0.9999996517928802
466.402824291815,4,0.7307802758550883
466.4498909609331,4,0.8070060503329395
466.5687909671258,1,0.9955805556811611
61.10310318245345,4,0.9729764533861776
467.3266243399296,1,0.9758776189109255
467.33782434051295,1,0.9468176512558871
467.55109101828725,9,0.8842631336188902
467.7294243609088,0,0.9937046914557692
468.3335910590424,11,0.8484276992192799
468.3442243929296,4,0.8578645360681776
468.4039577293741,12,0.7912458529232204
469.1375244342473,7,0.9819165161796207
469.2678577743689,4,0.7035619905411241
63.25763662800208,1,0.8701793621348621
469.41002444844,4,0.8611871686649768
469.8596911385269,10,0.7447170620425727
469.8716244724817,1,0.6312306722054294
470.3447911637925,4,0.9606436951515154
470.5107911724383,6,0.92969713119514
64.11000333906284,1,0.9861845121354789
173.38167569696273,7,0.9996319552477514
470.7951245205807,1,0.9910500301143759
470.807291187881,0,0.9996208642194229
471.57592456124735,7,0.9963617540595552
65.37673673837187,1,0.8744675760252527
65.66067008649341,1,0.9927135647159664
471.7070912347456,5,0.999776257607104
472.0386245853463,1,0.7030798491331289
472.3456246013359,2,0.9884956000316995
472.4530579402647,5,0.9190440785097511
466.97642432169,2,0.8997288864004219
472.45322460694,2,0.5480937627147825
472.51222461001294,4,0.9313969131997957
473.0201246364661,5,0.9892268474895377
67.29450350492223,0,0.9998253235980621
67.54303685120001,10,0.9983602557621858
473.26932464944525,1,0.9204212210036324
473.4828913272352,7,0.7685908870014436
474.1210913604748,1,0.9866302607300285
68.31257022461321,1,0.7619591118335135
68.45470356534932,0,0.9164704023471909
474.44192471051815,1,0.9767140579367333
474.4889913796362,1,0.9893391629649207
475.1159247456224,0,0.9999104637525958
475.4832580980876,12,0.5001268292598529
475.6844581085668,4,0.9607311787010082
614.1873319889252,9,0.7571334905949431
19.32356767310253,2,0.9591206413803892
477.5782582072022,10,0.5288130206243963
477.6849248794245,7,0.9860383417990675
477.8502248880338,1,0.8198943525783453
477.86272488868485,5,0.9999269723962169
20.661301076109485,1,0.9662908113942101
477.90935822444703,1,0.8475388331378751
478.7746582695147,1,0.4842697140256672
523.142493913673,0,0.9949179906892824
21.0874010983022,0,0.5391078152729328
479.17589162374566,2,0.9792341418014401
523.4037605939473,3,0.8984957751626896
73.87643718106463,7,0.8413004080459088
480.02939166819874,2,0.9735431714129216
480.0406583354522,2,0.7553884134462864
480.3728250194192,2,0.915547887528202
480.5135916934176,10,0.6727804327636244
74.66950388903686,10,0.5918767003945523
480.7741583736554,2,0.782050812865889
481.023091719954,3,0.8567170918173814
592.4618641907236,4,0.5342013121876368
592.7457642055101,7,0.9903530844669891
75.52183726676256,10,0.6089662209024808
482.278325118664,4,0.8013930363157842
482.5030917970373,4,0.5100836470397994
482.8103584797075,5,0.9999948804101734
483.3674585087231,1,0.9730619401331501
585.3226971522254,0,0.9954587459844465
575.2279966264597,1,0.7808650297807747
26.864468065857785,1,0.5853221518298026
463.6626908157664,0,0.9990734050728365
484.32649189200606,4,0.8475988103421902
280.3555812685206,4,0.7053476947687453
575.3929966350535,1,0.950982028482706
485.9954919789332,1,0.9801743559165502
79.91380416217751,1,0.9861418622712392
486.1722253214714,0,0.9911695081302703
486.2906586609731,0,0.9992449094833402
486.8361920227196,1,0.695785694307653
487.4276920535269,4,0.7335777818364162
596.7205310791959,0,0.9987859511246485
81.91440426637544,7,0.9994947361942275
488.7778921238498,1,0.8871795449880127
82.64857097127995,0,0.9996834363764884
82.93263765274176,1,0.6690808357676507
489.582925499112,0,0.848957574153747
489.664525503362,1,0.9771444985454854
515.6053935211156,0,0.9971670646585127
83.19297099963413,11,0.9210680631871901
83.90310436995358,11,0.9999144663732209
490.1734921965374,7,0.9901818397862974
490.69515889037416,2,0.944133030124914
490.7902255619922,4,0.9427157360189058
84.63723774152302,1,0.97829513187803
84.85027108595185,3,0.9836579246843076
84.88563775446053,2,0.9897416093525109
491.1441922470947,2,0.8797143955375234
491.2399589187492,3,0.9993568956207999
491.9740589569835,3,0.999923147261507
492.6135256569557,2,0.7801678205348338
492.6603923260634,2,0.7408033850514579
492.7069256618204,1,0.9768509218750038
597.6206644594112,2,0.5732346246717729
86.188104488964,2,0.857314864215949
86.24710449203693,4,0.9435535774950354
86.36550449820359,4,0.9665509253351606
493.1451923513134,3,0.9997530254922924
493.51245903710856,3,0.9995121583141012
493.7964590519002,4,0.9924330258846297
493.8681590556346,10,0.9998644595020421
493.95109239328735,4,0.9773225241929626
494.0218590636398,4,0.9563501366720218
494.09272573399744,2,0.9644513946028668
88.95803796656472,2,0.9222254557627183
88.97000463385464,7,0.9993008281753116
494.104025734586,4,0.89930466352606
494.2459590753117,2,0.9841966519590593
494.4473257524662,3,0.9169410982413483
495.24092579379953,3,0.622436814913029
495.2770591290148,3,0.9999519395691101
495.7615591542492,2,0.7077379696498514
495.95045916408776,10,0.8853976118828414
496.20012584375786,10,0.5775561409019649
90.42617137636331,2,0.7747585057740646
90.76927139423312,1,0.8579322196037944
496.27052584742455,8,0.9879598759766492
496.4833258585079,11,0.5884959820465309
496.578892530152,1,0.8912143235916364
91.25473808618452,4,0.9403329952646791
91.31390475593278,8,0.9091870034586088
497.229792564053,8,0.9997487411458387
497.9274259337215,8,0.9914630722607654
498.720659308369,8,0.9974748661356636
92.40287147931647,8,0.5771745311616207
92.6872381607939,12,0.9990078987307432
92.79363816633555,8,0.996086319613195
498.8044259793985,12,0.8147475065838046
517.2163269383517,0,0.888644873360322
500.0109927089072,8,0.9996396244347747
446.6697565973843,8,0.9961735835078647
500.6507594088951,8,0.9992147591179575
273.8825475980501,8,0.9366632591419883
501.11222609959646,0,0.9326988374808716
501.8342594705357,8,0.9997724946223983
502.05955948227006,7,0.9619116875421584
502.2250928242249,8,0.9994590397085593
502.615859511244,8,0.9994463227637692
502.8410595229732,9,0.5889878685935207
502.8765928581572,8,0.9995982966915363
503.5386262259715,8,0.8740058074328898
96.87790504572448,12,0.9862141798020551
360.5961187810488,12,0.9882492997988417
503.6933262340288,8,0.9328663285170972
503.7648262377527,12,0.8441775566251852
504.11952625622666,8,0.9695876008704245
97.90777176603004,8,0.9661083648478326
504.1900929265687,8,0.9992728245504314
504.4396596062336,12,0.7283963714826441
569.3367296529561,12,0.9805635867930198
505.1257263086329,11,0.6113348936382379
505.3864596555461,9,0.9938927234366214
505.4450929919333,8,0.9997937785764638
505.8709263474455,8,0.9224257563677992
579.1341968299076,0,0.42519072911106115
506.3802263739715,1,0.9595206387312117
507.1737930819697,12,0.9991269615055642
507.3981264269871,8,0.9735276131328335
310.6186828447239,8,0.8521693027750701
539.4767614310828,1,0.6587893479722773
549.1462619347026,8,0.9968835618920309
508.5229931522406,9,0.9841439664314205
473.7236913397769,6,0.9942662093485732
508.5343598194993,8,0.9833971779239171
508.62929315777706,9,0.5515177722576994
549.8454286377842,12,0.9872882729993556
1.5166000789895917,7,0.8093574623942947
509.12725985037946,8,0.9996433889196524
509.34052652815376,9,0.9872458619856067
509.5999932083344,11,0.4237383028047329
570.5562963831419,8,0.9998594099460848
280.98401463458487,4,0.9923154302077242
103.08080536879224,0,0.9983758695421144
103.24683871077312,8,0.9928690599552106
510.06249323242287,1,0.7609818815451638
510.2040932397979,8,0.9869117073511343
510.41792658426834,8,0.8319960081394191
104.02797208479048,8,0.999866213775229
104.25287209650403,8,0.9986759950584985
104.7028054532714,8,0.9987076202938974
510.65349326320415,8,0.9978972756866972
511.1623599563743,4,0.7369187455237375
105.30670548472452,8,0.9942794495501543
105.4484388254398,8,0.9808962555322972
105.67343883715856,8,0.9327445672608853
511.6603599823118,8,0.9877791582970393
512.0262600013691,8,0.9978956248097125
474.244091366881,0,0.9885269470380394
512.2755933476885,0,0.9939455056978913
512.2876600149837,4,0.9313334652996333
512.4190933551624,1,0.8692379039288493
512.8448600440045,8,0.9995074205195145
107.76883894629398,8,0.9997026949627813
513.2714267328881,8,0.9675555679490081
513.5766934154542,12,0.9722549841146265
513.778193425949,12,0.9973190129980983
513.8861600982389,12,0.9268627156332185
108.7513056641308,8,0.9915877731308997
514.1105601099264,8,0.5545426102119945
514.2296934494645,8,0.9962655206714058
514.7970601456816,8,0.9893283302725995
514.94986015364,9,0.8886953110808847
515.0695268265392,12,0.7972960490090195
515.1163934956469,0,0.9914368112078839
515.1644934981521,8,0.9959362150446744
515.4121935110531,0,0.9991274331828208
515.4607601802493,1,0.8295215544130178
110.6217724282176,1,0.6811638568093179
110.70463909920024,8,0.9973259100625451
516.1709602172389,8,0.9989185691133899
516.2405602208639,8,0.9780763532905011
516.3135602246659,12,0.9917944849758199
111.7465058201308,8,0.999792070008156
517.3177936103032,8,0.99870381308917
517.3416602782129,8,0.977488904974729
517.3437936116572,12,0.8554987988607312
517.3888936140063,8,0.9983240153671419
112.338439184294,12,0.9973362222061095
112.59887253119156,8,0.9980698793465976
112.89473921326795,12,0.9915853041596961
518.1252603190253,8,0.9983435799104183
518.148160320218,12,0.9988078480935232
519.3790603843274,1,0.9536609884515475
519.4373603873639,12,0.6795346661008181
519.509893724475,7,0.9996473528786991
519.7093937348657,8,0.9996644115671033
520.2436937626937,12,0.7512369631984444
114.10227260949368,12,0.9274302889972145
114.9190059853652,1,0.6535348667487522
520.6566271175341,8,0.9993188693546371
521.4259938242719,12,0.9989651034628899
521.5438938304126,12,0.9068132752507572
521.6762938373083,2,0.9993041206620894
521.688627171284,3,0.9993232028306112
521.6978605050983,2,0.9535929010908943
521.710193839074,2,0.8181932979808123
521.7460271742736,12,0.9733028723323283
116.56460607107354,12,0.9987157660162368
116.76580608155273,9,0.8660844851557531
522.0890271921382,9,0.6513699186794929
522.1254605273691,8,0.9845074610537886
522.1381605280305,2,0.7778332240044853
117.14477276795722,4,0.9743093748512864
117.2984061092923,2,0.8881929185313332
117.97327281110827,2,0.6776106579036718
117.5351394549555,2,0.9915487535771255
523.1187272457685,4,0.9652860825057211
118.05603948208572,2,0.8760712665350106
524.2094273025757,4,0.9598822147198368
524.2920273068778,2,0.9717770979249835
446.9078899431205,1,0.5612383838050464
17.947467601430652,3,0.9974020779011349
119.06223953449197,4,0.8103174279832895
119.0859728690614,4,0.6370141411667621
119.4175062196621,4,0.9562558087153326
525.2616606907129,2,0.9415449077738899
525.2851273586018,10,0.9823924165627942
120.21083959431488,4,0.5991578786925738
526.0073940628865,2,0.6315852709276103
526.0438940647875,4,0.9963640422330744
526.0794940666417,4,0.9748833783475928
0.0512666693368058,2,0.9889228934198063
19.237834335303923,4,0.8756890900138771
19.557467685284827,1,0.8516686618055762
527.3927608017077,2,0.9361886525762125
527.4633608053848,7,0.9841630993362036
20.966201091989696,4,0.9755810947032788
20.42163439696018,7,0.9966108287347449
122.66123972193988,2,0.9682352359338599
528.0093275004872,11,0.6164597974823589
528.0216275011278,2,0.6197730325154188
528.0552608362129,4,0.9896810868873601
529.0379608873952,1,0.7732011832796771
529.3592942374646,11,0.4371680394771469
529.4414609084108,2,0.8591107030023923
529.5251942461052,2,0.8115092853066418
529.5470275805758,0,0.9154690183513017
530.4124942923188,1,0.9824352501867191
530.4473942941365,1,0.7842407643838424
530.9435609866453,1,0.9851771836050633
531.1681943316783,1,0.9954096466853212
531.9391610384994,1,0.9955834503376502
531.9629277064039,7,0.9588600511267776
532.046527710758,7,0.9594628213165696
532.0578277113466,7,0.990246834418066
532.0583277113726,7,0.9821379004250396
532.0796943791522,4,0.5244048970955442
532.1150610476609,5,0.9999934693953005
532.127627714982,2,0.9342433716789982
532.1529277162997,7,0.9887654318131456
532.1624943834647,0,0.9998943831412607
361.8761188477155,7,0.8329904508178144
127.68060665003192,7,0.8430684307676846
533.0167610946244,1,0.8377610380172199
533.0411610958952,0,0.9994251377377951
533.0632610970463,0,0.763748600733647
26.5183013811616,1,0.5332440827412642
534.66102784693,1,0.9673079356177442
128.86454004502846,0,0.539911942849505
535.6086945629543,1,0.9034563213097175
535.8688945765064,4,0.9305501893984472
535.9399279135393,5,0.9999884181660921
536.2374945957042,5,0.9999993302790071
129.57467341534792,4,0.6014773112488095
536.3321279339664,0,0.9997201249065396
536.3672946024647,0,0.999517941795416
536.4732946079855,7,0.9054356052390213
536.994327968456,4,0.9724245243690698
130.95997348749896,1,0.9069853305197527
537.2890613171401,2,0.8939539480073496
537.4568613258796,1,0.9907374937796729
537.6442613356401,2,0.9943722864144297
537.751261341213,7,0.8357082686638259
131.96627353991042,3,0.997906014168758
537.9396280176904,1,0.6977731632976358
474.3637580397804,7,0.9979392320864519
537.9757946862408,7,0.8714581219535339
538.011894688121,4,0.9890795844502778
132.61700690713613,2,0.9955888730397661
538.0479613566661,2,0.9928034035797235
538.2835280356019,2,0.9770849048140853
538.6270280534925,3,0.7049936345079516
539.3375614238328,2,0.5384251481877648
133.59980695832363,2,0.8838584874237511
133.19737360403022,2,0.7019157781341777
133.87204030583578,7,0.6960233486096669
133.54064028857536,9,0.9381155957230233
133.6116069589382,4,0.983305076324408
134.23907365828543,2,0.7713087069743411
134.81890702181843,2,0.9866957902411917
540.1057947971783,4,0.9824701655493423
540.2013281354873,10,0.5956327235353231
33.431701741234555,4,0.9515833707250165
33.01730171965122,4,0.5633235039590978
33.1830350616165,2,0.7406704974464069
135.02040703231322,4,0.9345712918744508
135.3395403822681,7,0.8118235957050776
135.5647070606622,1,0.946091266887094
136.08574042113267,8,0.9997548023187228
136.32220710011532,8,0.9966766159013948
136.51177377665525,11,0.8130065121523103
542.0258282305133,9,0.8868983481712017
543.1252282877738,1,0.9373805109338703
137.93214051729936,9,0.9942325332622918
543.1265949545116,9,0.8862419050367613
543.3733283006957,6,0.99244200040531
543.5043616408536,4,0.7571063233607428
544.0479616691662,5,0.9999446446711086
544.0505950026366,4,0.9740396018531718
544.2272616785046,1,0.4502517017163213
544.2854283482009,5,0.9999572182761077
516.898226921784,11,0.9999227341158007
544.7001283697998,11,0.7162040043691682
139.4004405937733,11,0.9987239107927616
139.43557392893652,5,0.9999978273148584
139.51887393327505,4,0.9385928577373674
139.67237394126985,1,0.679438626493584
545.1738617278068,1,0.9818075185674824
140.82107400109797,4,0.9554494749290442
140.26454063877853,8,0.6688488471590834
546.0851617752703,9,0.9997945605871796
546.3695951234179,9,0.9506585056016101
546.4409284604665,6,0.9730065911818655
141.28277402514485,1,0.7010956236998812
141.31794069364312,11,0.9977819858924046
547.3413951740324,6,0.995796187921828
547.386261843036,8,0.9983065681621413
547.4598951802043,11,0.9986949276694006
142.53764075716916,6,0.918691437166922
142.65567409665007,9,0.9970456720676601
142.13470740284973,6,0.6567093770148702
142.21740740715703,4,0.9851050471554526
142.71470743305807,4,0.9793168906559485
143.10520745339662,11,0.9269313832505741
143.68534081694523,6,0.9895086750986577
527.8941274944872,6,0.6755884282567853
549.1980286040655,11,0.9998260512707425
549.2351286059977,9,0.9985718872552293
144.0526741694105,11,0.7536797928968239
144.26587418051466,4,0.8873684899082939
144.67977420207197,5,0.9998247522795989
550.6319620120828,11,0.9098200851763002
550.6903620151245,4,0.9820731334310638
145.60347425018134,7,0.9962696467150051
145.1891742286032,7,0.8284436182819208
145.49707424463966,1,0.9729644073904599
551.0825620355515,3,0.999952625394267
44.15710229984919,4,0.7939201571983332
552.2048620940047,1,0.9721463987372877
552.6922954527251,11,0.9719881688192109
553.2016288125863,11,0.8576587468714092
553.2831621501662,9,0.999999993384094
553.591762166239,11,0.623348283834937
147.84047436669178,6,0.7298550821429758
147.2013743334053,9,0.9979812724593947
147.6872743587126,6,0.8496935000862397
553.6015955000846,11,0.9190055043590365
46.99823578115824,7,0.6827435298946888
148.089707713006,9,0.9661039277352563
148.1014743802855,12,0.5473335702389029
554.110595526595,6,0.994094540257333
289.9218484334304,9,0.9473200309194438
47.1165357873197,11,0.986694953396564
149.1432077678758,4,0.6582789683942956
149.52184112092962,6,0.9492026392760877
555.0231955741262,8,0.9510441091193867
555.0593955760116,8,0.9332166734664269
555.142128913654,6,0.9994058353767842
150.51647450606677,2,0.7811648585450179
556.182228967826,3,0.9999082374012391
376.9664863003388,4,0.982223025204379
556.2651623054787,6,0.7159634126629604
49.82743592851242,1,0.9785183376421492
549.7758953008293,4,0.5507743958109049
557.3190290270343,11,0.5402979675139267
557.6161957091783,8,0.9806360339817932
558.5879290931227,9,0.9466410650049967
558.6919624318746,11,0.9994420647635932
152.5643079460581,11,0.9291474789103118
473.2532913152768,9,0.9999999897789706
558.7295624338328,1,0.3946799901968257
559.2964624633589,8,0.9997853774825884
559.7117624849891,12,0.9985632205140882
153.3806746552439,6,0.6996159711951322
559.7944291559613,6,0.9535510040159298
559.8283958243971,1,0.40511427285064144
559.8410624917235,6,0.9910552220024952
559.8654958263294,6,0.9730857534393925
154.221208032355,1,0.9987830941505705
154.94347473663973,11,0.5006255078527619
186.99694307275797,9,0.8927227454596653
560.0537291694666,6,0.9803396513099505
53.48543611903328,11,0.8690339139859874
155.70100810942793,6,0.953049405815089
561.2145292299249,11,0.3379091852925677
561.367195904543,2,0.9988674602188508
561.3906625724319,11,0.987979958078882
54.36143616465828,5,0.999991575975455
562.0089292712998,11,0.40278172093798587
562.0188959384857,5,0.9999953544873295
562.0656959409232,5,0.9998414703241292
562.1839959470847,8,0.9998136970477941
55.11913620412182,0,0.9140175190981755
157.3702415297005,8,0.9863643464469027
157.18140818653208,8,0.992669151592396
157.311441526638,12,0.8774576600126226
157.6782082124071,1,0.4544743342604647
56.729002954635725,8,0.9973040415667186
158.12804156916926,1,0.7677192745495984
157.13387485072306,11,0.9891080059353983
158.9094082765321,0,0.4006756806548323
564.1391960489179,4,0.6879987296302339
57.4631029928701,6,0.41805358053232067
565.3923294475187,4,0.8955306146881682
565.6054627919527,0,0.900040278559222
565.8552628049631,6,0.9962381646155531
566.2226961574336,1,0.8628449763508977
383.61735331340486,4,0.6999279854899929
561.7649959252617,11,0.5534800491478487
566.3760961654232,1,0.7193917990112189
566.3886961660794,4,0.9580776682184345
566.3981961665743,6,0.9974254571318167
59.46370309706803,1,0.9842395413223537
551.7062620680359,4,0.9319834583744766
161.34770840352692,1,0.9426255550527157
161.11104172453386,7,0.957804161013232
161.60884175046093,12,0.7815795968665347
161.95157510164498,12,0.9878060495411971
568.0794629208069,12,0.9973146167003247
162.12954177758073,11,0.7851328497823347
162.4611084615165,8,0.521877628713776
162.5083417973099,11,0.991623313481478
162.84000848125086,8,0.986791139696541
162.52037513126996,11,0.9940130473349711
163.3484751744002,8,0.9992176343595055
163.95257520586372,9,0.9628504097312094
569.0395629708121,6,0.9924719039265923
569.0501629713642,8,0.8392963053384395
570.1404963614857,8,0.9989072733342788
164.9588752582752,1,0.823073113052445
164.00017520834288,2,0.9970240211017893
164.2956085570634,6,0.9979352603514182
164.84044191877345,9,0.721947445606903
571.0979630780205,1,0.6672148790283797
571.3948297601489,1,0.5404175673066863
571.4184297613781,1,0.8900543927808479
571.4550630966194,4,0.7562508851537689
571.7263297774145,7,0.7361319146357077
572.2358631372861,2,0.9970941179400175
166.2605753260721,4,0.8623363005418596
166.87630869147486,1,0.5261543505723846
572.2487298046228,4,0.9609816322595128
572.4502964817877,11,0.39945980019107424
573.0531631798538,11,0.9881313119660876
573.158363185333,8,0.9588581931378886
532.8527610860828,9,0.9999994483307647
573.2062298544927,8,0.9160402411259226
573.2066631878486,9,0.681840033865105
574.331029913076,11,0.4543046573814205
168.01294208400785,1,0.555779583020085
574.5202965896003,1,0.8626395421439046
574.5214632563277,6,0.9273601389052686
16.73710087172405,12,0.991097229449773
575.397129968602,6,0.9941330785118448
169.1495088098707,6,0.9524745154687629
169.540375496895,1,0.9292398579624356
446.6141232611535,4,0.9084091741911746
575.7640633210465,6,0.9997996484893431
576.9113967141368,6,0.9977788556375223
170.60520888568843,4,0.4526972858305166
170.92480890233426,6,0.9967533335131915
577.0999967239597,4,0.9431455595080432
577.291196733918,1,0.9858148747279378
577.3513300703833,4,0.9938955234242831
171.20900891713634,1,0.9107314333416635
171.36290892515197,7,0.9676638141863848
171.6352756060044,8,0.9993279507195074
19.850567700550453,4,0.8905322050641415
19.45990101353656,2,0.970913769038876
172.61767565717108,4,0.9180819916483857
314.7293163921527,2,0.9971755739002457
578.0003967708556,4,0.8591586046376235
578.0244301054406,4,0.9839415864094017
578.2019634480205,2,0.9771334481578462
173.28114235839328,2,0.5334845098137196
173.42310903245405,12,0.8745624709003649
173.47064236826307,4,0.9953014244921042
574.5463299242896,7,0.9916313155497508
579.1979968332305,2,0.9959080371819814
174.0265757305513,7,0.6932176896474788
174.0620090657301,7,0.5893171733751913
174.73694243421622,0,0.9996962537847154
580.1330635485986,12,0.6793875388545486
580.1916635516507,1,0.8183099159372504
175.52997580885338,12,0.927999721105385
175.7786758218065,7,0.9966597350197366
581.1977636040517,1,0.8254104709731236
581.3049969429701,4,0.5022503524117675
581.4567969508764,7,0.977968092824837
176.3235758501867,0,0.9464916609464412
176.59590919770406,7,0.9134423711204275
176.61950919893323,7,0.8822629765536407
176.67827586866068,12,0.7603249195634665
176.95057588284297,7,0.9938394227091255
177.17567589456692,4,0.9878223734737429
177.18767589519192,7,0.8008253885459247
446.9642232793878,7,0.4225866237534404
583.1519303724979,7,0.9962791909720599
583.6705637328434,3,0.9393276004297912
178.2766426185756,1,0.8999608014498424
178.58410930125618,7,0.9815140567283156
522.2906938693084,7,0.6037397303435521
584.2410637625569,2,0.9017754842630212
584.3594971020586,4,0.9797981807873533
179.02267599076484,0,0.9963070476370554
179.35407600802526,1,0.5060252170042023
585.0916971401941,1,0.6595599809911322
585.1148304747323,1,0.9939859574070729
585.2445971481577,7,0.5957158944400907
180.86897608692632,7,0.9739449415366803
180.9994427603881,4,0.9035137806043061
586.1099971932306,7,0.9979812925933351
586.2036971981108,0,0.9996900046654857
555.3755289258103,1,0.9630024474029159
181.72127613131696,7,0.8882265359535237
181.76844280044023,4,0.6745479304183094
587.1410305802635,7,0.8090911910361133
587.2822305876177,7,0.51150598129851
587.2937972548868,4,0.6872230698066968
182.1004761510669,4,0.9767854944978557
182.5263095065791,0,0.9275287619765995
182.65630951334995,2,0.990232098347889
474.3206913708706,1,0.6882919377251702
588.3002639739736,2,0.9003688937414573
183.31957621456172,4,0.9834247764692833
183.43784288738811,0,0.9944622610500038
183.47380955592809,2,0.9900298962322985
183.81660957378224,2,0.9084306192882341
589.0451973461056,2,0.6775256641878026
184.4800096083343,8,0.8606689624172288
184.75234295585167,7,0.4256083212781057
184.7871429576642,7,0.9944315917228144
590.0883307337688,12,0.6978840843828011
590.2404307416907,2,0.9963504361208656
185.92384301686727,4,0.9429911146842772
591.034030783024,1,0.7740750228837332
591.0701974515744,2,0.6989425801602855
591.1516641224841,2,0.9391733677487522
591.2347641268123,10,0.5505512695877339
186.0303430224142,7,0.9764011246267712
186.21987636561903,7,0.9974579540138624
186.51584304770063,2,0.9709360122094798
186.55140971621972,10,0.999760640413248
186.64590972114163,1,0.78523222114737
186.7174763915357,4,0.9905293853195829
187.15504308099236,1,0.6634459532743557
187.24984308592985,7,0.9824861817439103
187.6406097729489,7,0.9913864352038001
312.97784963426386,9,1.0
188.102409797001,4,0.9975488531111659
188.96670984201663,2,0.9208656798569728
587.554030601774,2,0.8979207906846053
587.68413060855,2,0.6190204863125045
594.1368309446282,2,0.8297833983765198
595.023764324156,2,0.851182242067939
595.0486643254528,3,0.9047450522512734
595.0959976612514,3,0.9533833382070381
516.4764935664854,2,0.6499207495775754
595.1061976617827,4,0.5726403313213981
190.24450990856877,2,0.93794323884746
596.0289310431751,10,0.5346207209530905
596.0658977117671,2,0.738609118989684
596.0779977123973,10,0.520661000972958
596.4096643963383,3,0.999802316498689
597.0596977635275,2,0.944484301235758
597.2491311067272,10,0.7405572426013665
597.5695644567497,2,0.8481788445746377
597.6034644585154,10,0.6461512225998737
597.7244311314823,10,0.9963962131750085
598.2097978234285,3,0.9938913990763484
192.49414335907048,5,0.9999971914797573
192.9555767164368,9,0.9478668983199492
598.219097823913,4,0.7299514828710835
598.3749978320327,1,0.8343061786851702
599.2730312121387,1,0.5335924666411287
193.086243389909,7,0.5038464044653045
599.8178979071838,1,0.8365990804577844
600.1143645892914,2,0.9988623843755118
384.4319533558319,2,0.7613411144780141
600.1264979232567,1,0.5780184877403395
194.76727681079615,7,0.988691677614129
600.1377645905102,2,0.8994422132492716
600.1746979257671,3,0.9999845632962268
600.5155979435224,2,0.7252470896711649
195.4538768465566,1,0.9218159935603955
195.53617685084308,0,0.48521351659065937
195.86801020145936,0,0.9893503918764794
603.15689808109,5,0.9999858333865222
603.1810314156803,7,0.9971653391936454
603.3121647558435,6,0.8485887217830119
603.5126314329511,2,0.9770752704430965
603.6295647723748,2,0.9880585609870455
603.8440647835466,2,0.9428537100417832
197.31237694335348,2,0.5385654378693385
197.8210769698483,2,0.8016055514546776
604.2922981402255,3,0.9999052980245395
604.2947981403556,4,0.9835527518166546
604.3992314791283,10,0.99709906229616
198.5436770074837,2,0.874382599307088
198.7213103500688,0,0.955655899487128
589.9571973936056,7,0.9757065631779888
604.4960314841699,3,0.9980472218780316
605.5826315407637,7,0.9968350413572343
199.28927704631704,0,0.9958181402297334
551.5463620597078,4,0.6426857665248683
579.1760301654198,1,0.6243976859681464
605.5950648747446,7,0.997329005117375
606.4114649172654,1,0.8918851076877837
200.8043771252285,7,0.9976257413696084
274.33901428849106,1,0.9888430126937
606.4364649185675,4,0.9451022982692006
606.5786649259737,12,0.4707208231859596
607.0629316178627,4,0.9938493276782996
201.7275438399768,7,0.9878830679039544
201.8227438449351,0,0.9973600052637518
607.9881983327202,4,0.955272345090513
608.0118316672845,1,0.4265741064699835
608.1751650091248,7,0.8411210133712237
202.0711438578726,4,0.7712318976353661
202.17777719675976,5,0.9984395560531764
310.90908285984887,5,0.9999855254402895
608.1766316758678,2,0.9561682244381895
561.4360292414614,0,0.9989435135840291
609.2765317331543,1,0.9584863256623957
609.2905317338834,7,0.9974286841108921
609.311398401637,0,0.5757258089042274
1.237300064442715,4,0.9944411583723024
609.4556650758175,2,0.9992436978036195
204.05971062811048,4,0.7257273045135405
204.33194397562264,7,0.9841366984745755
580.5373302363208,1,0.9272217316874803
280.6122812818904,7,0.9988841736599625
610.2245984491994,4,0.9874129581298663
205.1372773509004,4,0.6554684530032205
205.24351068976677,7,0.9275264816841269
205.68151071257924,10,0.675961698100245
611.2434985022671,2,0.8841667023912582
611.3377651738435,7,0.9729124476227357
612.3206985583713,2,0.8251923257552444
612.4864652336717,4,0.9469083488358807
612.6406652417029,2,0.9329714251483752
612.7566652477446,7,0.9978135440721084
321.9504501015868,4,0.9926694483696441
207.93117749641604,2,0.9452072488105173
550.9513286953832,4,0.9227854042491966
613.0777652644686,2,0.964937833924391
613.1245652669061,1,0.9485595866092171
474.5577580498845,2,0.9801892742688382
208.0374775019525,4,0.8115885912233763
208.45167752352543,2,0.9593356074795534
591.875930826873,10,0.815458400222234
614.0726319829512,2,0.6611401065076254
614.1194986520588,4,0.9243904430508965
615.5267653920207,4,0.8895373463087639
615.7162654018905,4,0.9242349775510947
615.7767987383766,4,0.9409371627457331
615.9169320790086,4,0.8219681326110139
616.119698756236,4,0.8767764908343864
616.1801987593869,4,0.9967525327153136
616.2866987649338,1,0.6429720336898324
616.7236987876943,4,0.8564700837776754
383.9286199962833,2,0.8260536962641064
561.6743292538728,7,0.9879317060719958
211.70697769307236,4,0.8980300783552809
617.0904654734634,4,0.9383176715043615
617.1504654765884,4,0.8651353097206851
617.2085988129495,4,0.9487776480452533
617.6717988370744,2,0.6371443727276982
212.86757775352024,4,0.9807288421448425
474.5516580495668,7,0.8761884692713372
618.4057655419685,9,0.9999999419671343
307.8079493649982,2,0.890464361485428
619.3630989251631,4,0.9482251869561292
619.4471655962082,0,0.5187711660477147
619.505165599229,2,0.8332040434448604
619.5523989350224,4,0.9462700308998204
619.802298948038,4,0.9096454226475544
621.2818656917655,4,0.5930440349141288
621.340165694802,7,0.7597327487996479
521.6836938376938,4,0.4419776407752643
621.4219656990624,4,0.3897633776857215
621.5994990416423,2,0.7258354067740258
215.27094454536223,4,0.9130762604567422
215.9217445792581,7,0.971773536826203
621.7910990516214,4,0.9667390471778166
621.8012323854825,7,0.9998005355662333
622.3811990823558,4,0.955157059053242
216.0400445854196,2,0.9301719949489355
216.05194458603933,4,0.982622429278669
216.48997794218693,7,0.785940022910603
216.5607112792043,7,0.9993532253419835
613.2362319393887,4,0.979116587293577
173.62687570973358,2,0.9755028523131125
217.2951779841244,7,0.7600583623796761
217.3779113217668,4,0.9583821380951643
217.6500780026088,1,0.9867206511605334
313.9860163534392,1,0.7196418162432828
613.5567319560814,7,0.986728206657838
532.4415943980011,4,0.9943377010300952
532.6065944065949,2,0.9942573411909332
624.1111325057898,2,0.9581081073644703
624.3231325168315,2,0.981524798969149
219.63864477284667,4,0.8344371277001689
219.69784477593,12,0.8715830557931574
593.5034975783087,2,0.9631930269872329
16.154234174699738,2,0.9131964529807942
625.0581992217828,4,0.8012099575271833
626.1826992803506,4,0.8371502163474211
626.2993659530937,4,0.7562637043261664
446.8069232711951,2,0.9730866215973301
626.3845992908662,2,0.9989007605262378
502.9380928613604,7,0.5308664562395049
221.08274484806023,0,0.9879073033484426
221.2722781912651,4,0.9926863661291815
627.1407326635815,2,0.9438737306780889
627.2130660006821,2,0.8562447422588054
627.3294660067447,4,0.9016635208041299
543.9113616620515,11,0.35787962659730105
628.182066051151,1,0.9952017969948668
628.2787327228523,7,0.9952551943722789
19.374134342402883,4,0.928029835395289
628.797932749894,1,0.9721935968424056
223.55731164361055,7,0.9987188865748565
223.7226783188901,4,0.9883829973605299
223.73451165283976,5,0.9999959869520244
472.7491912890216,4,0.7522204652452953
533.4115277818519,1,0.8069271952800615
630.3375328300815,7,0.9954591915105893
224.397511687371,1,0.9899784675208376
630.456832836295,5,0.9999897795523409
21.04330109600532,4,0.7423671531977243
630.5515995078974,2,0.999525750838554
631.058199534283,2,0.9997815119078367
225.0491117213085,3,0.9933188548860642
225.10841172439703,2,0.7704312908932581
22.06143448236644,2,0.8999909637430887
22.381001165677205,7,0.9864877422297983
632.0169662508854,4,0.791124668194139
226.1028117761887,2,0.9902244798071271
226.23297844963489,2,0.7306383315713818
226.29184511936757,3,0.7053232326178478
226.3631784564161,2,0.8769021322248933
226.87174514957067,4,0.9666895556804365
226.97867848847343,2,0.6818791223957098
227.1796784989422,2,0.553850993959347
227.80701186494915,4,0.9892339137500197
633.3434663199739,2,0.900287545028861
634.088933025467,4,0.9779945161853328
228.3396452260238,4,0.9040396799088545
634.2431663668333,2,0.9461506527607407
634.2566997008714,2,0.9763732710130267
634.5885663848228,2,0.8040992484624868
635.5710664359947,4,0.6511486760462456
229.2395452728936,4,0.8282068140675131
229.2989452759873,2,0.5358687510109239
26.477034712345628,10,0.5353855853039224
229.83161197039703,10,0.42493036578660975
585.3309638193226,1,0.9957902878570859
636.6005331562794,10,0.6434337484124395
636.825933168019,4,0.9341184161261535
636.8955665049791,2,0.8391698718427665
636.9075998389392,10,0.9789434083762565
637.1571998519391,10,0.9751987415922374
231.9625787480516,10,0.8373119049513026
637.1785665197187,4,0.9748288967546557
637.2625331907586,4,0.9733147073805767
637.4638998679131,4,0.9234775203824112
638.103166567875,4,0.7463942093293636
232.7788121238971,1,0.9294946969402785
638.149266570276,2,0.9581480123456615
638.2564999091944,4,0.9532470044931725
638.2910999109965,2,0.7350211218032874
639.3115332974774,7,0.9978697269593793
233.08657880659328,2,0.9285632295732164
233.1108454745238,10,0.7939615359270952
233.14607880969223,2,0.8412798446900452
233.21701214672,4,0.8990983974339685
233.4417454917582,2,0.9300039574555826
233.46607882635888,2,0.8288029657170918
233.4894121609075,1,0.9475483117563214
233.75007884115053,4,0.879364595080684
233.9751121862044,10,0.8146277488459931
234.045978856562,10,0.9964699922121599
234.05791219051687,2,0.7472997859142841
234.18797886395785,2,0.8637661087157111
234.2708455349405,1,0.9829656258296694
32.08823500459566,2,0.9508945968288285
234.578778884312,10,0.5731151016862468
235.30064558857592,1,0.9966533234383935
236.2476789712339,1,0.9933858837763526
236.25934563850825,7,0.8147842842010902
236.73291232983985,1,0.8678485561531721
236.9699123421836,7,0.9871773898581062
237.0526123464909,12,0.4451885002944718
237.1589790186975,1,0.7564854619783012
237.3128790267131,1,0.934014358300049
237.5377457050916,1,0.5767436437376748
237.6330457100551,5,0.9998000230443181
238.0473457316332,2,0.9725382457505096
238.5321790902183,10,0.9999292747777068
239.59794581239365,2,0.9612075078623197
239.83434582470616,2,0.5092882188629024
240.74611253886067,0,0.9971821699152945
240.76951254007943,2,0.9733557926291211
37.71136863080055,7,0.9992923753563485
241.55101258078253,2,0.9430248358928417
241.75217925792663,0,0.9994302843095527
241.84707926286936,1,0.7762705347121113
242.58104596776343,7,0.9856662338466966
554.9676289045655,7,0.9872753817821742
243.20874600045616,2,0.5500562960050641
243.42191267822523,2,0.9517785753624803
243.48071268128777,10,0.5191754508042394
243.63497935598917,4,0.9586183054013492
243.7060460263572,11,0.8344941181087032
244.58201273864717,7,0.9969790874315824
244.60567940654644,2,0.9564721334421596
244.6175460738312,2,0.9552940438348123
364.6638189929082,2,0.537900359393763
415.7539883205213,3,0.9913029530608215
245.25631277376692,10,0.9998159113828696
568.4797629416558,4,0.9896539195588139
43.70146894278496,1,0.9551496006218274
247.37537955080168,4,0.8918788534938379
44.684035660626975,0,0.9957755139597088
248.0977462550916,2,0.8185983096060673
248.64227961678608,0,0.9876345224258924
248.6773796186142,7,0.9740568477954004
304.95871588326725,9,0.9999994016323597
249.8141130111524,2,0.8169692258839034
250.0512463568364,2,0.8405841665996796
250.3705130401316,3,0.9984196072556119
250.61881305306383,11,0.9998557036274588
47.22916912651935,12,0.518663759451081
250.8439130647878,8,0.36320087460243944
251.17581308207423,2,0.7910705330941991
579.8056635315465,3,0.9753256875414835
320.27211668084027,10,0.5873548603784806
253.17647985294232,10,0.9749609949958865
253.51967987081733,3,0.5021020116653331
253.57847987387984,3,0.7722629078880231
50.82806931396208,10,0.9963040490559258
253.8865798899267,4,0.8530030461090851
254.11117990162464,7,0.999240008317312
417.6716550870665,3,0.991703397885417
255.1890132910951,2,0.849528841008665
52.71023607865827,3,0.6651698037012653
540.1831281345394,2,0.6851660396925646
581.995163645583,3,0.9995094425625204
632.6728329517117,2,0.8243443842617002
58.9726030714899,10,0.8375193221675912
568.5273962774701,0,0.9837928302030493
277.774814467439,11,0.9998657984229662
63.95633666439271,11,0.9997563090763154
613.5485652889894,11,0.8745256554944418
64.13400334031284,6,0.9812500981280162
64.15773667488229,7,0.9674757330681376
64.25233667980937,10,0.9550148222478221
64.52483669400208,10,0.9998597598139675
64.7851033742243,10,0.7475022484720534
532.1372610488171,2,0.9948574546902391
532.3614943938293,8,0.9992318865963681
522.8358605643691,6,0.9989598860442521
67.42507017838925,6,0.9996370239621869
67.55520351850036,6,0.9817588396821472
563.7847960304596,6,0.9173681924953855
68.75090358077641,6,0.999589979845422
635.6655664409166,1,0.9816189780237454
570.7752630612131,7,0.8589183874970913
69.21250360481808,8,0.9397358190570269
69.42557028258197,1,0.5234984830059333
417.8859217648929,9,0.9987148288015423
584.743163788708,8,0.9993266282064642
23.13576787165464,1,0.7316245676517255
74.52790388166186,6,0.9986260168309399
533.8307611370202,2,0.9658545060387296
75.61677060504034,9,0.9093879119147382
473.8526913464956,1,0.9511038962161229
25.36133465423625,1,0.8393560762971852
76.68237066054034,4,0.9844123172187659
26.249234700481043,4,0.9811461398406927
585.3809971552619,12,0.6644345103206548
27.539601434354317,8,0.9985630890650862
27.835501449765776,4,0.9801262340241887
27.00690140660952,11,0.9998801475267294
78.73040410054209,8,0.9940296744717897
545.8303617619995,0,0.9671357958611264
30.499134921830024,6,0.9964036173769584
133.91374030800768,6,0.9923473599272098
637.5383998717933,4,0.9808742148624694
82.2583042842869,2,0.8907499896529162
82.37650429044315,4,0.9694126160454423
82.66057097190496,2,0.5934942660933549
627.726099360736,8,0.9981078899666667
85.66767112852476,9,0.6623456219951832
85.99903781245011,12,0.7209069527827591
567.2752962122565,8,0.9998540256663713
90.10667135972272,6,0.9937816462341986
90.1422380282418,7,0.8209538054152352
90.28453803565326,11,0.9654356948835927
90.39100470786506,4,0.9282021482869397
90.93530473621404,11,0.9998021795293324
91.20760475039631,11,0.9934493107134386
91.2313047516307,6,0.6585226151912289
91.26703808682514,8,0.5162569794545301
91.30227142199357,7,0.8668027948726161
91.47987143124357,4,0.6289490454730402
92.5335381527887,11,0.6026646785603808
91.64560477320885,4,0.9598202414769843
517.4057602815514,0,0.9788439027719102
568.7444962887773,12,0.9981436072417991
94.71177159957168,6,0.9974864104226508
95.06690495140155,8,0.9995165597180227
548.6143285736644,8,0.9970341066742138
548.6375952415428,1,0.876264036117699
631.3562328831388,4,0.9531701416469419
99.51820518324013,6,0.9957583836868584
99.84970520050574,6,0.999844521639024
101.16357193560296,11,0.9233207200576572
102.69080534847971,11,0.9989041250554636
102.84447202314986,1,0.812844057403138
631.8470329087013,4,0.8914535384754315
104.51377211009256,2,0.920912647915397
104.54913877860126,10,0.8952478850374982
611.5624318522116,4,0.8638586446204624
611.6925318589876,0,0.9992536315921883
591.8468974920274,8,0.9995975091000463
108.92930567340164,12,0.9912301324887945
109.61593904249712,12,0.9465476026591092
533.2913277755914,8,0.9940529622358685
612.9596985916526,11,0.9980615325573312
110.49190575478706,12,0.8434419551716199
579.9903635411663,11,0.9854203955958281
302.9261824440728,6,0.9993218639954898
112.19670584357873,1,0.9873702552468759
112.267872513952,4,0.9704391208423925
562.8870626503693,6,0.9956489320214876
114.45763929466902,7,0.911509483211708
613.195565270604,4,0.5196273114828283
115.8901393692784,0,0.8041094999406169
613.4197986156162,1,0.9878434755242591
613.9296319755033,0,0.9842449623761504
116.35200606000062,0,0.7664049464295508
117.93803947593987,4,0.981997128045596
117.03830609574544,6,0.9924328965839617
522.6616272219611,1,0.5797323713022273
522.6732605559004,4,0.8971993525948802
118.600972843801,6,0.9786948314695358
118.08033948335132,7,0.9960529571440775
446.58748992643297,11,0.9967790623674789
119.80867290670204,6,0.9943119839815144
614.3082986618922,11,0.9887536550470697
120.3650729356812,1,0.6363394326243701
19.439434345803924,2,0.9956346909692461
121.92750635039128,7,0.9804120864964517
122.72063972503364,7,0.9631498760656035
22.64760117956262,2,0.9898398912908974
127.27853996242428,2,0.9461412552258122
127.98853999940349,3,0.9999449976931282
524.5792939885063,2,0.9065114802817761
514.9224934855479,3,0.9998604095324715
545.7047950887928,0,0.9950431906573945
586.5807305510813,7,0.6656594699246684
31.277501629036628,1,0.8817601077331085
31.774701654932464,1,0.9418417106945599
606.5611982583973,2,0.9968976915008396
567.5156962247773,1,0.9232278558932211
38.38040199897937,2,0.834516679826392
39.43400205385438,10,0.923452528777594
41.75420217469814,10,0.9999929377963329
42.6184688863787,2,0.7562671821352916
273.613214250689,7,0.6160898852255619
609.9189984332828,4,0.9059952300081872
579.7850301971386,1,0.9616225513131317
45.3175023602867,4,0.8559382321135569
279.98061458232445,4,0.9736906307256553
48.47833585824679,2,0.9790715332293471
591.2311974599597,2,0.9090138135426452
49.66206925323291,1,0.505687010289266
548.9439619241662,1,0.7195000076105758
51.24833600251764,2,0.9041843917761457
407.5235878918546,3,0.9996292083614995
560.9844958846106,10,0.9748916186184461
55.06030286772425,10,0.86440934494375
591.6345641476352,10,0.9992555186917186
418.3523551225196,7,0.9769515815664739
561.4223959074179,5,0.999522626654073
592.4987308593105,5,0.9999728951540371
464.4940241923984,1,0.852169715733757
582.8789636916142,12,0.8037169331444771
63.47720330610451,7,0.9389680215301942
634.0798996916632,7,0.8720319197872466
542.450428252628,0,0.9976718664024947
532.3451610596452,1,0.8963980289098112
522.1901605307389,5,0.9999977308951054
18.65523430496017,1,0.9863360620795
19.495734348736217,2,0.9154144882148432
418.4227551261863,7,0.971700553331333
579.2069635003642,5,0.999999333375266
364.7271189962051,2,0.9993313140739918
26.906401401375145,2,0.9826119720572909
27.936301455015776,1,0.9082169371903867
578.8649301492167,7,0.8866510447437955
474.2848247023359,7,0.9888957718401793
614.4869986711994,12,0.5553690964077362
627.9826660407655,11,0.9996831245781189
271.9602808312653,11,0.7995744631024279
629.8738994726006,5,0.9999991231368178
465.8348909289018,5,0.9999583787781958
568.5588962791107,7,0.9541019792308159
314.8607163989965,5,0.9998932788055707
569.589129666102,1,0.9868027007631817
447.4795899728965,4,0.9752463595493593
590.5379974238556,5,0.9998575483599071
1.7334000902812594,0,0.7414308064979844
6.430533668256979,2,0.9982120451724898
6.918867027024342,11,0.8087583811587491
8.306867099316017,0,0.9997646895042973
9.33123381933512,2,0.9972390634739411
6.230033657814269,2,0.9646813889194746
6.136433652939269,4,0.7722866288021554
12.628167324383748,5,0.9999963301437711
15.389400801531332,6,0.6189273216165642
15.586934145152862,5,0.9999939512143403
574.7834299366385,4,0.9599571522476541
551.495095390371,2,0.615951532488101
633.9588330186909,9,0.8991298607201216
521.9450605179733,0,0.9787817014267348
572.7020298282323,1,0.5635281648175183
611.5954985206005,1,0.6377296136119204
418.6418218042627,5,0.9997930801729836
532.9537277580081,4,0.9466096917369676
593.8518642631195,5,0.9999949945617675
522.5479605493744,0,0.9996179150606619
624.8932992131944,4,0.9579776052447658
19.6231676887067,1,0.9370658204318476
19.78890103067198,5,0.999988885317131
20.061101044849067,5,0.9999950823735569
523.0704939099229,7,0.6054474591352876
25.15153464330916,2,0.9343565901949691
636.9786665093072,3,0.9592777593018502
27.081134743809173,10,0.9994789366483247
555.4954289320551,3,0.8430014838798158
586.916597235241,3,0.40782219810239667
34.84696848161303,2,0.8619845842257805
358.5683520087693,2,0.9666853128454815
638.624499928361,7,0.9915565039670731
36.5161019018804,1,0.9447595450743694
37.486735285767566,2,0.9848456663629381
37.68800196291687,12,0.8353636234029516
38.30356866164431,2,0.9686694245491019
38.55226867459743,7,0.999495045068602
39.27430204553667,7,0.9575079365097846
41.94976885155057,2,0.9225859219387337
43.53610226750544,10,0.5046164103606521
45.43010236615129,2,0.917317820388571
304.84034921043565,3,0.9974916651503446
46.57843575929365,2,0.9275440676508651
559.9939624996871,10,0.9949630569519985
50.721869308430826,4,0.8968074238460623
463.9335241632056,1,0.8557784688501326
580.363196893918,2,0.9774661512578724
580.7534969142462,8,0.9992649938641847
280.74488128879665,8,0.9463352512125561
54.2377028248805,1,0.5236081469425576
54.74670285139092,1,0.9421240942225512
321.84611676281946,2,0.9305728118172801
591.3347641320205,2,0.9241359557173455
56.0844029210628,8,0.9962545163608584
567.739196236418,4,0.8817355654542487
613.8835653064373,1,0.9552722539569681
60.263369805384,8,0.9978432529054599
573.6091632088121,9,0.576780213323007
61.743003215781584,1,0.8945293583654453
572.9191631728746,4,0.6226507556779116
62.796703270661794,6,0.4647095203814603
613.2630652741196,2,0.8795916582036422
64.84463671065834,2,0.9737850882086367
64.70277003660277,2,0.9886625067824407
64.97483671743959,10,0.9996104837562108
65.55490341431806,10,0.8985792462811993
66.4309701266132,8,0.9751052560320896
573.4173631988225,5,0.9931095686631088
67.83987019999341,4,0.529611782196639
67.2239701679153,1,0.9142836708375863
446.64335659600937,1,0.9763585673252039
68.50247023450385,0,0.9962876855576093
68.79873691660106,1,0.6684356973043122
70.94137036152989,7,0.5030414363669244
70.53867034055594,11,0.9511102285771841
584.6840304522948,5,0.9999967812073796
24.49756794258173,11,0.8895674268665396
585.3101971515744,5,0.9999958118238675
77.81937071975909,5,0.9999946598219847
28.19103480161647,1,0.9310844784726093
79.26353746164278,11,0.8950774750747496
29.635301543505367,5,0.9999904175467375
80.68407086896224,1,0.9855497375749441
545.6992950885065,5,0.9999908161113581
81.8323042620994,1,0.4638778962853865
637.8092665525677,0,0.9460390314938455
31.848968325467187,9,0.771276452628624
82.09287094233724,9,0.5629407508054071
604.6852648273591,5,0.9999981388408781
83.20547100028517,1,0.9059999443237926
83.28837100460288,1,0.8096064541678435
83.33560434039629,5,0.9998164686257264
83.73820436136504,4,0.9291923221208455
614.495398671637,1,0.6824574363220248
85.20613777115324,4,0.5900108927085779
85.53750445507859,1,0.8280320804564001
85.54957112237372,6,0.29921126548684435
85.56120445631296,4,0.8797230449677009
639.3856666346718,11,0.9798190185542404
87.5147712247279,0,0.8884631281601876
87.62110456359943,1,0.8568942916446887
567.1569295394249,4,0.6079957127149949
88.36697126911332,1,0.9403062982224893
384.9392867155889,2,0.8499301729443821
90.91227140168104,4,0.90593349224226
90.99483807264808,1,0.9677033929330138
91.04237140845709,1,0.9225110633656375
91.2672047535005,4,0.6666461394951497
91.42100476151091,4,0.9442814837724334
91.52763810039806,1,0.8624690439880143
92.71143816205432,0,0.998104289451576
92.71140482871924,0,0.9880119799014854
94.85413827365328,7,0.9971804364997024
95.75383832051268,1,0.9962656041519224
472.7296246213359,1,0.9703391558789608
98.2636717845665,1,0.9269316606075427
447.5214233084087,7,0.7176094798003145
100.77340524861512,4,0.9440761170324601
473.3928246558775,0,0.9944443895414047
473.888891348381,6,0.9286686404547555
570.7785963947201,1,0.9520075292970465
103.9104720786707,2,0.8112517477165219
103.93400541322973,1,0.898668770866604
560.5072625264214,2,0.9741898644036256
105.34260548659432,2,0.9731198417276304
105.50863882857522,2,0.6739052280950658
311.9918162495746,2,0.9830560238330233
591.2419641271872,2,0.8933835712069973
591.656597482116,10,0.6203182358515036
276.6064144065848,11,0.9998034764014272
109.6637390449867,11,0.9978080102270476
560.6218291990551,8,0.6123724857074213
110.9894391140336,11,0.8294789301006854
560.6136625319631,2,0.9924545603331831
112.88377254603012,12,0.7153863332656466
114.6240059700006,2,0.8026573281285408
613.5753986237203,7,0.999717173957219
116.446739398268,7,0.9984685392363803
116.47057273284264,2,0.9394510805783847
116.5179727353114,2,0.9896747025679257
116.88497275442596,7,0.8792290449372466
415.9480883306307,3,0.9999769373891112
117.72547279820202,7,0.9927940555124827
117.10967276612912,12,0.8840054540636465
522.3539272059351,10,0.6259818413692905
573.5022632032444,7,0.9830573611325025
118.18710615557876,7,0.8493523271968482
118.61310617776628,7,0.9878707588014273
624.9943658851249,2,0.9446437166144666
119.83263957461696,7,0.9707925935401801
19.48720101495844,2,0.6779152372535506
121.25313964860136,7,0.9913249153900948
121.69110633807878,7,0.9986503475324271
472.81332462569526,2,0.8409035784630466
20.68280107722928,7,0.9993731845780729
20.067201045166776,2,0.9170222826393652
584.7456637888382,8,0.7216734481158026
523.2297272515497,8,0.9997460700779429
123.0999064114538,4,0.983854452996103
123.69170644227673,8,0.9995335292949259
124.4732398163149,8,0.9953591064848529
124.6625064928392,4,0.9454708395123914
125.13617318417602,8,0.9991722438489243
544.7560950393814,11,0.9154164247492831
595.5976976873817,8,0.9967586011149016
473.10949130778727,8,0.9977155297267485
473.51142466205465,8,0.9708641862950873
128.5928733642125,4,0.9863001642223462
128.54547336174377,1,0.8504914997171507
617.9149321830711,12,0.981187671112721
27.158301414494936,8,0.9969302382642737
27.608068104586955,12,0.9982765821779811
27.8922014527189,8,0.9998957806886383
565.668996128595,12,0.9786913338332337
130.94877348691563,11,0.65075904571632
130.40407345854584,7,0.9006198672445817
130.9370068196361,2,0.7990163097775501
131.5880735202125,8,0.9983564002586414
132.62924024110663,12,0.9948326781644512
31.57386831113906,8,0.9785201249409092
133.42307361578543,8,0.9996369617926911
133.28070694170384,12,0.9915178895948225
133.84914030464307,4,0.8567724409039702
134.50010700521426,8,0.9590366532147315
134.10944031820037,12,0.9989488797352752
134.4173736675719,8,0.9948491578124193
134.83150702247468,8,0.9971215753860974
33.83500176223976,12,0.9838079758051836
135.5180070582299,12,0.8977599793936919
135.03250703294344,8,0.9964396869355526
135.4474070545528,0,0.728319350405631
34.58080180108352,0,0.9665728490182194
136.73740712174032,7,0.9945145730278908
136.8912404630858,8,0.7886084276817357
137.4120404902108,12,0.9970861892468647
137.05680713837577,1,0.9923829208149256
137.12837380876982,1,0.7512900389154061
562.889795983845,4,0.9631972554836911
628.8656660867551,1,0.9060232735971491
37.56400195645853,8,0.6684138275692498
140.15870729993304,7,0.4181050081119176
140.75080733077158,8,0.9998357861451602
141.16497401900943,12,0.9969830346813944
142.11207406833756,9,0.8034423749348162
142.50224075532543,8,0.9998105905932171
143.39050746825598,8,0.9963965097849994
143.33147413184798,2,0.9699473839843047
143.91094082869523,8,0.9970813831799104
143.81647415710842,8,0.9993353742174816
144.4436741897751,8,0.9970788376073517
144.76364087310668,8,0.49963180306299765
144.4200075218758,8,0.9973984915934008
144.85844087804418,8,0.5338131824664027
43.48300226473982,8,0.9995960709580732
44.832469001691216,4,0.9589715597508596
146.24360761685494,12,0.5842792045972679
147.13100766307372,0,0.8712313295437148
148.9662744253272,1,0.9925185723324225
579.5630635189111,1,0.4149679283314502
149.995774478947,12,0.9976388295673747
149.19097443703032,8,0.9416724279041713
274.83394764760214,0,0.9988645269342279
150.38704116599212,8,0.9969865565438456
152.09177458811365,8,0.9666290066671065
152.16260792513623,7,0.9941731016748985
153.54730799725604,4,0.9244327660773233
153.40577465655116,8,0.9941590274239627
153.57104133182548,8,0.9878013065747469
153.476741326914,9,0.9669809805154205
631.9330995798506,8,0.9988648418253033
53.391569447477714,12,0.9807519281780019
155.53664143420048,12,0.997406123948788
155.92724145454423,8,0.9986534962238446
523.5872606035045,12,0.9939310331940843
614.2567653258749,7,0.5792051317906571
156.40067481253556,8,0.9997923432100383
156.2587081384748,1,0.953754197877716
156.67294149338278,1,0.6191188919541346
55.723536235601,7,0.9987730623954567
157.86864155565883,1,0.9804494155747925
157.63180820999042,1,0.6859502487710136
591.5405308094042,1,0.8419417140954613
158.63754159570573,4,0.8485174062463803
632.6195662822707,8,0.9998509901293511
159.32417496480122,8,0.9057290314288264
159.33634163210155,8,0.9964868620926787
159.70304165120052,4,0.9520956755490221
159.59687497900433,7,0.9991923995772825
58.88433640022601,9,0.8700550919965797
160.82774170977865,8,0.9955425110989184
160.4610083573446,9,0.46846812274411237
59.87876978535275,12,0.9904460142646926
161.4195084072665,12,0.9906016321294893
161.9883084368915,8,0.9905790098862547
162.10680844306336,7,0.9290924248854524
162.8168418133776,8,0.9869770564583332
162.52070846462067,12,0.9924202241930622
61.27570319144304,8,0.7607530654102982
163.9647418731641,12,0.8362146501469238
163.11264182878386,4,0.966288323817332
163.87050853492275,12,0.9898295359022032
163.0294751577856,8,0.9999028790323828
164.28444188981513,12,0.7451215239614415
623.2938324632221,2,0.9966295936429506
63.88010332708888,8,0.9974400551400756
562.8546626486818,12,0.9925187694861712
552.3209954333867,8,0.9973222473957476
166.3326419964922,12,0.9426229459577214
166.56967534217102,8,0.9929538678398713
166.7825420199245,9,0.5354273415500399
167.5993087291311,8,0.9985810644120692
167.77707540505645,12,0.861985908672709
167.78887540567104,4,0.9927495551205509
293.7584486332533,8,0.9960878918210192
169.06700880557383,12,0.7556498953715761
169.78907550984815,12,0.9767173921048447
169.93170885061028,12,0.8081169283474389
446.6386565957645,1,0.6808628859302834
170.40467554191065,1,0.9351913419472668
170.57087555056688,1,0.9914580843142758
170.58260888451133,4,0.7784787092087312
18.41883429264767,4,0.7433996331783127
171.10357557831168,2,0.9806483652372228
171.66004227396098,12,0.9983341197653701
172.2517423047787,8,0.9994745551046793
172.38207564490023,8,0.9981032242477411
172.5475089868499,8,0.9893139705795492
172.55940898746968,1,0.8622289362803672
172.70124232819018,4,0.5335390182077808
172.83207566833772,8,0.9984972137575958
172.91460900596968,1,0.9751205491596979
173.11577568311378,12,0.5457118256420485
173.87330905590198,7,0.6106469867151377
173.95637572689503,8,0.9976467810691401
173.9564090602301,12,0.8286598920028169
174.12217573553045,2,0.9891914002455507
174.15764240404434,2,0.9825697441503597
174.60784242749224,2,0.9288558592432516
584.9257637982184,2,0.9634824332599684
175.3180757978169,2,0.7111012220147659
176.5843091970999,2,0.9230371515613235
177.16417589396798,7,0.9991488952015731
177.53180924644886,7,0.9997437622396861
178.7984426457527,2,0.8387960116806906
636.7150998289131,2,0.9783788742623561
26.23203469958521,2,0.9407681414110891
26.27940136871889,4,0.9878750685457587
179.14170933029783,3,0.9999553678149123
179.42534267840375,3,0.9990552894373289
27.13173474644459,2,0.8650832168849739
27.36843475877272,3,0.9988081461369742
606.8445649398227,2,0.957105625351014
181.60370945852705,7,0.9944483133764518
181.97057614430133,10,0.6532833260780079
182.48017617084295,2,0.7477438675255048
182.58670950972493,7,0.9988592575912333
182.70484284921105,5,0.9995491606892394
306.94278265327074,9,0.9999999994127649
596.9402644239736,1,0.509470736101947
183.2134762090357,11,0.9979171430551947
183.36800955041764,9,0.49697026284711043
183.40347621893156,1,0.9684979256189999
183.4741428892788,4,0.9653797346043688
185.2261096471937,6,0.39600108272100104
185.27340964965725,11,0.9999092506608265
185.54604299719023,6,0.7893735164412476
185.86547634716072,6,0.9668198181457452
185.8774096811156,8,0.9992172146447723
186.09060969221972,6,0.9983350988007903
186.4453430440288,11,0.9736368353933851
186.48074304587252,9,0.8210915460344073
186.93084306931524,6,0.996931721447246
186.99004307239855,6,0.9974145931987796
187.0021430730288,5,0.9999848392014343
187.20344308351315,11,0.9982655303820871
187.28584308780484,11,0.9992647085912161
187.4282430952215,11,0.998858247674038
187.62947643903573,5,0.9999710308378799
536.036727918581,1,0.8663875798962651
587.9223306209562,4,0.5138010831564346
190.65980993019892,5,0.9999956364042638
190.9562432789715,5,0.9995986348792473
191.2399432937476,9,0.5550268753116842
191.4530766381816,6,0.9990839211441985
608.7378983717672,11,0.7905912757250892
192.0214100011156,6,0.9888426535232869
193.57244341523196,9,0.8674663558030739
193.6548434195236,11,0.995443252443908
527.9210608292233,11,0.9959140983233035
517.3619936126053,6,0.9998252178158115
195.40691017744376,6,0.9131818872371877
197.18301026994897,1,0.9751236010878788
197.75064363284656,6,0.986022625881622
198.08241031679276,6,0.9969552806198481
198.2363103248084,11,0.9887479658623035
198.4967103383709,11,0.7399757676044904
528.7830942074543,6,0.9802131291280872
199.4440103877094,9,0.8312250296772146
447.8943233278305,12,0.6318240711852396
200.5445437783622,6,0.982104722855746
201.25531048204795,6,0.9880600502005726
202.5096105473761,1,0.7895568792253175
203.96604395656533,6,0.9943405543555823
2.8462001482395984,7,0.3555839977162652
204.7470773305775,6,0.9973144622635326
205.3511106953709,7,0.7809179089716753
207.33947746559835,5,0.999999339504901
207.41121080266777,11,0.9198017872097982
208.4408108562928,6,0.9940008051906336
208.7487442056643,6,0.8844795235734174
209.0441775543848,1,0.5461494675883403
209.3284775691921,5,0.9579282838516101
209.73104425682575,6,0.9922516626071258
210.11024427657577,5,0.999989939404745
561.6861625878224,1,0.922251011924456
211.55431101845423,9,0.5690373922672501
211.6723110246001,11,0.9651723649542675
211.7437443616539,1,0.95652394990993
612.9286319233679,1,0.7437896354154643
212.2642777220984,9,0.6097147306075493
541.7209948813032,6,0.981926022780822
213.5427777886869,7,0.4686205136087235
213.76781113374076,6,0.5917772397291595
213.77944446768,6,0.9752013999622607
592.1352641737133,11,0.9561399525562557
214.2180778238588,6,0.999623470133922
614.178631988472,0,0.9414867674280103
215.04627786699425,1,0.5837408764006706
215.11754453737268,6,0.9993934096007667
215.12907787130672,6,0.981694060213448
562.2901292859457,11,0.5372401701093923
562.8697626494683,4,0.931111436904743
216.94051129898557,4,0.7240031648537174
605.7372648821508,9,0.9080201787787693
384.7697200400906,11,0.8489753094901641
217.10607797427548,11,0.8909011570501055
217.67414467052896,9,0.5917151866117498
217.89941134892825,5,0.9999986521391395
542.8326616058692,1,0.9578106907658401
218.68104472297165,1,0.8934543668726823
218.9765114050272,11,0.9931617730915632
610.8295984807099,4,0.43764484297326667
219.22534475132065,0,0.9999010996173906
219.40294476057065,6,0.9957065290840639
219.65124477350287,9,0.9999403357947461
219.7221781105307,11,0.9599860535238566
220.56271148764185,11,0.9414137299369031
220.78817816605152,6,0.9123215062421038
273.5111475787064,9,0.9889158022962182
533.5939944580219,6,0.9988759848761593
591.8354641580987,11,0.8071754988675872
222.4692782536088,6,0.9988741674549538
222.52774492332065,4,0.9201737524402811
223.4511116380793,6,0.814536221288789
594.4210309594303,6,0.9990542321597237
594.7531643100622,6,0.9928028859581125
584.7049971200535,6,0.9969833979417085
225.32167840217136,0,0.9749060345239641
225.61794508426857,11,0.4291545877404077
225.6653784200724,6,0.4170854396150847
225.94921176818872,1,0.9749284516856438
226.0085784379474,11,0.9833769938505439
226.05574510707063,5,0.9985165874891293
226.44627846074428,5,0.988454121415522
226.51767846446305,1,0.9942295990508175
226.52961179841787,5,0.9999779472278516
226.6240451366696,1,0.9114593526729589
226.6954118070533,1,0.6587513339815625
227.0736451600863,7,0.542322718567514
227.1922118329283,6,0.9997871971062564
227.299111838496,4,0.9586287413039032
227.45307851318177,4,0.9130247673447357
227.51167851623387,4,0.6977269857976404
227.58291185327727,11,0.987697098015743
227.712845193378,6,0.9995020746838574
0.4586000238854191,1,0.874927058891828
320.99355005174823,8,0.9958748347011138
26.856568065446325,9,0.9235453497241787
230.51881200618877,0,0.9475427010782196
626.3276992879026,6,0.9761627412769198
27.99303479130397,1,0.9186360615104028
626.9411659865208,6,0.9835318084097333
231.65491206536063,1,0.5561926093531447
231.95147874747343,8,0.9574761736259346
555.3083289223102,6,0.9964799656600442
555.5314956006002,11,0.7372736648872009
232.86251212825647,6,0.9998285744045744
233.04041213752208,7,0.6185813295379335
233.1583788103329,11,0.9801737137770203
234.37804554052383,6,0.855734913717057
234.52037888127035,1,0.9688168929827922
235.4198122614492,5,0.9999645174692876
235.94087895525476,9,0.9504935833117014
236.3314789755985,0,0.5534897064979455
236.4848789835881,6,0.981549616102302
236.56837898793705,9,0.9829018124760486
236.6036456564405,5,0.9968367894633647
236.62741232434504,5,0.9999196324234871
236.6393123249648,1,0.9131719330992533
237.3020456928155,5,0.9999712293616256
237.4676790347756,4,0.9989575637014564
237.7163790477287,12,0.838362876828951
237.77557905081204,11,0.969931995870137
237.82304571995093,11,0.945463107467089
237.9883790618954,11,0.4916536146707139
238.01197906312456,11,0.9926374430223358
239.58681247848045,7,0.9981698679791057
526.9884274473153,6,0.6842543219819401
36.12580188155228,6,0.9844379832988827
240.98364588456556,6,0.8212950244204945
240.98391255124608,6,0.9746617808975877
516.9391935905844,1,0.9761110130188132
241.1140458913572,6,0.9991314305269466
241.12584589197175,6,0.959997183193251
242.51097929744748,9,0.9784716480595832
313.82241634491834,1,0.9640172622693718
243.41027934428604,3,0.9993498558533285
243.7298126942617,1,0.9743998664323198
40.742635455345706,7,0.9910723188552907
244.32194605843532,8,0.9887910858555686
244.34561272633465,0,0.9984237460634245
244.60591273989195,6,0.9969821236907445
41.630435501585296,11,0.9516471802914542
244.67744607695096,11,0.8615721409981
244.92544608986765,6,0.9952604635542717
517.4024936147146,7,0.8139761159574019
42.97996890520683,11,0.9978732477915201
246.73697951755167,6,0.9854655729179872
246.9379128613503,6,0.9994424966687856
43.38256892617558,6,0.9942714636208398
247.44701288786592,8,0.9946299618467742
247.9092129119388,6,0.973126016056817
248.50061294274093,9,0.9618142686823398
248.98657963471837,1,0.9955410853761884
249.2703796494996,6,0.975263536624658
249.98071301982947,2,0.975172201760643
533.2437944397824,5,0.9999985796023763
250.03964635623225,4,0.9920215772750766
250.4305463765916,2,0.5879847692437137
250.91577973519756,2,0.9727562190921446
47.26553579508011,2,0.9905233453321294
569.3102963182461,2,0.7619583079500107
253.20064652086768,2,0.9697479541173918
50.35526928933707,2,0.9884152461757292
590.6113640943435,4,0.97919869047675
580.1379968821889,7,0.9808592613045303
580.7768635821299,2,0.8850016388066496
256.4210133552618,7,0.9983639215918735
256.74058003857255,10,0.999970399139294
53.9777361446739,7,0.9920133182254084
256.94111338235035,4,0.975461022265582
257.30788006811946,0,0.9970932426616504
257.5338134132201,7,0.9996145820624175
54.64050284585967,7,0.984156224071824
257.82878009524967,0,0.6760899547066072
257.84068009586946,7,0.9804510044088072
257.8773800977809,1,0.9838612624840107
257.91221343292847,7,0.640001566985366
258.4093134588191,4,0.9948647989142052
258.50364679706564,7,0.8466865721043494
258.5744801340882,1,0.9973512127735649
259.56891351921496,4,0.9828611101469
259.65268019024444,1,0.9867371921495013
56.32153626674683,1,0.9779404534893421
259.6766801914944,4,0.6441860480207412
259.8060135315639,4,0.9751431123530853
259.9482135389701,1,0.9774593342239971
259.96074687295624,1,0.990335590148252
57.76576967530066,9,0.44572246712665387
260.22018021980176,4,0.9638701818493028
260.55171357040246,5,0.9999730322484998
261.29728027590073,1,0.7322684462950975
261.9844469783573,12,0.8398844257089662
383.600153312509,0,0.85259721991234
561.6060625836506,0,0.9974492043406891
262.0789136499441,1,0.8916454213988055
262.137880319682,11,0.7060006567338614
59.54163643446039,5,0.9995620685381126
262.5652470086073,2,0.5249948566240435
60.37013647761144,1,0.8985210300179395
264.2921804318852,2,0.969665648774643
264.56518044610385,10,0.8582506696134606
265.1449804763018,0,0.9883583120869194
62.015769896654845,1,0.5590880912773649
266.4000472083365,4,0.8538843766671192
266.82578056384347,1,0.4794943810777265
63.99263666628333,1,0.9779409231717434
562.5389626322392,4,0.8423431345967616
267.7255139440379,10,0.9998864685364812
267.9980472915657,5,0.9999302091317303
64.04013666875728,2,0.5322232529938816
64.21770334467222,5,0.9948109681432233
64.51363669341875,5,0.9999293481394543
65.6381034186514,2,0.8875332260598066
65.2595367322677,7,0.987747147388269
65.11713672485105,1,0.9874164138104827
65.62637008470695,1,0.6573309360842862
269.382980697031,9,0.34633775277901596
593.0388642207757,4,0.6173001368181444
270.57938075934345,1,0.6940398694325727
67.27197017041529,0,0.9998716044861081
67.56777018582154,1,0.97259698354392
271.6090474796386,5,0.9996104120375902
271.6201808135518,5,0.999457448900132
17.004400885645925,5,0.9996384440913625
68.76343691476252,1,0.98082519315265
68.62143690736669,1,0.6124725463047863
68.47947023330592,6,0.6486316376030625
68.13603688208543,1,0.5370951185095877
271.9405808302393,4,0.8470830200489623
69.10680359931287,1,0.9905082654702964
69.2015702709153,4,0.9224121125794107
272.4014141875744,4,0.9867239236260783
272.4735141913296,1,0.866516862728897
19.147134330579963,4,0.9351509279778245
272.5320808610466,4,0.8850585225989307
272.9353808820518,1,0.6721999295189358
273.7273475899668,5,0.9999944298611133
273.76304759182614,1,0.9063150544718072
273.8341142621942,5,0.999998544775572
273.881047597972,1,0.8681579935111408
273.953080935057,1,0.9863923611755739
274.1770142800536,1,0.980568665242082
274.35581428936604,0,0.9982061729154508
274.3785809572185,1,0.983619370545891
274.43818096032265,0,0.999271355210575
274.4859809628122,1,0.981525578728057
275.1244143293973,4,0.9309405985463455
275.4437476793626,5,0.9968936527481812
275.66961435779314,5,0.9999163635918524
275.83448103304664,1,0.9791262797281607
276.36718106079144,7,0.3563380218572084
276.4985477343001,12,0.8654401804688148
276.5097144015484,0,0.6590595558527587
276.7587144145171,4,0.8907527201080379
276.829181084854,6,0.994119378230368
276.8294477515345,1,0.9935300402782543
277.24318110641644,4,0.9546269297735919
277.70528113048414,1,0.9602095459781861
277.79984780207616,2,0.9977590846558027
277.99028114532786,2,0.9982500574869708
278.73468118409875,2,0.9575337280791916
279.8243145741838,2,0.9868214197173458
279.9908812495258,10,0.5168480034808748
25.71720133943764,7,0.9990872160984847
25.82380134498972,2,0.9780218702148322
310.6399828458333,10,0.5302562398479167
280.1673145920484,2,0.9784798963969653
280.4637479408209,4,0.8497881977588962
280.58201461364735,7,0.9706673338028828
77.55910403953688,3,0.9998775185343167
280.60558128154145,7,0.8592984200398978
280.7127812871248,2,0.9792317651064885
280.7832479574616,10,0.5561993761951852
280.8303812932498,10,0.535733442947194
78.82583743884591,10,0.9254176074202018
280.9252812981925,4,0.9741529575005656
281.18614797844594,2,0.7056432419260469
281.2214146469494,0,0.567348538262103
281.39844798950327,7,0.9056173687816154
281.49398132781226,3,0.9971490382372484
281.6593480030918,4,0.9106228700747497
283.3522480912637,2,0.9900205801802026
283.8250814492238,2,0.7896730153233005
80.49507085911848,10,0.9703311571702654
80.86190421155773,1,0.8461766128508676
284.1927814683748,2,0.8757855185815405
284.2162148029286,2,0.9641823310171578
284.58284815535745,10,0.7092907255484833
81.40633757324697,1,0.5748800670864352
584.9863971347097,1,0.9354081568584874
285.1396815176925,1,0.9818056394031313
285.48274820222724,2,0.8287311811875134
285.6253815429894,7,0.9955597950528619
285.64884821087827,3,0.9810612723629943
285.87338155590606,7,0.6175336525270743
286.2643482429356,11,0.8477072582798009
286.27688157692165,1,0.9897936663107139
286.5255482565397,5,0.9999193017384631
286.58388159291127,7,0.9972468958335571
286.737814934262,2,0.9427951751902458
287.57808164469253,1,0.6487375139531175
287.7209816521352,2,0.8493665520316432
287.9338483298887,2,0.9942600032462917
627.786599363887,4,0.9680549070314893
288.2177483446752,1,0.9309436719490926
288.26521501381404,2,0.9979061370279224
288.3366816842029,1,0.9877199583333307
288.70288170327586,1,0.9578009189448577
288.7151483705814,2,0.9830081756444997
288.7270483712012,1,0.6861599543350835
288.7622817063696,7,0.9981577843908664
86.40223783345012,2,0.9644580439310425
288.90468171378626,1,0.9864514125975072
289.08134838965435,7,0.9929067421927967
289.08168172300503,2,0.5775413294058013
289.2360483977116,5,0.9999862740457937
87.76353790435117,2,0.939645603409512
289.4127484069148,1,0.9405271023933526
289.5907150828505,4,0.9952909377163295
291.0230151574495,2,0.9006212744030108
291.9823485407481,3,0.9954790237566756
88.09490458827652,2,0.8926034806594356
526.2324274079403,4,0.8818108084087994
292.3020818907342,2,0.9849154598715691
292.3486818931613,3,0.9925546921672841
292.5734152381995,2,0.7790224369474366
292.7513485808002,4,0.503580428059324
293.1891486036023,2,0.8586104000618613
293.2729819413019,3,0.6112739178751234
90.92437140231124,3,0.9976261396986859
90.94817140355084,10,0.9664426373562379
293.32048194377586,2,0.5793283569506463
293.3205152771109,0,0.9999710034190435
293.36751527955886,6,0.8746974024951046
91.57553810289284,0,0.9745737558446558
91.8004381146064,9,0.5127129061515794
293.3791819468332,6,0.9994637466435031
294.5387153405589,0,0.9983459064802557
294.5514486745554,6,0.9953075987375612
92.80667150034772,11,0.782778563361967
92.22663813680433,9,0.5339933573997869
92.77110483182862,9,0.9999471476378333
295.4980487238575,6,0.8263235577896159
295.5931820621457,6,0.9997594606334512
93.84837155460292,6,0.9941963546832683
296.2440820960467,0,0.9327188235118739
296.31568209977587,4,0.5377340701448129
296.4209487719252,0,0.5294575622916715
298.2096155317516,2,0.9584881786122365
298.2556822008176,0,0.9976435164556325
299.40468226066133,1,0.5086305280054305
300.6121489902169,0,0.9944239330699841
300.8493823359061,4,0.987681904370541
301.2981490259461,0,0.8256891556976097
301.7843157179339,4,0.9230393448425201
301.7966490519096,1,0.9889566855200731
301.997982395729,4,0.9700761838614518
447.9953899997611,4,0.6835746575310357
302.0804824000259,11,0.5425547240851497
302.32801574625165,1,0.5309905857197934
302.3292490796492,1,0.9752727613475056
302.5178490894721,3,0.948531918723178
302.72004910000334,2,0.9956969556525167
302.7674491024721,2,0.9976594094651072
302.9086824431613,4,0.6713511610077908
302.92034911043567,2,0.9859380361210669
303.2526491277429,7,0.9800977599413916
303.3355824653957,1,0.6412814230765982
303.7256158190433,4,0.932724595422444
304.2814491813263,2,0.9903428654378116
304.30508251589055,2,0.9526148392008252
304.8142825424114,2,0.8108786172450759
304.92161588133496,2,0.854097921300152
304.9684825504426,10,0.9628997563723938
305.2640492325034,10,0.7548380001623325
305.2764492331492,7,0.9789317802835036
305.69124925475336,2,0.870317303177927
306.1649826127603,2,0.9356996431211501
306.5311492984982,3,0.6118675643075416
306.6857159732152,4,0.8549284709543375
306.9220826521926,7,0.9952741956737735
306.96991598801725,2,0.8845256711676931
307.0040493231284,5,0.9998734894921335
307.2061493336544,1,0.9424723062929805
307.2653826700728,7,0.7591272788462584
104.17100542557348,1,0.8624961167317684
104.7749054570266,1,0.7572017114426901
104.83420546011514,8,0.7167585168471181
307.2766826706614,2,0.9595261169745882
307.33681600712663,2,0.756571353807691
105.57987216561862,10,0.9722670609198348
105.62737216809258,10,0.613697794301188
308.27128272246347,4,0.7941999268843404
308.72161607925165,1,0.9252329228653347
308.94668275764053,2,0.9760013767806519
309.1237827668645,2,0.8693952368181124
309.75124946621173,7,0.9978279910709394
309.8344828038801,2,0.8816313805222761
310.05824948220135,2,0.9680728851900686
310.082082816776,3,0.9978434643993619
310.118549485342,2,0.8419793524140103
310.1532161538142,2,0.8437403174366127
310.1775828217499,10,0.6873114676971239
310.2131828236041,10,0.7076100860514146
281.7183813394998,2,0.8015196949719045
310.3549161643194,1,0.8811230664734266
310.37901616557457,4,0.9519843666949572
311.4437162210277,1,0.6207176638494808
311.4565162216944,4,0.9865228363518576
312.9122496308472,0,0.9977395695828553
313.5034829949739,2,0.9947697862527076
313.50388299499474,7,0.9925586516131396
313.55184966415965,7,0.5406547611176091
313.64631633574646,1,0.7701859602086398
313.7650496752638,1,0.9776492997492158
313.7758163424913,5,0.999996808805311
313.8121163443819,6,0.6618875721377855
313.835216345585,4,0.9732242813889569
111.27390579551624,2,0.9887528067591912
111.54613914302838,1,0.9393918470379805
314.047816356658,2,0.9948951801457457
314.2845830356562,2,0.9469879007394936
314.28558303570827,2,0.9616821696609219
112.18553917633048,3,0.9988803972179868
112.54063919482526,7,0.9689326489848089
315.0302497411597,1,0.9951109736975245
315.0666497430555,1,0.9972356094930731
315.36258309180204,4,0.9658110159966794
315.8951831195416,1,0.5386443961340295
316.0612497948576,4,0.8496764357998579
316.16798313374994,1,0.9507535783306649
316.43931648121526,1,0.9886398809358711
316.440149814592,1,0.9698893853743021
316.47571648311106,0,0.916017102484854
316.56958315466665,0,0.996599981721547
317.96671656076734,2,0.9895881959217135
318.2627499095191,3,0.9936555479484753
318.67721659777254,4,0.8537401337207584
115.4529060131725,0,0.9996183313898772
115.55940601871936,3,0.9970549111911149
115.5949393539034,3,0.9776017672355011
318.878549941592,9,0.7327706153528164
319.32784996499305,0,0.9974506832603445
116.1396393822732,11,0.9993072283458249
116.50637273470724,11,0.9996734940295093
116.57760607175062,11,0.7864712056704278
320.22765001185763,2,0.8318171063692977
320.9859833846875,0,0.998925187181577
117.9743394778305,0,0.9807622383293315
320.9967167185799,12,0.5404252045294263
532.6496944088397,0,0.9975514971243348
321.49388341114064,2,0.9654137618279931
321.50628341178646,2,0.5802272167947995
118.23490615806834,10,0.5070401177728923
118.2941728278218,10,0.9295508905896416
118.34150616362042,10,0.9514765935164072
321.5426167470121,10,0.5525125477219199
321.62508341797394,10,0.9636128884613928
321.708150088967,0,0.9960413359122898
322.40671679201733,5,0.9999967828475343
563.3113960058034,0,0.9874751082387442
323.6261168555277,0,0.9756060592786227
18.23266761628482,2,0.9967560307139989
323.7788168634809,0,0.9955983363614715
324.56095023755034,3,0.9811067538052672
19.203467666847324,9,0.999999999731827
324.7142835788698,0,0.9969932323819447
324.76188358134897,0,0.9965511477188811
324.85668358628647,2,0.7777204437649822
325.3657836128021,2,0.9853671969154245
325.7208836312969,4,0.9247090671059868
325.8871169732882,1,0.9765333156227589
594.4258309596803,9,0.9999999998896527
326.47838367075,2,0.7826102079100815
327.603017062658,2,0.9248126370452849
636.3712664776718,2,0.65348344074199
124.7339731632281,7,0.7028863514273592
328.44288377306776,2,0.59457512062959
329.6753171705903,4,0.5726042422914699
595.395764343531,1,0.860575988831199
330.0184838551302,10,0.5082008570140175
330.278050535316,2,0.9323276999152841
127.76450665440171,4,0.5952603962080373
0.2658666805138903,1,0.9913962232977387
331.08301724390805,5,0.9992047203064625
26.187901363953262,2,0.9948211133365246
524.4017939792615,2,0.9236556504475212
332.0547839611875,1,0.9366361613633852
332.3976839790469,2,0.6971369271045007
332.45675064879,2,0.8760700475214787
332.7059839951042,2,0.6370918629627891
591.6668641493175,2,0.8013358922710908
333.7236840481094,3,0.9999348845642532
28.23593480395501,2,0.6361732610489267
626.4974992967465,2,0.7712285208639701
626.6064659690884,2,0.5782312223747611
334.24465074190977,2,0.9907837992962126
334.2790507437015,4,0.9503316210319028
334.4576840863386,2,0.9123739656682226
334.5522840912657,11,0.5215523163422827
335.0731841183959,1,0.9917650272192343
335.1080507868785,5,0.9999563151421091
474.76705806078553,2,0.6632011332717938
584.7375637884163,3,0.9984968352780716
337.2988509009827,2,0.934497137739227
337.55888424785945,3,0.9999689632092297
339.1691509983942,3,0.9993780064146146
339.21601766750183,3,0.9422140483975197
339.25165100269106,10,0.9732448768145875
339.72565102737855,1,0.9275893247615519
339.9389510384879,2,0.5556970096481577
340.0922843798074,11,0.7970150511280012
340.1520510495869,2,0.6508088948453289
340.3058177242622,2,0.5389104393939185
340.5897177390487,3,0.9987038435703336
340.6242510741807,10,0.7015725429504697
341.15801776864765,4,0.9527118919422795
341.7257844648855,2,0.9762800278161842
36.53446856950367,1,0.9878994651221411
526.5087940890011,3,0.997334755115255
638.5934332600764,1,0.7940670368096866
342.2114844901824,2,0.6537320752542889
342.4593511697588,2,0.9092184351359901
342.47181783707475,2,0.7444692241983442
342.4950511716182,10,0.9666697908392365
342.8498511900973,10,0.8338923201022482
343.44241788762685,10,0.9939228695445786
343.66765123269107,10,0.8398770028080285
344.0692179202727,10,0.9710625453176891
344.29441793200186,3,0.9999191778028192
588.6588306593156,2,0.7226319725778637
345.10015130730045,2,0.6832054361010701
345.18255131159214,3,0.7823538477018102
345.4078513233265,10,0.7889951933695963
345.43135132455046,10,0.7690945628510046
345.76238467512513,10,0.9691743897034083
345.7870513430765,2,0.9063441733219202
346.11798469364595,2,0.9948486913446976
41.32890215254709,1,0.8146766605240203
41.61293550067384,7,0.9938257172003623
346.2487180337883,0,0.9956744046318882
346.3778180405123,2,0.8936924905667782
346.685818056554,0,0.9997424232188361
346.8994847343491,2,0.8049001784653437
347.19475141639424,10,0.5203979444229929
347.95288478921367,3,0.8869007171385774
348.2020181355227,2,0.6517470245427753
348.2364181373144,10,0.9999798870478621
348.2612514719411,3,0.9928844723516511
349.0652515138161,0,0.9998634352330956
349.31365152675363,0,0.999697344429944
44.97493567577802,1,0.9411604566920313
349.56341820642893,5,0.9999849092960118
350.21321824027274,0,0.9829586025778256
350.5930849267241,1,0.9079383654432605
45.910202391156496,4,0.8807044741307875
350.8297849390522,9,0.8985505600538612
350.8881849420939,11,0.9986802183070163
351.12498495442725,4,0.8887589453949566
351.1726182902415,2,0.9878341891220781
351.184884957547,1,0.5825940804595157
351.4217516365505,2,0.9940549527314152
351.44535163777965,2,0.975417126185053
351.56331831059043,2,0.9055898771958791
351.64685164827443,10,0.5946041365176116
47.74513582005928,2,0.8250595710578641
351.7285183191946,7,0.9963621106998615
351.7644183210644,1,0.8743438959159013
352.04918500256264,1,0.8518301541777322
352.71161837039773,5,0.9999716713424426
352.79398504135435,3,0.9999719680549367
353.0437183876946,5,0.9999912175232005
353.292051733962,6,0.5812467756004578
353.39855173950883,7,0.9802882712273575
353.96648510242204,1,0.9892100984190906
353.989985103646,0,0.9399976138039301
354.0136517715453,11,0.9286704964634132
354.02528510548456,1,0.9945892392979446
354.4633184616321,4,0.9621373042104057
355.07891849369463,4,0.8160827299226041
50.456035961252006,7,0.998093975915523
355.3158185060332,2,0.9965896090834708
355.62378518873976,1,0.5232372496412921
355.7772518633995,7,0.9846560103988576
356.00275187514427,7,0.9250466605142675
356.5588519041078,4,0.8453292810127835
473.5010913281831,4,0.9605108659211826
590.7832974366316,4,0.9961825235196282
357.2096519380037,12,0.617283296042427
357.3642852793908,7,0.999257858736674
357.388385280646,0,0.8993995757278463
357.41085194848284,2,0.9932864230638823
357.42275194910263,2,0.8526727685023324
357.4353852830939,1,0.9833658090398745
53.84163613758536,7,0.7624162123719401
357.7076852972762,1,0.9168771084974091
357.9204853083596,4,0.6829741860318874
357.94341864288737,4,0.8764590433593075
358.2277853243648,4,0.9819764922199123
358.2635186595592,2,0.9954987857056428
358.28705199411826,2,0.9249320360114982
358.29925199475366,0,0.999438128106542
358.35775199780056,2,0.9614325208664087
359.1390187051582,0,0.9985640947822335
359.199418708304,0,0.994687304501217
359.4116520526912,0,0.5854104490721911
359.4356520539412,1,0.983562487823977
359.48261872305403,2,0.9351524144746716
360.2167520946235,2,0.9892510670451926
360.3119187662467,0,0.9977426070603564
360.323552100186,1,0.9215741864269562
360.4300187723978,6,0.5333261417853368
360.5364854446096,12,0.6061999277681898
361.1409188094238,1,0.9247240519892826
57.27476964972774,4,0.8329408334963017
361.19945214580576,0,0.9982405372332198
361.7210188396373,4,0.9789908954420339
361.9224188501269,1,0.931339117045133
362.2169188654655,1,0.9647992781990937
362.34838553897936,5,0.9999845810905145
362.3600855395888,5,0.9999984567478293
362.4904522130453,11,0.999408471269425
362.643918887705,11,0.8907452493440295
363.0817189105072,5,0.999947679355583
59.32266975638921,1,0.39571052260752154
363.4731522642276,11,0.9995749880347434
363.5315189339343,11,0.9999348246848773
363.7688522796287,5,0.9975999409106412
364.06401896166864,5,0.9999570882187228
364.3480189764603,5,0.9999899788783088
364.3836523116496,5,0.9963990465502552
364.4195856468544,5,0.9998650603054537
364.6803189937676,5,0.9999518556694035
365.8278523868683,5,0.9999780706523933
61.51273653712186,0,0.9988059140619633
365.9698857275992,1,0.7821579187231261
366.2537857423857,4,0.7716243761738798
366.4201190843822,1,0.6773000839305479
366.7996857708179,1,0.9855046079212993
366.965319112778,8,0.8681059088181823
366.9761524466756,4,0.6503517221389539
367.2718191287416,4,0.8764941543311261
521.8349605122389,1,0.5597366519109513
368.69245253606624,4,0.9608641780652108
572.8912965047565,5,0.9999455324862455
582.2857636607184,5,0.9999667071582322
440.95675629983225,4,0.9036366870495888
369.4630859095367,5,0.9999964936340515
369.9708859359847,1,0.9750866884158215
522.3148272038986,4,0.966489894215393
613.777798634262,11,0.9423605952385945
370.0893526088215,5,0.9994680154187762
370.1136859434221,5,0.999990873236112
370.2798192854082,5,0.9999981577337765
370.4452192940228,5,0.927240205294256
370.58765263477454,1,0.9543617351525743
370.9424526532537,1,0.5790755952562227
371.4036193439395,1,0.5604068005257243
532.9493277577789,1,0.8064598531920517
591.8414974917463,6,0.9971876197929491
372.6344860747138,1,0.9411895815605265
372.84795275249854,11,0.9999560344289816
522.2009271979664,11,0.9919808643785087
373.7128527975454,4,0.9934034428056857
373.8537861382191,6,0.9860957000407534
373.8782861394951,6,0.996316723357903
373.9025194740905,1,0.9499577306766283
624.8202325427221,2,0.9749661678546325
374.97891953015306,4,0.9288207897875483
18.14696761182128,5,0.9999910549146347
614.5256320065449,3,0.5527042000829587
375.3576862165472,5,0.9999764285656338
19.22423433459559,11,0.9430573504219788
375.8312529078788,5,0.9999711676365808
365.676985712344,1,0.8239505532984603
375.84388624187005,11,0.9937200646026799
376.2930529319309,11,0.8574629978287925
376.4116529381079,11,0.9889170726060126
376.92045296460793,12,0.9076091500153349
594.7857643117601,11,0.5126076637589517
635.6606331073264,0,0.9987661693118408
377.2165529800298,0,0.9998123097917443
377.2515529818528,11,0.9679258146796406
377.4536196590437,0,0.5199601320867752
377.53645299669125,9,0.893090666988729
377.619386334344,1,0.6451200867092014
377.7377530071756,11,0.5673901317102967
377.8445530127381,4,0.6153506844909525
378.0450863565159,11,0.9803976079889601
378.0923196923093,5,0.9997168981689237
378.4114530422642,5,0.9999978314727607
378.5071197139135,5,0.9993007744427282
378.6958530570767,5,0.9999573898653351
379.16998641510446,7,0.996208235146452
379.4535864298753,0,0.9989644067879956
380.1407531323319,0,0.6365144739477213
380.1881864681357,11,0.9995675704639337
380.4007531458736,11,0.9852928587342665
380.5433198199656,1,0.9286247973611133
534.4396611687338,7,0.8636174377340001
585.7085971723243,11,0.8079828044628014
382.3065199117989,7,0.6610566090007322
382.68518659818784,4,0.4102653311005075
382.69798659885447,1,0.7761542138393154
382.7218199334291,5,0.9999963601249696
382.8994199426791,5,0.9999797876334413
382.9468532784829,1,0.9982338847814217
382.9934532809101,5,0.9998019090871034
383.04141995007495,1,0.6790962205836155
383.0525532839882,1,0.9722970888176959
383.1359199549968,1,0.9752170374499971
383.27825329574335,0,0.9910272266953205
383.3136866309222,1,0.8920966635824852
383.3371866321461,4,0.9539373532024946
383.4318866370784,6,0.9967255606369546
383.5019533073944,6,0.9994968927423259
384.0227866678545,4,0.893790559258366
29.902168224071342,4,0.865974706608188
384.224153345009,9,0.9942022504602971
384.4372200227729,2,0.8756783611373028
384.4499866901045,2,0.9970162111088452
384.4736533580038,2,0.9484913342310892
385.3251867356879,3,0.8314620762167954
385.88248676471386,2,0.9995291925832023
386.5209867979691,2,0.9562410648405304
357.96111864380924,2,0.7027834299700604
418.7440551429207,2,0.9837306536662892
387.2316201683146,2,0.833672360342378
387.6817868584274,2,0.8430464653248799
388.1316868818597,2,0.7388844241670208
388.3922868954326,2,0.9970235563952308
388.4976535675872,2,0.92025054785001
388.8178535842642,1,0.737810591101484
389.6816536292538,0,0.992604708971962
390.1552536539205,2,0.9807395937035693
390.3686203317,7,0.9183544892399272
597.2587311072272,5,0.9999953155950447
566.9287628608746,0,0.9993110983315595
391.26835371189446,3,0.9989760813806695
392.03725375194136,11,0.999138661541852
392.2033204272573,11,0.999758773519197
393.2923204839761,7,0.9947012206218371
393.34032048647606,11,0.9997968140540793
393.4234871574743,6,0.9414923893813343
393.88398718145874,11,0.4388693997604951
394.25208720063057,0,0.995982883394572
394.4403872104379,1,0.9910542499233974
394.46442054502296,1,0.9486035465300761
384.7802533739725,0,0.999221527799722
394.52375388144657,11,0.999116511889932
394.7364872258598,11,0.99988310818165
394.99732057277816,6,0.9074042238982897
395.9558539560351,11,0.98968298018638
396.7733873319483,4,0.6499817737175912
397.1158873497869,7,0.844149563650551
629.7090661306822,2,0.9891236125685982
398.6551540966237,0,0.9983374379422549
398.7265541003424,0,0.6608196696343939
398.7624541022122,7,0.9980270434448392
517.338826944732,4,0.9772971853338827
273.9363142675171,0,0.9875500373994854
399.29445412992055,12,0.9889476315066419
399.7677541545716,1,0.8379486190201327
399.8034208230959,10,0.7038621967457097
399.9221874959483,7,0.9645720652410505
400.2658541805143,1,0.9805696840532426
400.8690208785959,1,0.9714026764270796
401.07045422242055,7,0.9968738922216661
401.6852875877765,2,0.9991404316151274
402.8821543167799,2,0.9964896964449608
402.9529876538025,2,0.9207288979181509
614.9996986979027,2,0.9875807977058622
462.7582907686622,2,0.963990263199311
403.02292099077823,0,0.9950786466754327
404.91735442278,2,0.8628655293047794
405.2138211048876,10,0.9788501672465743
405.2963211091845,2,0.6065034991861205
405.5096211202938,10,0.599394734248796
405.568254456681,3,0.9740771446375963
405.5693544567383,10,0.5910964262985623
405.7706544672226,7,0.692498816245327
405.8533211381949,2,0.9990066500907641
406.1717878214484,2,0.9852053315600229
406.1842878220994,2,0.9605101127295491
473.9900580203168,2,0.8263312677612763
407.3091545473529,7,0.9986137439756193
1.0523667214774362,2,0.9954167663263558
407.33232121522616,7,0.5117592720882794
407.5338878923911,7,0.9990651624966033
407.73468790284943,2,0.955323973299393
5.127266933711833,9,0.49593962231831357
5.139100267661486,9,0.9603261078747192
5.151666934982667,9,0.9917501459725057
6.2504003255417,11,0.6063133556986894
6.404300333557326,1,0.8341409906099659
6.058766982227463,11,0.9986189163965397
5.217900271765653,9,0.9999996807567099
6.742800351187536,7,0.6170149486163736
408.6946879528494,9,0.727454661940881
409.1196213083147,8,0.9990840205868297
409.4758546602018,5,0.9877292812691382
409.6062213336584,5,0.9999901794309143
409.68785467124354,5,0.9999764017770424
410.90808806813067,3,0.9997535296863158
411.4052880940265,5,0.9990586639301269
411.677688108214,8,0.9997727533769939
411.9616547896706,12,0.9980636774180769
412.0910881297453,1,0.8736391683316718
412.15095479953,9,0.9819746313113085
412.3163881414797,9,0.9891782930048141
412.7073548285092,8,0.9986981880411596
412.9326215069085,8,0.9942027069861745
413.2878215254085,8,0.9982110460170902
413.57062154013767,8,0.9940777218657869
413.6301215432366,8,0.9995120013035187
414.2454215752835,1,0.38647928438384516
414.2579882426047,8,0.9973107712701006
414.5426215907626,1,0.46264388022350905
414.62558826175047,12,0.9927019852789953
414.6489215962991,8,0.9936120502436799
414.87285494129566,8,0.9998602625815106
414.88568827529735,12,0.9357757632082752
414.9089216098408,4,0.9924320877334778
415.10968828696406,1,0.9779604610985027
415.382288301162,8,0.999245444798915
415.3945216351324,1,0.6524304120765863
415.4175216363304,7,0.9982297727149014
415.46478830545885,2,0.9728255312081664
415.6896883171724,8,0.8539398804266253
415.7375549863321,1,0.9299926633479652
416.01032166720535,12,0.9436499972225048
416.2465883461776,11,0.7653011223880178
416.5315216943512,5,0.9999855994742353
417.4069884066151,5,0.9999963954241643
417.417988407188,5,0.9998549721624819
417.44235507512377,5,0.999611260174834
417.67982175415847,8,0.9940033422825769
417.69112175474703,9,0.3903719309692671
417.7024884220057,9,0.9996123090003131
277.7483811327289,9,0.9718142500723761
417.77315509235297,9,0.8895482890620517
418.0343217726221,12,0.9992900491657029
418.0467217732679,6,0.8426279295122546
418.0581551071967,8,0.9932954023009306
418.23588844978696,8,0.99973329018537
418.377988457188,7,0.9077338858617584
419.134921829945,8,0.9978943211993043
419.1592884978807,12,0.8531109615531809
419.2066218336793,8,0.9982267437009669
419.25362183612725,4,0.9687221531886773
419.6555218570596,4,0.6692620261411555
420.6972885779849,7,0.9983362679702759
420.7457219138408,1,0.6870325679375096
364.9220523396912,12,0.9853585697218135
420.9350552570352,8,0.9917274924251065
420.9461219242783,8,0.9960146589598444
421.26645527429565,8,0.5127010854854154
421.9177553082175,1,0.967948052529869
421.9177886415526,5,0.9999984717020592
422.3074886618495,5,0.9997882852346965
532.6206610739941,11,0.6791230784149315
423.34948871612033,11,0.9964028102981541
423.9055554117488,11,0.9238337751422073
573.6044965419023,11,0.9941029821235351
17.25620089876051,11,0.7412431398763947
424.2137554278009,12,0.9956300925750121
424.4386554395144,7,0.9660166318118437
543.5031949741261,8,0.9614982186437411
425.5163888289797,9,0.8021356399340914
425.9061888492818,12,0.9984295294566243
19.44630101282823,6,0.5361932731604209
19.73036769429004,8,0.9985334062114135
426.7827222282679,12,0.9799164247547166
426.85328889861,8,0.9997447749273267
533.5197277874872,11,0.942745045964408
20.239401054135527,8,0.9975571242641976
20.713001078802197,1,0.7231496245797102
418.9288551525457,8,0.9150850035639789
427.20848891711,8,0.9618750823997949
427.5045222658617,12,0.801605074677939
427.57515560287385,7,0.9760796681249608
428.1438556324936,7,0.877206320613353
428.1559222997888,11,0.9228764107704646
428.984522342945,8,0.9312431551482532
523.660893940673,8,0.9916317321938555
429.245155689853,9,0.6300906328335266
429.28118902506304,9,0.7041699146872763
637.4724998683611,12,0.9730698990418377
430.275255743504,4,0.5542699929829402
430.38078908233393,1,0.7741484322815072
430.4410890854745,12,0.9696412552530926
430.91348911007873,8,0.9808357890800098
431.62512248047625,8,0.9967947897438739
431.7190224853669,8,0.9934729523369179
431.7306891526412,5,0.999998005313003
431.8025558230509,5,0.9999301161743496
431.8610558260978,7,0.8895344696728584
432.2879891816672,8,0.9669870761984966
432.7959892081256,8,0.9996210384897333
433.0569892217193,8,0.999910075808935
433.24572256488256,8,0.999742612687049
433.5900559161499,9,0.9665991652317886
433.81428926116206,9,0.9697286185993159
626.4578992946839,8,0.9995576595044184
434.0860226086482,8,0.9991266184162828
434.26492261796585,0,0.7132537965098652
434.35908928953705,12,0.9715819795923504
434.5254226315336,8,0.5674127056286205
435.3297226734242,8,0.999516560440622
435.5313893505944,12,0.9681503079002624
435.5423893511673,1,0.9794522373489847
435.9336893715475,11,0.6136825143310464
436.8924227548149,5,0.9999930504791517
613.2884319421074,1,0.7037686568661261
437.05782276342944,5,0.9995991922078756
437.0935227652888,9,0.9975344812054736
437.3189561103634,1,0.9136420916242645
438.0995894843548,4,0.7063523294531667
438.2181228238617,8,0.5506978053720103
439.1530895392246,5,0.9999988453707815
439.3904562182541,2,0.9941495371302664
439.4260228867732,8,0.9727695617960495
439.44898955463606,8,0.9985739285941787
439.4853228898617,11,0.9731182847393514
306.26151595112145,12,0.9984524772987989
439.6039228960388,1,0.3603678933029186
439.9707895818131,8,0.9996354901615256
440.23012292865343,1,0.8744712054240081
440.3249229335909,8,0.9968635543138026
440.4550896070371,12,0.5232851533863917
440.5863562805405,11,0.9679934250266108
440.62188961572457,8,0.9657612478056223
440.6335229496638,7,0.9975672452988475
440.82295629286347,12,0.8607101967537506
441.071856305827,1,0.7135205701021954
35.889435202574845,7,0.9795589342374877
441.7111896724589,9,0.9975530959224477
442.7402230593878,4,0.7927959429480671
638.6595999301892,7,0.9983068085272723
443.1068230784816,9,0.9983523840232058
36.03143520997068,2,0.9692252502213666
36.4576352321686,2,0.8709934207403226
443.47495643098847,10,0.9333741573198272
443.8056897815475,7,0.9895350096165976
444.456789815459,4,0.8011526057905153
37.34543527840819,7,0.9934914496421375
37.86630197220333,7,0.9919930449787302
277.80881446920984,8,0.9997614850304164
516.5733269048621,12,0.9955663756724806
445.770523217216,7,0.8901562965098241
445.7831232178722,8,0.9931602484563948
445.9134898913288,9,0.9997107993763569
446.0074565628896,8,0.9998712649285686
446.1022565678271,8,0.463117893349113
446.1144899017975,2,0.9929085967043234
446.1499565703114,12,0.998368295846014
446.3511232474555,3,0.9915851154391472
446.4331565850615,8,0.9966855541955812
40.47066877451411,8,0.9968226184875326
40.9798021343648,12,0.998874854834206
40.41153543810091,2,0.8697040605960915
446.46965658696246,2,0.7176027617554435
447.07245661835833,10,0.6275306384001623
447.3337566319677,11,0.9517987447141232
447.35765663321246,3,0.9999972605961892
447.36945663382704,2,0.8900408908504315
447.3803233010597,2,0.8223540264387291
527.697194150897,2,0.6369017976889055
449.4532234090232,3,0.9996613359097125
449.6063234169972,10,0.9519497872556868
449.653723419466,10,0.9975988226982101
273.91544759976364,1,0.9154653070154063
591.4071974691265,3,0.9991405617972648
450.07942344163786,2,0.5677205892876339
450.2344567830458,4,0.9009250625165321
450.38705679099377,1,0.9929931699711158
450.7541568101136,12,0.6368040890529334
451.2279235014556,11,0.9997562693360253
451.47749018112046,11,0.9990686724348243
451.6546568570146,11,0.9974887937617729
451.7605235291952,11,0.9992084723280498
451.8090901983913,2,0.9946149182239198
451.8790902020372,2,0.8874941262908786
452.17589021749546,2,0.6715928324297978
538.9892614056921,10,0.9659426620533027
528.9537942163448,2,0.9813317471116504
633.5557663310312,2,0.5012811964283996
453.489923619268,10,0.7980885920095693
453.738056965525,4,0.9816248183842788
453.821090303183,1,0.6254844385101057
592.3352308507948,0,0.9995879223976224
454.2119569902073,2,0.9394984017265098
454.4599236697889,2,0.859612860394065
455.6788570666084,4,0.9820025088462301
455.7735904048757,7,0.5802661167882355
455.86942374320034,4,0.5932613594911502
455.9405570802385,1,0.4968740808321504
456.2595237635181,1,0.9855454472416325
456.6262904492872,5,0.9999891023029124
456.8276571264417,1,0.8130681940276946
457.3722238214712,1,0.7551290597952327
457.5503571640823,1,0.8798208417494604
610.6229318032794,4,0.9130537250695675
458.09435719241566,4,0.8705510104528524
458.2602238677212,4,0.9244691623548834
458.4726905454539,7,0.885476570182052
458.7215572250824,4,0.7963569407759141
458.95835723741567,5,0.9999976537440416
458.9942905726205,11,0.9923878410152235
459.2544572528376,11,0.9994025139511328
459.5149572664053,11,0.9989230961199327
459.7635906126882,1,0.9576997094328582
459.8104239484608,4,0.6197302091287775
459.85889061765175,0,0.9146464471416772
460.0954239633045,2,0.987873991752696
460.1305239651327,5,0.9999900605550917
460.1654573002855,1,0.6391087971656958
460.4150906466205,5,0.9996890735662888
460.8531240027681,2,0.9742984273245611
460.9598573416605,2,0.9686074633948382
461.7047240471223,1,0.2848291115545236
461.7522907162664,9,0.6662846559031091
461.79965738540005,2,0.8465167633578958
461.8593907218445,5,0.9977927225427087
462.0725573996136,1,0.9908419236940339
462.0842240668879,2,0.9840902835219429
462.11949073539137,1,0.9903632088215814
462.1553574039261,4,0.9721714172024718
462.20272407305976,10,0.9776226343105424
462.22649074096427,10,0.5318621037675282
462.5696907588393,2,0.8690045673339378
462.710657432848,1,0.8588896967940387
462.73552410080976,2,0.6786465469795412
463.1139241205181,2,0.9604906431299979
463.1614574563271,2,0.7173793037193299
463.278990795782,2,0.7551255515019766
463.3032907970476,2,0.5477325983565924
463.3859908013549,4,0.9735233845608212
464.012890834006,7,0.7463533806553716
464.1678575087438,4,0.8300897076161219
464.2744908476309,10,0.9986250232872355
464.3920241870858,11,0.9998296141241347
464.5348908611935,2,0.9747309362359636
465.2092575629834,1,0.8429192052360093
465.8838575981188,3,0.9972315594888108
466.0613576073636,10,0.758910351650608
466.4286909598289,2,0.5984815990368089
466.45272429441394,10,0.999726652579748
60.32330314183886,1,0.7056709195291786
466.4640242950025,0,0.9972870148699475
466.68869097337057,11,0.9996932647490981
466.7128243079608,9,0.8226765117807834
466.73625764251466,11,0.9942322662020833
467.0314243245546,2,0.8834169500302805
467.0670576597439,3,0.91869552604068
467.1033909949695,2,0.6748883819707885
468.1690577171397,0,0.9921790634842755
468.1803577177282,7,0.9974547951267447
62.20546990653506,0,0.9774436850885667
62.98683661389791,2,0.953366651924525
468.28669105659975,2,0.9003886796242245
468.4285910639904,2,0.6827337391282781
468.5591577374574,2,0.7527813127388512
63.779936655205205,5,0.9999989516295027
469.187324436841,4,0.4981760821655247
469.3052911096518,11,0.9964680613331065
470.0509578151553,9,0.8445413488952396
470.5953578435095,2,0.9704865103450047
470.6658911805165,2,0.4874665456273002
64.71517003724861,5,0.9999983784282238
64.72710337120347,5,0.9999746599610245
64.80993670885104,5,0.9999911711440261
471.2699245453098,5,0.9978742772041275
471.7088912348393,5,0.99947482973182
65.5794034155941,5,0.9999680247666136
65.2834367335125,1,0.6753603127180571
471.8617912428029,1,0.9855529773682614
472.0627579199366,5,0.9999648638770791
472.0995245885181,5,0.9996839764535929
66.63287013712883,5,0.999996151211323
472.12192458968485,2,0.982005677790444
472.2759245977057,1,0.9252253883353787
472.2876245983151,2,0.9723751421934518
473.0336246371692,2,0.5965067989787437
473.10555797424905,2,0.9871301415782319
473.2241246470911,2,0.9931361316389071
473.35375798717615,2,0.6234509069849749
473.377691321756,3,0.9950637054676723
474.0996913593602,2,0.6778546512708881
68.34947022653509,3,0.9998290431117416
68.14807021604551,1,0.3350880546041337
474.2297246994661,3,0.9999897810165413
474.4065913753446,1,0.9255775316260987
476.5387248197265,4,0.9360144925732261
69.09520359870871,1,0.9850783150826663
476.7510248307838,2,0.9913510714982928
476.89259150482377,2,0.9634773945988794
598.5559645081247,2,0.9959456063216147
19.088267660847325,1,0.7590492144511803
19.301367671946284,1,0.971128832892448
70.90663702638753,7,0.9997034579847338
477.26075819066574,11,0.7292028035011581
478.1596582374835,2,0.9115163087806567
71.90107041151427,2,0.8143082717962186
478.60925826090016,3,0.996769889061479
478.63409159552685,4,0.9146233698330228
478.89325827569184,1,0.93988040720767
478.9169916102613,4,0.9954160642177715
479.2720916287561,0,0.9984564204894432
479.4498916380165,2,0.9458263427025004
479.59302497880464,2,0.9613187919106195
479.71065831826473,2,0.7686136951252666
574.8740632746923,3,0.7146918333177134
73.36873715462193,2,0.521096918428002
480.148058341046,10,0.9927997816064934
480.3138250163464,10,0.5372783311655476
480.81105837557726,2,0.9336237543056024
585.7791971760014,2,0.988887880285633
595.3585643415935,7,0.560513279969767
473.50922466194,1,0.9600802089083095
483.4037585106137,1,0.8328210966590182
524.5866939888917,5,0.9996746498334926
26.368734706705,5,0.9999995611591824
463.5795241447681,5,0.8345563380438045
484.3158252247839,5,0.9998363745443606
484.87185858707727,5,0.9998397768287198
514.7183601415826,1,0.9902042482505201
485.23969193956856,4,0.8288094017578282
485.2628586074418,2,0.7339084446920238
485.39362528091925,5,0.9999983270969817
485.4756586185252,0,0.9954508255908547
485.6655252950807,5,0.9999946705504974
79.6904041505421,5,0.9998962030790558
486.80202535427344,1,0.687983814428275
487.7845587387804,0,0.9980356084023247
487.7963920727301,1,0.995465210985401
487.8316587412335,5,0.9999893335773471
81.45410424240148,0,0.9903802513454142
81.69093758806989,2,0.9998884167258968
357.9447853096252,4,0.852284347238087
488.257158763395,5,0.9999994903616047
488.5302587776189,5,0.9999640021748566
82.79180431207337,4,0.8222869077576885
82.80393764603863,5,0.9999994704087508
488.9563921331467,5,0.999988678236307
489.3581254874037,4,0.8264887306956207
489.84352551268495,1,0.91307847800358
83.6207376885803,5,0.9999984134937359
490.3649255398412,1,0.7229356053635962
383.8500199921896,5,0.9999973090394261
490.3890255410964,11,0.59204207082233
490.49509221328736,2,0.997572148145818
490.7551922268343,2,0.9608679216682385
490.81525889662936,1,0.7814613219916997
491.40615892740544,1,0.968663903978627
491.9517589558221,7,0.5089994743715663
491.98652562429953,0,0.9982567939109172
492.07005896198353,1,0.9948268193294328
492.1405256323204,1,0.9309082216097252
492.40115897922834,5,0.9999780317387971
492.4959923175009,2,0.9943704316015298
492.92142567299226,0,0.9999121504622046
86.887937858747,4,0.5064495652458765
493.20552568778913,7,0.9904056860072592
493.3243923606468,2,0.8819632259288819
493.7621590501138,7,0.708302385863014
493.8926257235756,7,0.8007679366290162
87.17207120687894,2,0.9922325972754318
87.30217121365499,1,0.8593216134442204
494.2005590729471,4,0.787009325873606
494.40219241678216,1,0.8936125509981285
494.460659086494,3,0.8058773553010096
88.42677127222791,7,0.9990583635697289
88.80557129195708,2,0.9854797505536294
494.674759097645,2,0.7431978835355307
494.94665911180647,2,0.8836764999529969
495.182592457428,2,0.5687550562214156
89.705538005497,4,0.9859180320502807
495.7866258222214,4,0.9544125090276195
495.9521591641763,4,0.9793363705283202
496.8045925419072,2,0.9664704068275358
496.9946258851381,3,0.9802609280061403
497.31365923508775,2,0.8599145061088698
497.8704592640877,2,0.7063619551850133
497.9773592696554,1,0.8312662372483206
91.86003811771056,2,0.765324921850257
91.0904714109623,4,0.8210226950027748
91.77697144671752,2,0.9565668629906039
498.7583259769975,1,0.9104431730129005
92.7595714978946,4,0.45180900412291053
92.7004381614814,10,0.6358324496289549
92.41617148000918,2,0.627581411510696
499.0658593263482,2,0.546481814267451
499.1368593300461,4,0.9288604430275552
500.841292752152,1,0.6247008956344603
500.9133594225721,8,0.824488390815319
500.9596927583187,8,0.9998714979458967
273.8480475962532,1,0.584147962955625
629.8926328069097,6,0.9998142634148276
94.90220494282345,9,0.5963009246997601
501.9659594773951,1,0.9873135068322965
95.21007162552482,1,0.8849143169328253
502.0850594835982,6,0.9985031497897232
502.2033928230947,0,0.6270295222938121
502.2143261569975,11,0.9989968784223302
548.9075952556054,9,0.9968902020808091
503.2325262100288,11,0.9936469945905643
503.5765595612805,8,0.9201290928991065
628.9589660916145,1,0.9657996722848166
504.1097262557162,8,0.9978529599870355
97.67237175376962,1,0.5000601053444296
504.1679929254177,8,0.9995076453120317
504.4761262747996,8,0.9969660622846647
569.867029680576,9,0.9825972389268194
505.1628263105652,4,0.9747871555261093
447.5216233084191,7,0.8229341175198216
528.9085275473205,8,0.969344878203853
506.3821263740704,1,0.5543322536531778
506.4883930462718,11,0.9686790778131856
506.73729305923536,11,0.9939981644469728
507.3526597579524,7,0.8488093247570089
632.7370329550555,6,0.9607976243969705
508.1344264653361,1,0.7325325794894935
101.18850527023493,2,0.9796506395793381
473.9134246829921,8,0.9970503501106517
508.7738264986381,4,0.9817061659113279
509.0340265121902,12,0.9993259801704747
509.6498598775982,8,0.9995352396277962
509.7552932164229,8,0.9996940895924754
510.12232656887255,8,0.9946515542502989
103.23617204355092,4,0.6839357809465434
510.4299265848934,11,0.9997037161858855
510.892459942317,6,0.6580068144481899
510.904493276277,1,0.7976173693058826
511.0224932824229,6,0.9991047972220456
104.37293876942417,1,0.888500088601627
104.396372103978,1,0.7610013852149234
511.1290599546399,1,0.717830409226176
511.3534932996625,4,0.5135909045487582
511.5667933107719,8,0.9256576918411125
105.72250550638076,8,0.9983701725084937
511.6852599836087,8,0.9945577066943423
560.4016958542564,2,0.8478352017704264
608.9182317144929,8,0.9863473952904528
418.941521819872,8,0.9976257895228735
383.9347866632712,8,0.9954696180156218
112.33983918436692,6,0.9980413279654453
582.389230332774,1,0.700329395467183
562.9222626522027,6,0.9511208602999803
116.15157271622806,12,0.9998325880697909
116.9212727563166,1,0.7959703927455255
532.6381610749056,4,0.684540242430404
117.67893946244509,12,0.9265551851712029
117.46587278468118,11,0.7844044904555715
16.196934176923698,4,0.9954852878491383
118.28250616054753,12,0.90541068291329
118.47183950374196,6,0.9975211479907862
118.0695728161239,1,0.5561166393663154
118.14040615314649,4,0.508754985902975
118.16407282104578,8,0.9994185117939632
608.6565317008626,8,0.9959498015701296
533.289727775508,1,0.8826102695280789
20.458634398887263,4,0.8362834389476677
523.2172272508986,11,0.9993739341503208
125.9064732242958,11,0.9948925615989568
126.17850657179756,1,0.984576140685807
544.2707950141054,11,0.9205399223706754
25.17020131094805,4,0.9397764319404149
585.3127971517098,1,0.6687311579923807
631.9934329163264,4,0.9825052771380717
280.8565812946144,11,0.997508934549541
27.01696807380049,11,0.9359384752357419
27.07613474354876,8,0.9995051045290402
129.03187338707707,8,0.9959815487418178
28.04690146077619,9,0.7680947727561859
130.33404012156493,12,0.9471548005539696
130.4877734629052,6,0.991819476625333
130.57014013386183,4,0.33559044327020887
131.6002068541778,4,0.7481295670371327
131.67114019120558,1,0.9848711784262821
474.1388580280668,4,0.9336237042515316
132.36990689426634,8,0.998592235338518
132.783973582499,8,0.9981395876893846
132.38187356155626,6,0.9997272036399458
586.7343972257514,8,0.9993257918874432
133.84930697131844,6,0.9917555289533146
133.5653736231969,6,0.9991199605768422
133.56564028987745,7,0.6875243005789708
627.3141660059479,3,0.9598843431427941
134.44120700214657,2,0.9862146928894753
134.80834035460143,2,0.995970803271551
134.47710700401635,4,0.7718911168951771
134.7490403515129,2,0.7595869987136442
33.989501770286644,7,0.9982998988296242
134.19290698921426,3,0.9947032507549911
134.4771403373514,0,0.9989897501416392
136.98674046805976,1,0.6536438809865622
137.5433738303844,4,0.8926802430270749
526.590327426581,7,0.9695332641109182
37.70670196389083,7,0.9987257469889057
556.6829956605742,1,0.987699011092967
515.8546602007649,8,0.5060516635704837
140.69187399436882,5,0.9946241970614561
140.5500739869834,0,0.9998145521967303
140.38437397835318,4,0.980435803301462
140.17084063389834,0,0.9790913707700437
141.98257406159277,1,0.9831320765693891
141.8404073875216,1,0.9642645244085918
364.9661523419881,12,0.8860138493126121
40.10990208905751,5,0.9999983693934035
40.21640209460438,0,0.9990076122948468
41.28180215009397,0,0.99961077190276
143.10700745349035,1,0.9950400178777986
143.6278741472855,2,0.9959057694982332
143.6992074843341,7,0.9605977672635967
143.93554082997647,0,0.9167350137914181
143.74630748678723,7,0.9829936074478647
144.4917741922803,7,0.9813344825930985
144.21987417811883,7,0.6055077909025601
144.125407506532,7,0.9627466362628223
144.0302075015737,4,0.9486019588751116
43.1168022456669,7,0.46664259762412297
145.48664091076293,7,0.987974287546126
145.96007426875423,7,0.8290021204651646
145.1548408934817,0,0.9988495107444703
146.0900742755251,7,0.9454167389866389
146.1022742761605,0,0.9978189194326422
45.98150239487004,2,0.9676378268091388
147.92534103777857,0,0.9804480966681128
358.9216186938353,1,0.8698311539388198
148.95487442473345,7,0.8167926203612266
148.05500771119873,4,0.9889119400448828
518.805727021133,7,0.9835514846396797
47.50873580774678,7,0.9973946029099207
149.3812411136067,12,0.6216180774677749
150.47027450366053,11,0.9999270634902134
376.9309196318197,12,0.9896948043761947
632.3824329365867,9,0.6125360502635809
152.56570794613103,9,0.8314348743560694
523.4092939275688,8,0.9397950403606234
51.64010268958882,9,0.9733414841427572
153.57184133186715,8,0.7753298315423943
580.9129302558833,12,0.9155472533067514
570.6986963905587,6,0.9873362947333998
280.73824795511786,6,0.9933801498000704
154.10467469295222,9,0.9991035678182965
155.90397478666577,12,0.6428759673501269
155.45450809658936,7,0.9200011891617751
155.7146747768064,5,0.9998304839223359
155.69124144225256,7,0.9959488729967314
155.63140810580293,8,0.9996446668928252
155.31214142250778,5,0.9999855789116096
156.2709414724453,8,0.999194895202236
55.58233622824682,9,0.7193781000100671
157.53750820507898,8,0.9883827179177841
157.60854154211196,12,0.8950536671720417
591.4582308051178,11,0.9996561691064019
418.2934217861168,12,0.8761283704087659
418.94392181999706,8,0.9925498344916216
158.44890825254774,11,0.7557160470351989
158.0349415643203,7,0.6210211651972821
159.6328083142092,10,0.8082590473718007
159.66840831606336,6,0.9519746612078304
159.1593416228828,1,0.8869866504550069
159.23044162658593,1,0.9579535428296959
159.7039416512474,8,0.9994521041153868
622.6308324286908,9,0.9593670076854326
160.1778083425946,5,0.9994590221727327
59.0981697446965,8,0.9912861070988009
161.941508434454,1,0.9976050333992427
162.27257511836373,8,0.9992424895222284
162.88817515042624,8,0.9979994185997185
162.8411751479783,8,0.9996649909110794
61.371136529746856,1,0.7187829539126205
163.1609084979644,1,0.7537933454287582
163.83574186644532,4,0.9599852400139138
163.36237517512413,12,0.9313378684775085
163.58720852016754,11,0.9840467183386515
163.1012751615252,9,0.999999999995481
164.88890858796444,4,0.9759184948190249
163.13697516338456,8,0.9939088751543079
164.04834187751823,8,0.9990136718376534
163.04250849179775,7,0.8363719511225745
164.6047752398325,7,0.5217986922957294
164.69944191142972,5,0.9999491617830635
562.334462621588,10,0.5745939847620795
562.4856959627982,8,0.9898054912989317
613.8614653052863,7,0.9964210570360158
166.72384201686722,12,0.7623545761859205
167.6591087322457,9,0.9913873184984273
415.9855883325839,0,0.5847671509115078
472.9151579643324,6,0.9993210401055312
168.99664213524224,9,0.9999924573536518
466.6970909738081,9,0.9999999084713991
522.2740272017736,8,0.9990270965900663
16.442667523055643,6,0.9843337474402757
461.6909907130737,11,0.8792062961838075
169.74287550744188,8,0.993270703491421
169.99170885373528,9,0.9993132660142122
522.5447938825428,1,0.9929877106245192
563.4693960140326,8,0.5339342030504646
170.02690885556862,0,0.9996850149023291
170.20427553147314,7,0.9775161024603717
170.28697553578044,5,0.9999724875196112
18.810300979703225,1,0.8285516220342009
170.6661088888603,5,0.9999274289332272
170.84387556478563,8,0.9679352439997414
171.7437089449853,8,0.9941821875803557
19.78096769692545,4,0.956691457493903
172.1100422973985,4,0.9734748247735087
172.21697563630127,4,0.9673819820331508
172.5128089850426,8,0.9982351043623547
20.100634380241427,8,0.9977032376988121
172.77324233194017,11,0.9709318143068814
172.7967756664992,12,0.7633209848143564
172.8323423350183,9,0.999904923647005
172.89180900478215,1,0.919567855374573
173.72037571460336,8,0.9991657517986157
173.75597571645753,12,0.996185545954733
173.9804423948152,2,0.9221319717985208
472.9343912986675,1,0.7788897261749037
523.4554939299751,1,0.9908468287616393
635.9114331203888,8,0.8917491210050603
175.36574246696622,8,0.9912400358459044
175.42504247005476,4,0.9750977636304656
175.63834248116413,8,0.9377063877460039
175.73300915276135,12,0.739990936654232
176.3601425187579,8,0.9977171639712236
176.85764254466935,0,0.9992717646149236
541.3790615301609,8,0.999136270557902
24.066401253458466,8,0.994263006116652
177.2596092322718,1,0.660746891491866
177.53194257978916,11,0.696173717353006
463.8815574938324,11,0.9956080058032525
280.95418129969767,12,0.9787654966090319
27.73616811125883,8,0.9929106165622289
28.68323482725189,12,0.997412863456609
181.65180946103223,1,0.9957707559904831
584.923163798083,1,0.9593169463106991
182.97757619674923,7,0.9781449500682925
183.59327622881696,2,0.981020579425675
183.60520956277185,2,0.9182901079825865
357.9495853098752,3,0.541828053711777
572.7455631638329,10,0.5249833392451482
586.8679638993747,2,0.9042001498445145
184.2205095948187,8,0.9988038010732873
184.57620961334476,8,0.9998629735531611
184.87180962874055,8,0.9857922836701869
186.1145763601347,4,0.9278849105781107
186.18554303049757,8,0.8961278400530703
186.20944303174232,11,0.9835267677343984
186.76567639404612,11,0.9612793083761836
187.097776411343,8,0.9996464619946794
187.39330976006872,11,0.9969621929037323
187.41674309462252,11,0.996488403540417
187.76067644586905,12,0.9943645764944775
187.92620978782392,8,0.9951392689016223
465.5739242486432,1,0.7397738283989019
189.31077652660343,6,0.8855924433549027
189.5475765389368,0,0.5017402516628405
522.5719605506243,2,0.9873390351718156
516.5815935719594,2,0.7944667272265266
190.12830990251663,2,0.9515990957550466
598.4667645034789,8,0.7689763688222325
192.743976705416,8,0.9994387868240828
314.8377497311336,12,0.7807637159747588
548.3116285578988,12,0.9472521770925686
197.029910261975,1,0.8886975093358674
197.337576944666,8,0.9594510159884865
197.95307697672328,4,0.7669542607634858
199.63397706427017,2,0.6195933364874829
311.92804957958674,7,0.9838972129224546
279.7125479016959,1,0.7454632275715956
200.75881045618857,8,0.9628042872872915
202.19134386413305,1,0.9930167016235346
202.20277719806185,12,0.997500414015011
202.8062438961591,1,0.908637488922392
203.65891060723547,4,0.9685875170853024
204.46357731581188,8,0.9995240231512688
205.2333773559056,1,0.6214766840689895
205.7067440472268,4,0.9601247482711792
206.41691075088133,8,0.8517718241522395
206.8200107718761,1,0.8415617615179257
206.9144107767928,4,0.9776392619707693
208.0512108360011,7,0.9648681698952133
591.7800641552133,4,0.9043085180954694
591.8054641565361,1,0.8067257979057558
209.75517759141607,9,0.872504634544018
632.2424329292951,3,0.7513590211249788
561.9338626007235,2,0.8160877949289523
211.2588443363987,4,0.96384131497499
612.6464319086699,0,0.9950494232182854
134.57267367566044,0,0.842613111820469
214.9759778633328,0,0.9909843629457438
633.6978663384323,0,0.949035519617004
215.99434458303932,2,0.8210899535049351
216.0770112540116,2,0.6810058540322463
216.23104459536748,0,0.7431399751519837
216.91751129778763,7,0.595183142766739
218.1602780291817,4,0.8157711871298918
218.78807806187965,0,0.9650150177917387
218.823278063713,1,0.9499832953123045
532.2166943862876,2,0.8300267870830446
466.7597909770737,2,0.715529253807569
522.335660538317,3,0.9617449742261022
573.3084298598155,11,0.9992079842834076
220.5166114852408,11,0.9968112063204001
220.6942781611609,12,0.8159576179082828
446.6528899298392,1,0.9898572118720819
614.1473319868419,2,0.5839280650958971
553.9450955179752,1,0.7755131265625846
19.96753437330913,8,0.986833576379067
19.233601001750102,0,0.9609439402144507
19.2927343381633,4,0.9283346213260415
19.29280100483344,0,0.6727824427237713
533.2945277757581,2,0.8573048117090002
20.96190109176574,7,0.4459205175861612
533.9333944756991,0,0.83080572265218
224.15091167452724,7,0.8790269365343758
224.8255783763328,4,0.9802333199309864
523.1754939153917,4,0.9505880386910651
584.7146971205588,0,0.9910405023377487
225.1448117262929,6,0.8835613426591792
225.48817841084323,11,0.9976553669913879
225.5593450812165,11,0.9979077578477394
225.99711177068352,11,0.9741355783683173
226.0208117719179,1,0.6050548387800564
226.10417844292652,1,0.7222458876316097
226.23404511635712,8,0.9169212280863361
226.26981178488663,4,0.9814596748047905
226.31734512069565,7,0.9991341411738262
226.58961180154287,4,0.9062744825386968
226.6364118039804,8,0.6261374089334553
226.67244513919044,4,0.8567872964825703
226.87361181633452,8,0.9150138231447738
226.88494515025815,8,0.994257791703279
227.05087849223384,8,0.9953865594929198
227.1221784959474,2,0.9994351904196864
227.1341784965724,8,0.9997958954007407
227.14587849718177,8,0.9996223099914622
227.2523451693936,8,0.9985812984622048
228.8030452501592,0,0.9994088185898401
417.8601884302192,4,0.975753298806874
595.2250976679754,7,0.9965898303405764
595.331931006873,7,0.8995308427878489
230.1405119864856,1,0.973002257333236
230.4131786673537,4,0.9965885590702703
231.727078735786,12,0.9241544000888173
232.8750121289075,4,0.7800407888045651
233.0289454702582,8,0.9788311873981964
418.6058884690578,12,0.9117693936590394
234.44977887759327,8,0.9738434834201448
586.2314971995587,8,0.9143495139362333
235.57471226951688,11,0.41196080916589184
235.6335456059145,12,0.9145228145878296
235.77547894664016,11,0.5595262643536411
32.19626834355573,4,0.936314873622853
281.6663146701213,4,0.48961090372115146
236.06007896146303,4,0.657774264378587
236.06011229479813,8,0.9999184769978063
236.27261230586583,12,0.9991707899933933
33.131535058934205,12,0.9003627323926099
236.50997898489533,8,0.6117090133295292
236.68697899411413,12,0.7341272987112081
236.8295790015412,8,0.9947037105229193
236.88824567126343,8,0.9995479802632421
34.29156845268595,8,0.9988774575150199
237.26754569101865,2,0.9916643363175242
237.51611237063148,8,0.9525644378996881
237.57474570701865,12,0.8991178100483824
237.91827905824437,8,0.9557409326224016
35.037368491529705,8,0.9961922650512238
238.02494573046656,8,0.9994075009494907
358.8531853569377,8,0.9995626620315503
36.82493525129881,12,0.9699146228982576
240.26264584701343,7,0.5637804176597251
240.99594588520617,12,0.9690086721788123
241.15037922658288,12,0.9982117849240271
241.77791259260025,12,0.8740754486781751
242.558745966602,9,0.985494034278652
39.41753538633007,2,0.9853072196921797
243.1149459955708,8,0.9998638359975707
243.162579331385,12,0.998021198643429
243.39911267703775,8,0.9545977684518165
40.99193546833008,8,0.9937443011952841
40.127868756659936,8,0.9997157074986143
40.16330209183876,2,0.9893740725489159
243.51761268320965,7,0.9985232363138313
243.61221268813676,8,0.995562068082555
41.78510217630752,8,0.804798362026175
243.7542793622027,12,0.962697659395827
244.6420794084423,12,0.9982091843496632
244.74861274732424,4,0.9861026554285232
244.77241274856385,2,0.9511081287958594
245.222746105352,8,0.9979505003691964
245.8971794738121,8,0.9802928451978458
246.8325128558607,8,0.9400545392758586
246.96247952929647,4,0.47966028706471414
568.7181629540725,8,0.9940995385977635
568.7392962885066,8,0.8399304257497147
248.039846252076,4,0.777397608598997
304.4609158573402,8,0.9982722802161782
249.14114630943536,12,0.9863766078376104
249.2477796483225,8,0.9997768338142404
447.7551899872507,7,0.9982470269547016
251.16537974819752,12,0.7810229738166292
252.26601313885556,9,0.9999284932769216
376.9135196309135,11,0.7066073698477302
49.24323589808533,12,0.9856027739153864
253.5208465375448,12,0.9938675439194368
253.85227988814023,5,0.9932027957701915
253.9000132239597,7,0.9141309137110227
310.66331618038186,2,0.9678187261670751
634.8120663964635,10,0.5693641008659879
254.40877991712463,9,0.9980567883733665
254.90597994302047,8,0.8382375558132249
51.75283602879368,4,0.9773056886548869
51.89490270285965,12,0.9486930123486788
255.05971328436075,3,0.9834202941022899
255.73484665285727,2,0.9417478866190689
255.79407998927567,9,0.862951740135271
53.42196944906105,8,0.9994442081014427
227.85587853416092,8,0.8054149690125876
591.2504307942949,8,0.999272490257785
591.5709308109875,7,0.8098575149301055
591.8057308232168,2,0.7335651268747044
56.94966963279545,7,0.9969185496123348
60.44196981468609,2,0.7748448267492458
613.205198604439,7,0.9887838089281075
64.06443667002291,2,0.5176425349258476
64.10010333854721,3,0.9999363724536142
64.14713667433021,4,0.9452089750475914
65.13003672552291,4,0.950730413930304
593.8080309275032,2,0.9669015677449685
66.21913678224688,10,0.6033162084477769
522.1487271952476,7,0.9998542442213069
522.5157605476973,7,0.9998327389056015
67.98303687411668,2,0.9531447879107287
67.15427016428508,4,0.833180933293344
522.8246272304507,7,0.9399710404383335
446.7028899324434,7,0.9099583763723742
446.98742328059615,2,0.9946177613927878
68.2316368870646,10,0.958796132412917
614.5199653395831,1,0.7711904818462639
69.79393696843441,7,0.9994885737411222
604.7436314970657,2,0.8786442681608606
19.81073436514247,2,0.9790392616706143
71.5341703924049,10,0.5653153774642603
590.6205640948226,4,0.7185647367761763
523.2487605858744,0,0.9997729864694679
573.4920632027131,4,0.9276973662287131
26.179668030191117,2,0.7699716977910308
26.22706803265986,2,0.9911992089276205
28.559134820788348,2,0.9226601769167132
29.55350153924495,10,0.6677208099930938
81.13507089245182,2,0.9657669300423519
81.50213757823654,2,0.6705580027182474
81.71517092266537,3,0.9815011910844214
82.55540429976087,3,0.9710749007313197
84.94683775764803,10,0.9685597624518235
556.9324290068988,2,0.892107895070856
609.7995317603938,2,0.8770337615858134
86.1187378186845,2,0.8795987421410818
86.27263782670012,4,0.9782814789738121
87.39720455193797,12,0.5247456998578027
94.16873823795537,0,0.9685928495576069
94.52377158978004,2,0.9671825954856493
472.6153579487178,0,0.9854894856721492
95.67213831625746,1,0.9928492572090866
97.3885384056533,0,0.9550128795273697
98.22937178278004,5,0.9999936159071297
98.30037178647795,2,0.9749221087470342
99.04610515865156,2,0.7646756796999
561.9580292686488,4,0.6173577823015662
590.9704307797115,2,0.6240861426795367
102.15947198747276,10,0.76972676809843
102.52653867325748,4,0.8335226138493929
570.3758963737462,2,0.8850223291845969
382.79888660410967,7,0.9966923606977255
104.45600544041724,2,0.6388422824555655
104.88217212928008,2,0.7987226156278591
107.82993894947629,2,0.8908314918287523
108.65873899264294,10,0.9539255669771248
561.7017292552999,0,0.32896612453219043
109.58207237406656,4,0.9807219757311271
110.9552724455874,1,0.9938218740348468
111.61797248010303,2,0.9688903957068417
112.1509058411933,2,0.9671754268655691
465.86552426383065,3,0.9978859715697757
633.1949663122396,11,0.975622987523304
521.9490938515167,11,0.9995557443027101
572.7103298286645,6,0.9728148946548724
637.5008998698403,2,0.9903884272900239
542.7075615993537,2,0.5288327679360885
545.6169284175498,2,0.9314060607444155
116.85060608596936,4,0.966361847218249
116.29407272364992,0,0.9666818539871046
532.4721943995949,10,0.6456287572198824
532.732394413147,7,0.9975858833730126
117.6316727933166,4,0.7569590255277092
117.51360612050064,7,0.9986921594356005
117.09900609890688,2,0.986775570030127
117.35947277913952,4,0.9611446883546273
573.6813298792374,4,0.9071967475325382
118.22357282414474,10,0.7486256110112564
446.5646232585753,2,0.790739590988638
446.6111565943323,7,0.9821071461621502
119.111706203735,0,0.51335968096597
472.7660246232317,7,0.8262477099768659
553.7140621726089,7,0.9861961822675378
125.38580653051108,2,0.9225706623245659
554.8383955645013,7,0.8786358025333206
25.62043466773104,7,0.9969568739505321
127.84800665875068,2,0.9234619419166179
26.60296805223799,7,0.897181598130922
26.756868060253616,7,0.9817270780826464
565.9992961457982,7,0.5653223409069117
28.99423484344981,12,0.9548153612307179
28.177434800908134,7,0.9958970565352041
606.8646649408696,12,0.8482259529053333
627.3526660079531,7,0.6538709777148649
545.644895085673,4,0.8999760008782951
586.2849638690101,7,0.9727786177608637
514.7045268075289,11,0.9999578297046458
516.6268935743187,6,0.9870916049477096
39.30533538048632,11,0.6692354445533429
39.63670206441167,1,0.7529765296808254
578.6388968041108,12,0.956286829311233
43.37756892591516,11,0.9979609789389405
314.78678306181246,4,0.6102783075012425
45.105935682600936,11,0.9932735106396051
45.95833572699677,11,0.9974620473731701
528.366360852416,7,0.997512636617638
162.59304180172137,7,0.6459176895882971
49.27293589963221,7,0.9958191258785349
590.6163640946039,11,0.9994148984092937
580.8664969201316,8,0.9726244037194931
52.256136055007225,4,0.8810044310562256
57.46486965962878,11,0.9335326459747937
281.3306813193071,11,0.6620392738799661
592.1717975089493,11,0.8864811400599489
612.2411318875605,4,0.5956553095573245
60.27060313909407,11,0.9769158344962074
633.6363330018941,7,0.9987294507119904
277.74511446589213,7,0.9867466731508072
552.4513954401783,4,0.8911464622732566
532.6628610761921,11,0.9922480793061633
634.2540663674009,7,0.5002719307936557
522.6411605542285,1,0.5042580563187778
573.5060298701072,11,0.9471810450690948
573.8254632200777,8,0.9899373841534388
19.97080104014594,7,0.9250855741301223
19.520967683383784,9,0.501212701837359
20.645567741956707,8,0.6315749620381927
523.7993606145515,9,0.9994375503321521
613.4236986158193,11,0.6796203791521105
595.7675310295605,12,0.9086871714739716
417.8927884319172,11,0.9535602795902305
636.9152998393403,8,0.9635068626546675
26.292301369390767,8,0.9996918745061275
26.68300138973973,6,0.9982965843885351
27.902268119909877,11,0.8533202345432562
581.5675969566472,1,0.942046043945853
545.823428428305,9,0.9999999623780418
606.1213649021561,6,0.9854507437438363
586.2513972005952,6,0.8422397409537312
637.485433202368,6,0.9957805406706441
637.7678332170764,6,0.9994954782963268
596.5684977379442,5,0.9930561341670388
383.7375199863302,12,0.5874694685384582
516.5584269040861,9,0.8206483396117572
636.6859331607274,0,0.8272875582391312
384.8745867122191,5,0.9999529530893617
527.672794149626,5,0.9954923743184415
527.9922274995965,5,0.9995299486711028
517.918660308265,5,0.9917518399257917
595.3978643436403,5,0.9999890852620098
569.5440629970881,11,0.48734603061699566
612.9625319251335,5,0.9999485487803703
590.7985974374285,1,0.9574116635401055
1.6113667505920226,7,0.9813381125588284
4.579033571824677,1,0.995004214933173
4.937133590475721,9,0.46559332508595797
4.286400223250023,7,0.995254298374788
7.629933730725735,9,0.9999895654750315
6.553400341322952,4,0.6299420018567443
9.654600502843802,9,0.9985006456178747
7.355800383114623,9,0.9999947001319396
11.41810059469277,11,0.8463033199252272
8.187433759762197,11,0.9349771358834487
4.890900254734401,6,0.985829615735526
5.332233611053848,6,0.997201786490243
7.09610036958858,7,0.9419099478000271
16.144867507545225,6,0.9397217112535023
17.68346758768065,6,0.9980392515119059
18.550600966177186,11,0.34231970829674746
19.128467662941077,6,0.9991847928818876
18.96486765442024,11,0.8172778682928692
18.83763431446017,7,0.9327064509019977
19.547901018119894,7,0.6699523419721687
20.25530105496365,6,0.750020181866367
20.814601084093862,6,0.9945683683391313
20.651867742284832,4,0.48196657480919336
26.57900138432306,5,0.9999860298751713
27.951834789158134,5,0.9999852227925905
27.381034759428967,5,0.9999868052190342
29.02613484511127,1,0.8324367966471102
21.66993446197581,1,0.5108104303006208
31.01570161540121,11,0.7764245242084682
24.53470127784909,5,0.9937495055780606
25.31306798505569,7,0.716713143749392
25.703734672069583,7,0.9989087197815255
26.56500138359389,5,0.9987402855200748
27.28113475422584,6,0.7982057607553569
29.43346819965988,11,0.8989765181762657
29.466034868022728,7,0.9638596149920717
31.3571682998526,6,0.6916118404131248
31.313534964246696,9,0.9135696959121131
561.6610625865152,8,0.9536006945438341
541.8386948874335,7,0.5263886694179268
582.325396996116,9,0.69657149277801
226.72927847548385,1,0.5827542440112468
226.96621182115743,9,0.9999809386791559
624.2780991811527,6,0.7456169449780334
563.2360293352114,11,0.964328664045585
133.93397364239482,11,0.7623343700091052
273.83194759541465,6,0.9988860802214146
582.1754969883087,11,0.7068807807058813
614.3864986659651,11,0.9888467606393307
553.9229955168241,6,0.9978696492671232
614.5155320060189,6,0.4612274424252103
637.7535665496666,6,0.9980104705381437
472.9844913012769,6,0.9595347283335918
635.6759331081232,6,0.9844193123954823
523.6737939413448,1,0.9948814587351248
574.1959632393746,5,0.9997564990340899
574.255196575793,6,0.9893661383423984
595.876764368583,0,0.9971047599183587
244.8372127519388,4,0.911562764305529
585.6857971711369,1,0.6896499272036812
29.78173488446544,1,0.6150431583087123
34.38676845764428,1,0.8954659991031616
34.43410179344289,5,0.9999934676512706
34.907601818104354,5,0.9999830602897704
585.8441971793868,1,0.9771269756587427
35.75993519583005,1,0.9079090579706297
358.6152853445471,5,0.9977296712235907
36.06776854519637,6,0.906925888955054
36.51753523528839,7,0.6765996452387829
628.6824994105485,0,0.7122895341467577
364.7341189965697,11,0.9814682845428568
364.7700856651096,6,0.9942152138146617
592.1583641749164,8,0.996575596314051
45.99996906249851,12,0.8232024359321262
528.2886608483692,7,0.9967350465471954
579.3090301723469,1,0.5726693679702045
569.0958629737444,11,0.9476945689317194
376.9717863006149,6,0.9948442908428731
463.99209083292266,8,0.9860936769211832
638.4683665868957,7,0.41208459291059585
611.2865651711769,6,0.986967128746338
540.7283614962703,6,0.978970158914422
591.5572641436091,1,0.6183153154091899
383.825753324259,1,0.8610292966283712
551.2630953782876,6,0.9996910922125132
60.41860314680241,6,0.999717217777849
560.6681958681366,1,0.9758329125884668
521.9235271835184,5,0.9999856769915154
62.80996993801944,6,0.9162566409521109
64.2542700132434,11,0.8219699668943267
64.70410337000556,1,0.9889363555836247
65.05937005517569,5,0.9839210434559024
65.09490339035972,5,0.9999845034608705
532.1493943827824,5,0.9999891898917584
532.4095943963345,1,0.8101053720673905
67.65183685686668,7,0.5297156636853911
67.75837019574863,0,0.9677210847436294
446.90502327630446,7,0.6157732523873638
68.63423690803336,7,0.999210132026897
68.42120356360454,9,0.9996414412614765
68.83540358517746,7,0.8889583195111052
68.52763690248128,6,0.997435320212551
69.24983694009586,11,0.9851809244192019
69.14330360121392,11,0.8733361770863939
69.10790359937016,6,0.9993812761629515
553.8672288472529,7,0.7610584199691907
604.6368981581734,6,0.997077495942912
584.7774971238296,12,0.9397938034759794
574.766363269083,6,0.9988534102756996
72.48160377508373,0,0.9899782328687373
585.9156305164406,1,0.7649720604110548
585.9494638515362,1,0.9450296906854486
311.492816223585,6,0.9202017718334761
545.9482617681401,6,0.9923067006138516
596.1880310514615,4,0.5934710537824608
532.2784943895064,1,0.7060351282441568
546.7299284755186,5,0.9996789253892471
358.57115200891513,1,0.9834843215785755
587.9274306212219,5,0.9999668075536311
88.71170462040152,0,0.9661786190924558
272.972447550649,5,0.9999666345983353
90.8069380628616,6,0.47636528170810827
91.88450478565152,5,0.9990513987764923
639.3951999685017,7,0.9744593307597774
92.14480479920884,6,0.9988957656524595
92.3462048096984,11,0.961326239952283
92.73667149670187,7,0.939498003184914
594.5718643006195,8,0.9885683277448646
568.7566296227426,12,0.9088955142101367
93.54183820530432,6,0.6972344384001123
568.8496962942565,4,0.8819430150603238
629.8452328044409,4,0.9019391350225902
273.1014808907029,9,0.8557517582061983
94.12160490216718,6,0.9970877822989682
94.39420491636508,6,0.9932057880772474
94.66620493053176,9,0.996265807114038
95.18717162433212,9,0.6658547292347695
548.9437619241558,6,0.8484499660316668
99.25943850309602,1,0.7781576856942674
100.59733857277833,5,0.9997126206233454
1.5203667458524388,12,0.3984650448258775
102.19520532266722,5,0.9906826009510303
103.95930541454744,5,0.9998598244296921
584.4710971078712,11,0.5941233879626976
104.74047212189988,4,0.5167039728273614
611.4782985144964,8,0.9992822269423063
105.0719721391655,4,0.8345963867518457
591.2053307919459,12,0.5928847974488625
418.9533551538217,8,0.9995840774040695
561.7980959269856,6,0.998613576187011
109.68897237963428,8,0.9567209118586456
110.58853909315336,6,0.6974758951089728
110.65967243019156,11,0.9614216972954707
113.83207259542075,6,0.8711022736395382
628.9768327592117,11,0.3949498597821021
567.3730628840152,12,0.9183482398655489
116.72083941254402,6,0.5324351714207884
117.3244727773166,6,0.9708075385607667
117.89273947358048,6,0.9968413383380408
118.40177283342598,5,0.9999677480070838
118.95807286239994,2,0.9992673889189672
563.1710293318259,2,0.6043768403733419
120.69810628636004,2,0.9756467104303186
604.4488981483818,2,0.9925694345446313
533.4908944526521,9,0.9224962754152758
123.84713978370552,11,0.9929898130498069
274.87861431659525,11,0.9958852801680619
544.1419616740619,7,0.9848867514178095
127.09097328598853,2,0.7650474312068787
351.9470183305748,2,0.885844813754303
585.6091638338122,2,0.9412238633677767
524.9468273409819,2,0.9454114105172664
128.27437334762396,5,0.9999107906865063
27.656968107133828,4,0.8616419979147836
129.16270672722464,2,0.6256325231315784
130.0861067753184,2,0.8782570028223392
130.80834014626805,7,0.9974934095057039
131.88527353569168,2,0.818762697291539
596.7478644139528,3,0.9939229608480207
418.7292551421498,2,0.9061172502266556
586.2501638671976,2,0.6288263023551327
133.2346069393028,7,0.9911509413015951
133.95714031026807,2,0.5571400528306781
515.6083935212719,2,0.9979441199044888
134.07500698307365,2,0.8337627071838365
134.16970698800594,1,0.9661788416505425
134.3124069954382,2,0.9726401453616741
134.22914032443475,3,0.8225328462976903
33.37476840493594,6,0.5041644115427105
135.10517370339485,7,0.9802406211311422
135.50747372434796,10,0.6016601609172674
135.09347370278545,4,0.9553529700156878
134.65527367996253,2,0.9720282206517765
34.3217351209238,10,0.7984005854983353
34.250835117231084,1,0.6367492873101928
136.09934042184102,1,0.9842621843166658
136.135340423716,1,0.9905950596805115
136.38394043666392,5,0.9998331322248606
597.5993311249667,4,0.9902012035905954
137.27157381622817,1,0.9981013132456295
526.993527447581,1,0.8281511008023329
138.5381072155268,2,0.79142325381651
37.04453526273631,5,0.9997824062502554
37.304935276298814,2,0.9992207274376151
139.04760724206324,2,0.8476872286318085
38.35856866450889,2,0.9610878692914345
140.7404073302299,3,0.6101087638114342
140.14790729937056,10,0.6509366446978927
140.32584064197124,10,0.7017640382445439
584.4946637757653,2,0.5706999917926302
39.104468703357846,1,0.9598405391812509
39.35290204963042,1,0.8876664313745161
141.1664406857525,1,0.9441156322357024
141.74660738263617,2,0.9809829140540557
141.65150737768306,2,0.9423049960667612
142.6697074307143,2,0.8857478082120701
142.19630740605805,2,0.7489202877311024
142.6464740961709,1,0.9871156132085221
523.669560607791,2,0.942271042132424
41.42470215753668,1,0.47225278930555886
143.11927412079592,1,0.9833129939481527
143.80657415659277,1,0.9293805056402717
527.6799941500011,4,0.6960607038180022
629.9195661416458,4,0.5227286189107261
42.075702191442936,2,0.9940836642146057
144.3742741861605,3,0.9994633839101418
144.6352075330841,2,0.7965769673452548
144.56364086269002,7,0.9975453792710173
145.20334089600772,2,0.94961941074385
145.78337425955112,5,0.999990072730959
145.27420756636536,10,0.9842410828702439
145.51074091201815,0,0.503467549550219
145.21467422993135,11,0.5760842830905198
431.7961891560527,2,0.8742467282964845
538.6515613881036,2,0.678510732264277
45.46136903444643,1,0.9729586989126736
147.6774410248671,2,0.8355413206200277
149.25160777352164,2,0.9742752133715201
149.39407444760843,2,0.5573503097285902
149.8553744716345,3,0.7646220651444391
150.60097451046784,0,0.9717443565868378
152.62560794925082,7,0.596666871368009
473.513024662138,7,0.9934603007211154
153.06367463873346,11,0.6322050408031327
153.6793413374661,7,0.9985951552774428
155.7391081114123,7,0.9556233228230261
156.54414148667445,2,0.9927640149125209
156.72164149591924,10,0.9999374354972663
156.95814150823696,10,0.9905714277847562
55.53560289247947,0,0.9997945343973661
157.30147485945224,0,0.9719107624376099
591.4922641402237,0,0.9918753219080617
591.530364142208,2,0.8288320206640996
591.8116974901942,2,0.9955827966277463
158.66334159704945,2,0.871067593003913
158.93530827788106,2,0.9825470445847272
57.33506965286836,2,0.9733631567137762
159.29044162971093,3,0.992296832633052
160.30854168273697,2,0.6270821767515882
160.79410837469356,4,0.8844152023394881
551.6476287316488,7,0.9706378967634278
161.24400839812586,0,0.9758106334252644
161.82397509499913,4,0.7014076823156491
162.19074178076824,2,0.9983998567990445
162.51047513075434,2,0.7872089208463274
162.82990848072484,7,0.9986936652362548
162.93650848627692,2,0.8713080660073647
162.99594182270573,2,0.6878967176573002
163.9902418744922,1,0.6443387068462827
163.1143418288724,1,0.9880248200559792
163.7178418603047,2,0.5067455159107384
62.9462699451184,1,0.9925448493067196
163.0666751597231,1,0.6523876486214221
163.0079751566658,7,0.9655784681211071
163.18520849923004,11,0.8913119220579934
163.67037519116582,4,0.8928730692509882
63.905203328396176,4,0.5318290272428435
163.68234185845574,1,0.9010867476251281
562.2986959530585,5,0.9979428662864467
601.9341646840727,11,0.9662879464748615
552.3816954365481,5,0.9999943153645175
166.42864200149222,1,0.9913581787604204
166.4881086712561,2,0.9947594855912538
166.77204201937764,3,0.998975827879687
167.49444205700263,1,0.6054657553700938
415.9276216628981,1,0.9604525274465449
532.3667943941053,11,0.9652799955975141
168.01534208413284,0,0.8590482248383735
573.5653632065308,1,0.9929047370469707
169.3647421544141,5,0.9999988563920683
169.83817551240543,5,0.9955000895589985
169.98000885312592,1,0.9928223144672602
563.3151626726662,1,0.5630148172924655
170.02787552228563,5,0.9996705602394276
170.03944218955473,1,0.9613307687741618
170.6435422210183,3,0.9982197849387016
170.71427555803564,3,0.9998695249964162
614.1588986541109,2,0.8512414416926098
171.44844226294015,11,0.9997918421834847
172.50160898445927,11,0.9712917498696233
172.53760898633425,5,0.9999965338892125
172.59620898938635,1,0.9574840577283741
20.089501046328238,1,0.9824265893154953
20.20793438582997,1,0.8489727655301701
20.31443439137685,4,0.8316275205955929
172.86860900357385,1,0.834028851060658
172.9164423393985,5,0.9995423043196862
172.95134234121622,5,0.9999896444147415
173.08167568133774,1,0.9717635708744986
173.46030903439157,0,0.995106737802843
173.70927571402524,1,0.9292618641684547
173.9695090609124,4,0.9434883257686575
174.0171757300617,9,0.9945406456059056
174.19447573929608,1,0.8950862579014622
174.45530908621447,2,0.9992921378586396
585.930697183892,4,0.9183661148473823
176.053475836119,1,0.9899151455775892
176.0652425033985,11,0.68833280434998
176.07717583735337,5,0.9856188463566377
176.25480917993843,1,0.4500983204987115
176.325142516935,5,0.9996073441954819
176.3491091848499,7,0.6772732429822595
176.9293758817388,1,0.905982608047968
177.46167590946277,4,0.762592737927926
178.30237595324922,0,0.9955953432354439
585.2921304839667,0,0.8815120887909774
585.3989638228643,4,0.9800526660827042
179.06000932604263,4,0.9851956960241822
179.09577599457214,11,0.9715886516241903
280.5513812787185,4,0.991253043481812
280.9300479651074,1,0.9927511256894084
180.62304274078397,4,0.6614013034091571
180.9898427598881,6,0.9181070819067345
606.9507316120189,9,0.9999961211447664
181.39244278085687,0,0.9943359762878032
181.6996427968569,6,0.8471502184273104
181.83004280364852,2,0.9935077689516159
182.13787615301487,2,0.9911806773474927
182.18500948880308,4,0.7563545381117458
182.25647615919195,6,0.774651337751758
474.6153247195495,1,0.6269296859200001
545.7425950907616,5,0.9999677531930826
184.96717630037423,11,0.6981975780537927
185.53577632998883,0,0.996152416288498
185.7722430089715,0,0.9990823033321442
186.0678763577024,2,0.7450368942923032
186.29350970278745,2,0.9882709027363017
186.5419763823951,3,0.9998985473418661
186.69587639041072,10,0.9996180583592034
187.2046430835757,2,0.5500828011569957
187.38247642617117,1,0.9638186909470922
187.58380976999055,1,0.7964450717114036
187.71400977677183,1,0.9808202480193651
569.3752629882964,10,0.7002249481061381
597.5424977886734,3,0.9763336969393704
516.4516935651938,3,0.812474659779276
191.7269433191121,1,0.706739474905296
191.75070998701665,7,0.9927454431981249
598.6541645132394,7,0.9859396084263685
192.2125433444038,2,0.584777753431386
192.3066433493049,1,0.6477149545094955
193.5264767461712,4,0.9846829349690279
193.67981008749064,2,0.9204899700712907
195.55051018492293,2,0.9097739237983353
573.4407632000413,2,0.6146855846970467
196.1304102151261,2,0.8543589302483613
196.6518102422823,2,0.7231551261344297
196.8291769181868,2,0.8062238233796886
197.1843769366868,3,0.9467591675815753
197.25547694038997,4,0.8914190772937868
197.6343769601243,3,0.9998559461414676
198.3323769964785,10,0.9078025890888978
198.53377700696808,7,0.9989020195850985
540.9882615098068,4,0.923263895903648
199.39764371862785,10,0.6583327642866822
569.1041296408416,10,0.9266490022567859
569.4478963254128,2,0.7335436836189388
569.5081963285534,3,0.9229611746864189
200.22624376178408,10,0.9748475289976106
200.4986104426365,2,0.6528116211676419
201.42251049075628,10,0.9990604038454891
201.8131438444351,3,0.9999938533444254
201.8367771789993,0,0.9881720290866073
610.7055984742516,1,0.5227346635142461
549.9089953077616,5,0.9999990220284282
202.3097772036348,7,0.9839319020331674
202.4756772122754,5,0.9999975593665281
600.4311646057914,7,0.9956737143940606
2.7663334774132093,2,0.6297891757749184
204.36977731092645,7,0.9996905016923634
280.8371146269338,1,0.8382803349667575
205.82584405342996,7,0.7750343859268514
206.6070774274525,5,0.9956644157508969
207.2583774613744,7,0.9746259112030209
207.2700441286487,7,0.9902930086230366
207.60151081257925,1,0.9090368410857009
208.27621084771988,7,0.9995152567347091
208.3828775199421,5,0.9999623017414029
208.6673108680897,2,0.9758112835072055
208.880110879173,7,0.9992214480883551
208.95147754955667,8,0.9419357903592487
209.37754423841432,7,0.9955294651034207
209.4247109075376,7,0.7915894400261934
209.7917775933223,7,0.9961095498554992
561.9790959364127,7,0.9897470954454547
581.5067969534806,7,0.9898653646064934
210.1235109439334,7,0.7134715818310191
632.6329329496336,3,0.9968431842434317
532.7546277476383,0,0.47063451143614865
211.2953776716348,4,0.9293293486509726
211.89891103640215,11,0.7913227065821783
212.5029444011956,4,0.9596863979706869
215.06007786771292,7,0.9766347549295363
215.35554454976847,1,0.8999858775046581
215.8526112423241,7,0.919596028814922
216.2909112651522,5,0.9999895848161726
384.74578670551074,4,0.9665376336026679
613.2727986079599,1,0.48227253471165554
217.0959113070793,0,0.9039430879210902
217.48691132744383,4,0.5151749724201183
610.9096984848818,1,0.9848748842739897
218.5283113816835,5,0.9999122161533588
218.75324472673208,7,0.6353609006279426
218.942311403246,0,0.9992861416071219
532.9403944239803,4,0.9940253737542094
219.5343447674144,0,0.9997202479321106
219.6053447711123,1,0.7488799455700552
221.2392115228762,4,0.9607755685609776
221.4164781987755,7,0.9981460115722929
614.644665346078,7,0.9695763476802225
222.12704490245085,2,0.8276053405313967
222.24544490861751,7,0.9990015631215965
222.30451157836055,0,0.9997946627736388
222.42281158452204,0,0.7751849784133108
533.317994443647,7,0.8058344077732535
20.97450109242199,0,0.9743694134504005
20.583834405408098,0,0.9937724052960468
590.5626640918069,0,0.9703436550451511
224.47127835787967,2,0.9844780598170315
584.8111637922497,2,0.9960858065533721
21.69663446336644,7,0.9991719387927338
635.7458331117639,7,0.8558576027158379
225.45364507571128,7,0.9980935772635844
447.54052330940345,0,0.999367646951457
22.608201177510537,1,0.4994613276711251
226.25831178428768,2,0.9983033447362331
226.38847845773387,2,0.9796152892176428
226.5903451349144,11,0.8354463514647441
226.6140118028137,10,0.5246602985329433
226.8149784799474,2,0.8748286256215884
227.1700118317721,2,0.9950937208551339
227.44274517931024,1,0.9656626391503288
227.4895118484127,5,0.9996207922586783
227.9511785391245,4,0.9496890527168098
605.9704982276318,7,0.9997647624735211
228.70877857858284,1,0.9700630950235002
228.791911916246,1,0.9946587602454228
585.6033971668452,1,0.961369224521641
463.8249241575494,5,0.9999955740652556
631.3075328806024,7,0.9985191912906395
230.79231202043357,7,0.8785141382129791
27.23686808525362,5,0.9999957248024469
231.9645120814856,1,0.9303419654228365
555.7688289462947,7,0.9678221982183244
232.80474545858112,1,0.9902947923110116
233.15991214374608,5,0.9999986128543228
233.3968454894197,4,0.4949435357334456
233.5863788326245,7,0.9924375697121932
233.71681217275125,1,0.6298454598310185
234.0836455251905,7,0.9821156313072488
234.52147888132765,4,0.9524059218346109
234.61631221960025,0,0.9950628137993003
234.86521223256372,4,0.9319687678513823
234.88867890045265,7,0.8767075704599425
234.99501223932415,7,0.7240708458903145
235.208512250444,12,0.8172386957504819
235.45671226337103,12,0.8023760499502326
32.95466838305573,7,0.9994920230052774
235.5161122664648,4,0.8950881614527092
235.9066789534735,7,0.9739779932111323
236.10807896396307,1,0.6128990668315223
236.22627897011927,7,0.9544202198021354
236.34484564296133,1,0.47827044059538815
236.36807897750475,4,0.7767058893334496
236.4392123145429,7,0.9976991965287799
236.6996456614405,2,0.9165408948519659
236.84207900219224,2,0.9985743331986479
237.0787456811853,2,0.9907093533181486
237.2088790212964,7,0.5440617461608172
238.42847908481724,2,0.6725283311224463
238.5112124224596,1,0.6458433867898088
238.75964576873216,1,0.7543731010645899
35.49983518228318,11,0.9999434207151269
363.76428561272417,11,0.9681992496627524
239.87251249336063,2,0.9300561772247051
239.89577916123915,8,0.6395322851903688
239.95544583101344,2,0.8384156399633101
36.34033522605922,3,0.9984843178474131
36.69550191122416,2,0.9993922059588614
36.99150192664082,7,0.9768354237995295
240.39344585382597,0,0.9999349684801137
240.4049458544249,2,0.9982713455496318
37.938535309298814,10,0.5961715954601752
240.42911252235024,2,0.8492219878057269
241.3284125691888,3,0.7387510650352708
241.4825459105499,3,0.847322588851168
241.802279260536,10,0.9851030682316405
615.5074320576804,7,0.9647713232851057
39.01583536540819,7,0.7405076731587609
39.3590353832832,2,0.9734192717810656
243.10427932834853,4,0.9353641584652721
243.7434126949701,6,0.5707164490418452
243.8026126980534,4,0.9522285593152072
40.72040212085439,5,0.9999858130701907
243.9568460394197,0,0.9968992859037967
244.02721270975127,12,0.7068637425325467
244.0750127122409,0,0.786803004895936
244.28817939001,1,0.9851074522269022
41.62020216771897,7,0.7880747765592522
244.61961274060548,1,0.7885765297712686
245.235212772668,0,0.9938312457419598
245.76744613372185,12,0.5115441587439877
245.79171280165235,1,0.8518643498031876
42.95790223739085,7,0.9877251922066838
247.03417953303085,1,0.9905876600576519
247.37801288427212,1,0.970233919879624
247.9224462459614,1,0.9664755426731154
593.7096642557133,12,0.5700285004992873
248.33631293418364,0,0.9981808712574809
248.7276462878989,1,0.7760517758308392
472.572224613138,5,0.999881257480473
249.74561300758467,7,0.9337283631665072
250.94071306982948,2,0.885416751254863
250.9409130698399,11,0.9953000041573835
579.0616301594614,11,0.9936882150933866
252.3501131432357,2,0.6808481058053916
253.29647985919237,3,0.9999412773063475
254.24384657520105,4,0.7653275177603123
351.7763849883543,4,0.5232391348459221
580.4810969000587,2,0.9776283608424897
256.0792466707948,7,0.5784971547343607
256.1619800084371,7,0.7557347969405962
53.94363614289786,2,0.8003855509041506
256.36311335224616,1,0.5451128581909368
256.6589800343225,5,0.9999942145300436
256.68224670220104,1,0.9263486326633591
256.9669800503642,5,0.9999973205044713
257.03804672073227,1,0.9653150680818469
257.0731467225604,1,0.9821843560136448
257.262546732425,0,0.9071231654624163
257.47614674355,1,0.8911125752739143
257.55784674780523,4,0.9435846984905061
257.58211341573576,1,0.710374654524384
257.91374676634166,7,0.9808662765339311
258.2918467860344,8,0.9992998268781396
259.3938468434302,0,0.9760577479922689
259.5591468520396,12,0.7251571334217594
56.98603630135621,2,0.9660300628242854
259.5707135193087,2,0.9801717572541847
259.69008019219234,2,0.9577968918329447
259.8081468650083,2,0.9313367990751128
259.83191353291284,2,0.8896275892356984
260.1517135495691,10,0.9515419241826698
260.26928022235904,2,0.9422210715115303
260.28191355635033,2,0.8337483383601171
260.41164689644063,2,0.9862491320631234
260.5773135717358,0,0.9992720502735333
260.98018025938507,2,0.870029249694929
261.0512802630882,2,0.6584978263483221
261.1571469352688,1,0.9389975470431164
261.59504695807607,10,0.9999227648442863
261.7965136352358,0,0.9993699774717668
261.87904697286774,2,0.8380638984392942
262.1875803222705,10,0.8682239345436186
262.447980335833,0,0.9996871120272943
262.95674702899794,2,0.7132373011386797
263.5598137270744,2,0.7999611939731596
592.5886641973278,2,0.5652809037065163
264.3765471029459,2,0.9122675242944587
264.49568044248406,2,0.9898286061460989
264.92221379803266,4,0.8738738214834452
633.9976996873819,4,0.8013473200354282
62.632803262125336,1,0.6701136584541388
266.4838472127011,1,0.7403804713547131
266.81531389663166,0,0.9704737177457866
267.0882805775153,4,0.8914692955601506
267.1349139132775,4,0.9647758599831702
267.31371392258995,0,0.9784100197939647
64.20713667745521,6,0.9997123636958322
267.5377806009268,4,0.9731693919694328
267.7628472793157,1,0.945672156319414
267.9764806237757,1,0.8150811987182137
268.09504729661774,3,0.7487069542336031
65.0358033872816,1,0.5418230001151892
65.03607005396215,4,0.8109492796729665
65.08327005642049,0,0.9643102331598364
65.87653676440313,0,0.9996441369048193
65.32003673541875,8,0.952726894627092
269.1830140199494,8,0.9977028637874316
269.2066140211785,8,0.9990150514413112
269.65768071133823,6,0.9959776714471933
270.4498140859285,1,0.858142331501879
270.5679474254147,9,0.8603101781174188
67.53390351739098,8,0.519175143240972
67.58103685317919,7,0.4740883333815519
67.8887702025403,0,0.9830010650893931
270.734180767406,0,0.9713671021824171
17.56226758136815,1,0.8693891673758807
68.84787025249342,8,0.9995041128763028
68.74117024693614,1,0.8821924624407311
271.4564141383556,8,0.995581128579359
271.7758808216612,1,0.9533402452120475
271.82304749078446,0,0.9921870235065279
69.62897029317573,8,0.9972614183767383
69.94880364316704,8,0.9985192889870684
272.79408087469244,11,0.743336770451751
272.864914211715,8,0.9516180284913781
19.90620103678136,6,0.999433163030142
19.77603436333517,2,0.9982873814717407
70.87227035793093,1,0.906302873445554
273.0304475536699,1,0.6120604060874842
273.03144755372193,8,0.9481704340596373
20.723034412658095,4,0.9004348992880429
71.54697039307156,8,0.996776282912179
273.04311422099624,11,0.9539279088581302
274.0962476091803,11,0.9781699988651542
274.17921428016814,6,0.998905675164843
274.2503809505414,6,0.996957147005411
274.4153809591352,2,0.998975079112786
274.46318096162474,2,0.5503546214978169
275.1146143288869,10,0.7119774657029863
275.1977476665501,2,0.7974710956725232
275.5997476874876,10,0.991849706455266
275.7067476930605,8,0.9996334218066018
275.8487477004564,12,0.5806911937803301
276.29851439054835,6,0.6394328809145365
276.35701439359525,1,0.6877716036236143
276.3814477282011,1,0.9891556350146683
276.52334773559176,11,0.38743848110358703
276.55931440413167,2,0.8428755360477079
277.1738144361369,12,0.9988825416551796
277.17471443618376,8,0.9102866551327505
277.38661444722027,8,0.5930464443467405
277.4459144503088,6,0.9998969560093596
277.46964778487825,4,0.9820856998006798
278.0152478132949,2,0.937160711099936
278.0387811478539,2,0.6869387972697489
278.0501478151126,4,0.9280885553692233
278.0615478157064,12,0.4958934984901276
279.2583145447046,12,0.9984051855088563
279.28181454592857,8,0.9995175013577633
279.7200145687515,1,0.8982333006104356
26.322468037628614,8,0.9237631546887289
279.9554812476821,4,0.9424702701453019
280.12261458972023,8,0.9963169179288549
280.1816479261282,8,0.9666853476797718
280.20551459403794,6,0.9997988698931343
27.447068096201537,2,0.9719709602377272
280.33438126741646,1,0.6812262285060856
280.3468479347324,2,0.9672781362469333
281.1632813105884,2,0.9008531393099097
281.4239479908314,2,0.8124386815239804
281.4358479914512,2,0.5919899952099174
79.37177080061328,2,0.5443903226819696
79.9165374956532,2,0.9222997097931579
282.5368480487949,3,0.7557491569303574
283.3541814246977,2,0.6612710701334211
283.4839814314581,3,0.9894616100182467
284.0879147962463,2,0.6294438273477246
284.147281466005,10,0.8221392142778708
284.43141481413693,4,0.9766125036911303
284.680081493755,2,0.9853831137764154
284.7979148332255,2,0.9532996729755691
284.88074817087306,2,0.9795288010337078
284.9049148387984,10,0.8543176362304836
285.0824815147133,4,0.98678304010799
285.16431485230885,10,0.8216177647467233
285.4253148659026,2,0.8773929989592533
285.52024820418035,2,0.8841729068874808
285.6151815424581,4,0.967226163200106
515.7478268618673,2,0.7868658805915216
83.95333770590322,5,0.9999945410487427
83.97687104046226,2,0.958060928159843
187.89204311937772,2,0.8156993740729437
287.2127482923314,2,0.9839244670337067
287.39018163490607,10,0.5363390060017112
84.29643772377302,1,0.9915957881745312
287.5438816429113,2,0.9239823570409174
287.6634149824703,10,0.5333010033184212
288.1599816749998,10,0.6116402082513688
288.53901502807446,1,0.8641018606516224
85.40927111506643,1,0.9786732654102013
85.53933778850741,9,0.9999999999999858
288.6689150348401,1,0.5190979872248915
288.693348369446,1,0.9824410941472281
289.2015150625797,2,0.9854990341891201
86.1432711532956,2,0.692100532670421
289.2128817298384,10,0.9138891227892163
289.6628817532759,0,0.9986080406070962
290.52784846499287,7,0.8233019997750517
290.67011513906925,2,0.8569621953428587
290.9775818217498,0,0.9997178155553923
290.9895151557047,3,0.9989367384214871
291.0953484945502,2,0.72540979053197
291.2845485044044,2,0.7398041204891503
291.5220818501092,10,0.9977008374410844
291.72341519392864,3,0.5017454259339563
291.9476485389408,10,0.5533030892775048
292.1731485506856,12,0.6843684414924713
292.30291522411096,2,0.9793679463167173
292.8240819179217,7,0.9952713324249302
292.9661485919877,4,0.683385924432131
516.541126903185,10,0.8609855184359907
293.3925819475311,3,0.9858557897616501
293.62861529315785,1,0.9802475449651801
90.87837139991542,10,0.8025856108145665
90.89033806720536,2,0.5319011444646427
90.98503807213764,0,0.9985530466198855
293.9137153080068,7,0.6826004643475204
294.5648820085884,0,0.9975055702716086
91.24553808570536,2,0.9734592694304106
91.4347714288946,2,0.9887880719297646
91.51760476654216,2,0.7385400384892982
294.7057486825919,2,0.9294876075274967
295.3214487146596,2,0.7531160474748007
92.01483812577308,2,0.5695991226461903
295.6542153986578,2,0.4279451748836106
295.9488154140016,2,0.9407836001278981
296.3398821010363,1,0.6762987502795074
296.4354487726804,2,0.9571452138178317
93.40010486458904,2,0.7746813211533882
296.4939487757273,3,0.9998560261761601
296.8847821294165,10,0.9745392698726785
296.9198154645745,2,0.9123315018816697
297.96151551882974,3,0.9997794342955664
94.22860490774008,2,0.8376399366871331
94.44157158549878,1,0.627759955682374
298.4597488781127,2,0.6012072554401967
298.9921489058419,7,0.9984002101940442
95.16377162311336,2,0.868410037670091
95.54277164285294,5,0.9999927286193513
95.76750498789114,0,0.999882892892796
95.81493832369496,5,0.9747563500089687
299.01544890705543,0,0.9986557903609065
299.2410822521405,0,0.9993373120595437
96.85667171128524,0,0.8542165464462401
299.3000489218784,2,0.9565634458654745
299.32361558977243,2,0.9769753578151716
299.4539155965589,10,0.8791542738219884
300.3531823100624,2,0.5214667380474907
300.5189823186978,2,0.4383200611936049
300.7668823316093,7,0.9381949892874112
301.0871156816214,0,0.9997102480999535
301.62041570939743,4,0.9692435623846111
301.90331572413186,7,0.9928935481978276
301.91604905812835,0,0.9998815820574931
301.9276490587325,4,0.9071116448295641
274.7833809783018,0,0.9997680232191536
301.9866823951405,1,0.9609400679111056
302.0935157340381,4,0.5841124283074306
99.55593851853872,4,0.9403643906226135
302.4952824216301,7,0.8747311111288701
302.5321490902169,1,0.9883146236231424
302.87494910807106,0,0.9970529553595009
303.0407491167065,4,0.6574023594068658
100.49107190057693,12,0.8405522872865931
100.64477190858214,5,0.9998895542159562
303.21814912594607,1,0.4689361544461068
303.32401579812665,0,0.9935647060331312
303.396215801887,5,0.99999831899344
303.47888247285925,7,0.992566359808362
303.5137491413419,1,0.9943419887500317
304.1528158412933,1,0.9120577906558005
304.3075158493506,5,0.9994699923069799
1.6432000855833422,1,0.6431129752659478
304.31868251659887,2,0.9413128590582157
304.36564918571173,1,0.9823471818025838
305.3957159060277,5,0.9999957156622206
305.4323159079339,4,0.9915980375546608
305.45531590913185,0,0.8110557384127665
103.6516053985214,2,0.9732178059816196
103.6636053991464,2,0.8669143762336797
306.4028159584808,1,0.7085293535695233
306.87644931648254,2,0.6922824275406376
306.9828826553593,7,0.9966380643957743
104.17270542566202,1,0.892625030801879
307.1134493288263,7,0.9393028364021905
307.1367826633749,2,0.9981367878026959
307.9055493700816,2,0.9336244337543768
308.03618271021867,4,0.9531552739454846
105.32090548546412,2,0.9979251176542103
308.16581605030376,4,0.9236558091463651
309.05404942989924,2,0.79892133844855
309.63378279342703,2,0.7147547039593573
309.97791614468395,10,0.663621588340517
310.10734948475863,2,0.9546366159109895
310.22661615763707,2,0.997622660867978
310.2853161606944,2,0.90848880823063
310.3092828286093,12,0.8234337783461115
310.33321616318915,2,0.6706087435206957
310.3439161637465,2,0.9019583292673723
310.3450494971388,2,0.5659561093818458
310.4151161674548,10,0.5855633716422007
108.87253900377836,4,0.8551599384553049
310.43991616874644,4,0.950781860662243
276.98451442627754,4,0.9801513226069851
311.00691619827774,7,0.9853190296570742
311.173116206934,2,0.843245981161554
311.20881620879334,2,0.8101399697540124
311.2435495439357,2,0.8586818065907772
312.0140495840659,3,0.9999264917803516
313.03224963709715,2,0.5039878544020058
313.5167496623316,9,0.9999999054740316
313.52834966293574,9,0.9999968771021078
313.5410163302621,7,0.9993073804646396
313.62408300125514,2,0.543536639408498
313.65901633640794,10,0.9480950564723042
313.83734967902944,2,0.8013375473280807
111.84387249186864,10,0.9659881772537143
313.8486830129531,0,0.9993243772284003
314.03734968944616,11,0.7277475434292372
314.13258302773954,5,0.9999969706610711
314.4053497086128,5,0.9998091190520686
314.5947163851423,1,0.9955474739071353
314.99658307273955,5,0.9999977850362657
315.12724974621176,1,0.986532285351855
315.2571164196424,5,0.9999967132251455
315.3408164240017,5,0.8619898924020454
315.4354830955989,7,0.6161597118674433
315.9908497911909,1,0.9842035724511895
316.4769831498437,1,0.9764132281353873
316.9741498424045,0,0.9827288634557383
317.24688318994265,2,0.884743815951249
317.48264986888887,1,0.9993613779861739
317.6007498750399,5,0.9949835005679396
317.6605165448194,11,0.8445951424390316
317.9095165577881,2,0.9852277989345498
318.06324989912844,1,0.8965914883157674
318.1227165688923,5,0.9999890961253223
318.2054832398697,0,0.46779881117750716
318.22864990774303,0,0.9898287183382103
318.26438324293747,5,0.9999914234481235
318.7021832657396,5,0.9999980090727044
116.44880606504228,5,0.9999986722530853
116.59070607243292,1,0.9705871293595926
116.59097273911348,7,0.9606197210754296
319.06898328484374,0,0.9995705665986692
319.2234499595555,5,0.9997294710997968
117.91653947482008,5,0.9999125541143306
117.08793943166384,5,0.9991644475851562
117.34863944524194,5,0.9998029963661571
117.47857278534264,1,0.888958876876011
320.0398500020764,1,0.685136247948911
118.24820615876104,2,0.9926604269653219
321.3895834057083,2,0.7606061986236463
321.4848500773368,2,0.790694180033675
321.8513834297604,1,0.978569870743815
322.2892167858976,5,0.9999893964802875
273.94368093456745,5,0.9998728949070211
322.9639168210382,7,0.7628694033029498
446.883189941834,4,0.9544852588581565
323.22415016792536,5,0.9999990112136657
18.470900962026143,1,0.954678538368999
18.94450098669281,5,0.9999456581788081
120.3552729351708,0,0.9999107955487713
323.3779501759358,4,0.4625066988815737
324.4442502314722,1,0.9697407167865071
19.749467695284828,1,0.9913075459319916
121.07760630612565,1,0.9673955916815286
121.7050396721378,7,0.9462307070061929
121.95357301841558,5,0.9998729179739054
324.49115023391494,12,0.8770266257876778
324.7280169129184,5,0.9999893770855615
122.36763970664823,5,0.9994560990699726
122.81753973008053,5,0.9999697814066725
325.04791692957986,7,0.6725750014852047
325.44965028383683,12,0.7934009509896489
325.4856836190469,2,0.9977526664815002
123.172973081926,2,0.9171624894983206
123.76473977941386,7,0.9617655626751149
325.5685836233646,4,0.9700822296191993
326.2073169899653,10,0.5054463232819962
326.2781503269879,2,0.9926535772828264
124.88920650464652,0,0.979511528286091
326.4326836683698,4,0.9119724820755689
326.83548368934896,2,0.9989190629421981
327.27318371214585,2,0.9959326363861318
327.9837504158212,0,0.5263837975831945
328.14941709111633,4,0.8822955940857794
328.3271837670417,2,0.9454658965381231
564.1537627163433,2,0.9952127778853643
329.83081717868924,2,0.9808285746198734
329.9728171860851,7,0.9620343872487781
126.9848399471274,2,0.9184005212601871
127.70670665139131,11,0.4915643523675243
636.9014665052864,4,0.7067713354935085
331.80641728158514,4,0.9638925043177362
26.56820138376056,4,0.502669431191454
26.75763472696021,7,0.9378267990448121
26.31960137081264,4,0.6884838436684413
26.4734680454932,0,0.9911204907821153
280.59561461435567,1,0.9655991909696486
280.99754796862305,1,0.8721793220347401
331.9732172902726,7,0.9135952020074085
332.52951731924657,1,0.9944529707199213
332.6361506581337,0,0.9553990663228892
332.7536173309185,0,0.999321570562827
332.8131506673525,0,0.9969171404239506
333.32241736054345,12,0.79577391810754
333.9731173944341,4,0.8794125811559831
565.7149627976559,0,0.9637105745562824
334.0207840635834,0,0.994291568358395
334.4471840857917,4,0.854667736506643
334.6005174271112,1,0.9968605662740432
334.71921743329347,0,0.9985475068235938
334.719484099974,1,0.6609353225637268
335.2756841289428,1,0.7543575909358153
336.90968421404693,4,0.7268133991393328
337.1933508954879,0,0.9999579455418233
337.21688423004696,7,0.9963659557829052
337.84468426274486,7,0.8079925162750674
627.6592993572568,4,0.9677351949638894
338.1646842794115,12,0.6147733221640704
338.2823509522067,7,0.9927136755819223
33.70660175555226,4,0.85282781412106
338.2946842861824,7,0.3937146739464781
338.3658509565556,7,0.9059117353773004
338.8271509805817,7,0.9276947307686139
338.83875098118585,1,0.7577117866925269
34.14450177835956,1,0.9865366085747963
338.885850983639,11,0.9951244450427871
378.9767197383719,11,0.9998508956197556
340.14118438235425,11,0.9974073484927166
340.2005510521129,11,0.999925608418291
597.6353977935119,11,0.9572613099181753
36.89110192141165,2,0.9388372321451932
342.2244844908595,2,0.9893445097658669
342.7105845161772,11,0.9998099588999084
277.97998114479145,6,0.7551751343683658
343.8112179068352,11,0.9841529524153603
38.41820200094812,11,0.9846445276685188
344.3557512685296,2,0.9644979521164609
344.7690512900557,1,0.6131347726532939
39.42436872001931,2,0.9518386635490639
39.86233540949674,2,0.7406255263028579
344.8406846271199,10,0.6612009784842563
611.8254651992446,4,0.879154372805625
346.2618847011408,7,0.9823074251570286
346.450118044278,7,0.9887700959236467
346.78231806158,2,0.9977822544767632
346.90135140111295,4,0.9948964617237691
347.05508474245323,2,0.802009889476461
347.41015142761296,10,0.5433851879907285
42.46670221180752,2,0.6259107376520866
347.7885514473213,2,0.9257798041692716
347.9190514541182,2,0.9894234909044716
348.2262514701182,10,0.9067171493315452
348.5103514849151,10,0.6645645463590238
348.55858482076053,4,0.9941678416321894
348.6172514904828,2,0.803012136424096
348.8071181670383,2,0.8099867435093125
349.2210181885956,10,0.9151157685496819
349.3624848626304,2,0.9726720802344375
349.4101848651148,2,0.6722544299231322
349.4579515342692,2,0.8766402278658119
431.79628915605787,7,0.9978764075016042
350.39245158294113,1,0.9983832021107696
350.4169849175522,11,0.5354637355787427
350.55888492494284,7,0.9971270564501279
350.5817515928005,7,0.6173299331601966
350.6294182619498,1,0.909006309667909
350.8899516088526,5,0.9999990939050162
350.9604182791894,5,0.9999957618587697
350.9849516138005,7,0.9751506224395854
351.2215849594585,0,0.9918469168062275
351.292384963146,1,0.9843086374089519
352.0264850013804,1,0.7928532825315227
352.0744516705453,4,0.9964602045837442
352.21548501122413,1,0.9821349471543899
352.2633850137189,1,0.9048030729397275
352.39368502050536,5,0.999987542093786
352.44158502300013,7,0.9188875679907321
48.80006920833707,0,0.7561898684809554
353.2105517297172,12,0.936841062698705
353.7310184234915,12,0.541493530731716
569.5619296646854,0,0.9973542465664376
354.3345184549238,1,0.866444096448928
354.54815179938385,1,0.9888306406085757
354.7253851419481,7,0.9294983797330768
354.7841184783405,0,0.9935721489465821
539.3624614251296,11,0.46392705672837914
355.16385183145155,1,0.9879252617932153
355.3765851758648,1,0.9679898849525713
355.5537185184238,1,0.9953125708024767
355.732385194396,1,0.4557527762254247
590.5467640909789,2,0.892918835162756
0.0683666702274309,1,0.6369396849688976
356.0745518788839,1,0.993709232934308
356.51268523503666,0,0.9977693457175509
356.9628519251495,1,0.9696383103976288
590.806964104531,2,0.9930485381632246
357.1754852695575,1,0.9225877060559285
357.40028528126584,2,0.8605637412437336
357.41341861528315,2,0.912506054840195
357.4599519510401,3,0.9930869830095569
357.649018627554,10,0.9618400297810925
357.68488529608874,10,0.953386815426829
53.51166945373293,1,0.3840958699486313
53.86680280556279,7,0.9500266395797875
357.7554186330957,1,0.9490653378885234
357.93381864238734,4,0.832460700689282
358.05225198188907,2,0.9015220520330517
358.3120186620853,2,0.9808978033206732
358.86871869108006,2,0.6533654500076518
358.9285520275297,1,0.8971681984768899
358.9512853620471,1,0.5784695172851084
359.21185204228493,7,0.8092459664520011
359.27108537870333,0,0.8735841706774303
360.1717854256148,9,0.6075948273291023
360.3608521021287,10,0.5655460002810617
360.4083854379377,3,0.9999859870004573
360.6090854483908,2,0.7860488595265894
56.51866961034752,10,0.5472640556698545
360.69271878608,1,0.8938782807018442
360.7508187891061,1,0.9942697926499396
361.04758547122935,4,0.9867907088007957
361.4491188254759,4,0.5297973954510923
57.27626964980586,1,0.9693550570830798
57.28806965042045,2,0.7672034997966378
57.2999029843701,3,0.9996068336246984
361.5081188285489,2,0.6376740877230499
362.15948552914085,2,0.5410957333914721
362.52731888163214,4,0.8073698665393407
362.8230855637033,2,0.6908123247133151
363.33145225684746,2,0.9325751424789062
363.4621855969898,10,0.9991462814798396
363.4738522642641,10,0.6447825075840932
59.65576977373816,10,0.5116310158644786
363.8297522828005,11,0.41177573103023285
364.07825229574325,2,0.9936712037171921
364.0892856296513,0,0.9957477170127209
364.1010189635957,0,0.997401190346849
364.36108564380754,11,0.9995393053670854
364.3972189790228,11,0.9998374040377174
364.4920189839603,6,0.8458842939020569
364.6576523259204,11,0.9950240684402797
365.46348570122416,2,0.9512080599355227
365.53451903825714,8,0.9039463538267658
365.9013523906964,3,0.9999714130516494
365.9839523949985,4,0.753625544765535
366.1015524011235,4,0.964864864275244
366.20818574001066,4,0.6041399789217478
366.551552424561,2,0.9572045884613262
367.1080524535454,2,0.9897491973629036
367.3093857973648,3,0.9988361562234326
367.6759858164586,3,0.9981692165800662
367.9011191615176,4,0.9012950947608425
368.2561858466773,5,0.9999982227300014
368.76528587319297,1,0.7940963589930646
368.7776525405037,1,0.7848490713790307
562.8191959801679,7,0.9915482068899442
542.7006615989942,7,0.9243238248995544
370.0911526089152,0,0.9731639231812347
370.1026859428492,1,0.922270460243535
370.1500192786479,4,0.8370603087066681
370.245619283627,5,0.9999978883490128
370.38768595769295,0,0.9978302360204765
370.4235192928926,2,0.9327198795660411
370.505285963818,5,0.9999324093648431
370.68281930639785,1,0.988888659532001
370.75381931009576,5,0.9999864425892051
371.0624859928388,0,0.9972597712348562
371.1567526644152,5,0.9999900443282902
371.6665860243023,4,0.9706192067002923
372.4471860649586,0,0.9870755300724532
372.4597193989447,5,0.9999233178071345
372.4707193995176,1,0.9951614045438463
373.64305279391,4,0.9704678655302734
522.569427217159,0,0.9966789165239975
572.6101631567808,1,0.8374145456693162
374.1751194882885,9,0.7429733589086631
375.5020195573978,1,0.9656746311919955
375.82155290737353,7,0.5256224414124283
375.8570529092225,7,0.9933457257684408
594.6909643068226,4,0.9615544567492248
533.5515611224786,7,0.87842421951552
376.31825293324334,4,0.920368892567443
20.83573441852789,11,0.9921162002008351
376.6618196178041,7,0.9701075428327899
376.8624529615871,4,0.9937984731779809
376.9335862986253,7,0.9983998757734356
377.0405863041982,0,0.9736949854874904
377.0874863066409,0,0.9996580100269205
377.17105297766,4,0.8333752321217479
377.4662196597,11,0.9909578496926086
377.7627863418128,2,0.9805443450585001
377.81025301095167,7,0.9931114337190051
377.8105196776322,7,0.9897023223073822
377.8457530128006,0,0.9997221239796742
378.03458635596905,2,0.9496953998246922
378.0707196911843,2,0.9329942661232514
378.7330197256791,10,0.519959250806093
23.06126786777443,2,0.9749735837242187
379.1234197460125,7,0.902335767722292
379.4913197651739,4,0.906714106758078
379.5259531003111,7,0.9969726543770644
379.5980197707312,2,0.5865976165231118
380.0472531274621,2,0.9651353300319191
380.2125198027365,3,0.8926436255722526
595.5170310165137,3,0.9979105023238451
381.9301532255298,4,0.8167908445201116
473.2075913128966,1,0.9827356658024189
382.0834199001792,2,0.87653098170382
382.1188199020229,2,0.9022939227155985
382.2721532433424,9,1.0
382.2962865779326,2,0.6752055083904032
382.52128658965137,2,0.5780670766713091
382.7104199328354,2,0.5701578002178191
27.405834760720637,10,0.9877176094658268
27.68996810885258,1,0.9504190713680748
382.7232866001722,2,0.9314607331309372
382.8885532754465,3,0.9748444331582252
383.0541199507365,1,0.9504119625182531
383.0653199513198,4,0.9591147108359898
383.19675329149857,7,0.9706216808024942
383.3148532976496,7,0.93664176273909
383.3387532988944,2,0.9660471923409569
384.1425866740941,2,0.7254571470035228
384.1912533432954,2,0.9243102057507416
384.29772001550725,1,0.8594278340671918
384.3324200173146,12,0.42532465408448983
384.43882002285625,4,0.8919325910264955
385.24432006480936,4,0.8577132149824238
386.73605347583714,4,0.8652292253306524
386.8192201468354,4,0.904606802926729
386.84282014806456,1,0.9706638915719126
386.8665868159691,1,0.987610039399965
386.8773534831965,5,0.999994677157117
387.233253501733,11,0.9819077603808235
387.3867868430629,1,0.7543959544737553
387.6113868547608,1,0.856177011712969
387.7896201973771,2,0.8530066914669793
387.8953535362174,4,0.9907374229793843
387.9558202060333,4,0.8765411776715323
388.3222868917868,1,0.9873001398582452
388.8430202522417,3,0.5916544905408968
388.9488869244223,4,0.9647561134863143
388.9610535917226,4,0.5383486259039831
389.3997536145715,5,0.9999979096704938
389.7541202996948,5,0.9999981018318603
389.82508697005767,4,0.9030798303705012
602.8764313998157,5,0.9999952314134231
390.0977203175906,4,0.7996440929515588
390.3817869990525,5,0.9999701785254984
390.512153672509,5,0.999997386221855
391.86192040947606,0,0.9844508040916032
392.41788710509934,5,0.9999694764696792
364.9955523435193,1,0.8838462121210601
393.1397871426983,4,0.9884866276194093
393.3655538211236,4,0.9519856887496284
393.8156871779014,2,0.9928909882763802
393.9091871827712,1,0.7786811673419136
272.8832142126681,5,0.9999791822116241
394.2768538685872,5,0.9999229666475403
394.312787203792,5,0.9998399874375179
394.3946872080577,5,0.9999974098227548
394.9637872376983,4,0.8949292997815662
394.9985539061757,5,0.9999935950618434
395.247320585799,2,0.952459353479014
395.5198872666618,0,0.9511132526503833
397.2711873578754,10,0.5473978168454914
398.4311874182921,3,0.9991433968152843
398.94098744484415,11,0.6660359375337487
568.5013296094457,0,0.9993720919369129
399.52165414175386,4,0.9764807136747753
399.7346541528476,1,0.607380306991992
399.9584208311688,0,0.9105968406952668
400.6811542021445,1,0.9261073478972057
609.7791984260016,5,0.9999993021390329
571.6932631090257,5,0.9999513892588754
538.2055946982094,9,0.9403402435068626
401.0355542206029,5,0.9999988749645401
401.2725208996116,5,0.9999707306399427
401.3680875712556,5,0.9997840435540497
401.4617875761359,1,0.7811513373210018
401.7345542570091,4,0.9885521991933381
402.5514876328911,5,0.9998883926574272
402.5864543013789,5,0.9999382187586083
403.1904209995022,5,0.9997736576630623
403.2264543347122,7,0.7701913988901338
447.5510566432854,1,0.9993375841462682
569.2480963150065,12,0.9638298216630085
404.3622877272036,5,0.9998799896030918
404.42258773034416,4,0.9745675293966309
404.6712210766272,3,0.9994244563633132
404.7527544142071,0,0.9998422221277518
404.9071544222487,2,0.6210485708246094
404.942321090747,11,0.9997915343435794
404.9542877580369,11,0.9936431977400246
404.96695442536327,1,0.9416691524181434
405.1798544364518,1,0.9843360089630486
405.2264544388789,5,0.9999188789573684
405.2623877740838,1,0.865586003972224
405.3328544444206,2,0.9175362676486929
405.6058877919744,2,0.8487425802697821
405.8422211376168,10,0.6668057381238198
405.87735447278,0,0.9976044159750264
0.1508666745243063,7,0.8993447912934913
406.1746211549293,11,0.9710565172802026
406.3512544974623,0,0.9475202655457766
406.5528878412973,1,0.473751402017604
406.9315211943512,0,0.9957621886326276
5.916400308145865,11,0.9994412610055359
5.139133600996556,11,0.9945074342074727
6.207533656642394,1,0.7210445089706297
6.681067014638924,5,0.9999996205595787
5.562733623059057,1,0.9954756460927979
408.3758879362453,5,0.9999658071477852
408.7195546208112,5,0.9999958089762943
408.9204879646098,2,0.8888823083446047
409.5593879978859,3,0.7927182250215108
409.6548213361897,4,0.9289950061476292
411.0748214101481,0,0.9277587174788008
411.15762141446055,1,0.9900223775947828
411.251921419372,11,0.9824021662050076
411.2877214212366,11,0.7820654942162245
411.7023881095005,1,0.90276667747259
411.74975477863416,1,0.5163985556195755
411.796688114412,11,0.9992871761583917
411.87988811874527,4,0.9240775636551916
411.9633547897592,1,0.5790752869065101
412.3540881434432,1,0.9436003854736215
412.495588150813,11,0.49230590426467935
412.6020548230248,11,0.9546107781172182
412.67268816003696,2,0.9848916807893633
413.20528818777655,1,0.9113015104620287
464.6171241988098,2,0.9693260764330771
414.5311215901637,10,0.8215439923659899
414.55588825812026,4,0.885347815719913
414.5911549266237,3,0.7109025408138059
414.66215493032166,3,0.8032881592267995
414.7677549358217,2,0.9451182794770574
414.8044549377331,10,0.6243852080433528
414.8514882735161,4,0.9909761132466748
414.86312160745535,3,0.9999876871505538
415.4438883043703,10,0.9997758670798332
415.501821640721,11,0.9785779776243432
415.66865498274353,4,0.9749415967469786
415.7270883191203,3,0.998304510188017
415.7623883209589,11,0.7129154000363221
415.7866216555543,11,0.9700216301037135
416.31915501662377,2,0.7032415613319297
358.86285202410784,11,0.9990619081719498
417.5026550782644,9,0.825725978633311
417.5626217480543,10,0.8089834355472296
417.787588426438,2,0.7847178201173794
418.0833551085092,10,0.5411732948483681
418.2959884529172,4,0.8901886861919281
418.4022217917835,3,0.9999972648915504
418.6163218029345,7,0.9690428920422445
418.675088472662,2,0.9600097744796899
418.6980551405248,7,0.9997528663357446
418.8992884843391,0,0.7382908864314169
418.9598551541602,4,0.8645185257781483
419.2193885010109,0,0.9820905851865621
419.2670551701602,4,0.8237889949792618
419.3022885053287,7,0.645865443618731
419.3268218399397,4,0.9791813774290425
173.5091090369332,7,0.951786351695694
173.72170904800615,7,0.9857803327245146
173.7333423819454,7,0.9992044063696145
420.17775521759256,1,0.9848342430448359
420.2842552231394,4,0.8121159130389863
420.6756552435248,1,0.9653354237196397
420.6999552447904,7,0.967379751947043
420.7590219145335,7,0.9991291040799031
421.3147886101464,4,0.9787554125118567
421.4448886169224,7,0.9804328067152981
421.456688617537,7,0.9973038979962764
421.4686219514919,7,0.9970927228322792
421.5630552897436,5,0.9999653661835406
422.0131219798512,5,0.9996265688376103
422.14388865332864,7,0.9865267993263217
422.297655328004,7,0.9683323445323098
422.43972200207,1,0.9242667070588184
423.2684220452314,7,0.935231237317364
423.5166220581585,2,0.9976645358300632
423.57645539460816,4,0.9802059660097096
424.3219221001012,7,0.9980458897626553
573.9094965577879,7,0.9870091948839992
425.37572215498665,0,0.9989214800990904
425.3871221555804,0,0.9999606499911625
425.4113554901759,4,0.9739668221048069
425.9789555197384,7,0.8791347719254765
543.2932616298589,12,0.5593710844713659
19.03346765799316,4,0.9907725886724636
19.22286766785774,1,0.5140212145703679
19.47146768080566,4,0.8433083939319678
426.1205555271134,2,0.6099708197512393
426.3342888715787,2,0.7774574255326753
426.47665554566026,2,0.9846287279660514
426.8084888962766,4,0.9794436211148121
426.9029222345283,2,0.9539136731711725
427.0092555733999,2,0.9574958444647933
427.0797222437367,2,0.8880906236950208
427.7431889449589,7,0.9985860592371844
428.1333222986117,8,0.9798276445793153
463.919757495822,9,0.9999836706795108
523.2244605846087,9,0.9998225849282121
523.2836939210271,8,0.9976894147821187
429.36532236277833,11,0.967384134923428
429.8376890540475,8,0.9977594266226859
429.8737557225926,6,0.9990614157154178
574.6816632646714,9,0.9999999821571067
430.1466890701412,9,0.9999996224255201
430.2995890781048,7,0.3665076289797808
430.5014224219502,9,0.9128420398525666
430.7623891022089,8,0.8884718512755966
615.9965654164894,3,0.9987215346470608
431.1290224546377,11,0.9984140159532128
431.5910891453704,8,0.853122127427905
431.7923224891846,11,0.9817340648559334
473.8488580129626,9,0.972272633609572
432.24088917921415,2,0.6519427853651378
432.9403225489762,12,0.618124979352551
26.33750137174493,1,0.8172879457096027
433.6149892507818,1,0.7580855971366844
433.8750225976586,1,0.9503033920120237
624.0884991712777,5,0.9995346394938228
434.195389281011,5,0.9999235315656612
434.6322226370961,10,0.6101996030689372
435.1178893290579,2,0.9391440771196092
435.3195893395631,2,0.9785308959772603
316.74421649709547,10,0.756312624652872
436.4326227308669,2,0.9461515023940517
436.9882227598045,8,0.980472857365185
437.2482561066812,8,0.9994174417986071
437.2843561085614,8,0.9998138400276219
437.37888944681833,4,0.8602568977464323
437.4148561153583,9,0.6506972037396811
437.6757894622818,12,0.850966118811541
438.030589480761,8,0.9724179093238796
438.14828948689126,0,0.7473224332428631
438.6226895115996,8,0.9992771838304164
438.7883561868947,1,0.8872046933096912
438.9412228615232,6,0.4334116775940181
439.036156199801,9,0.8816592758442701
439.1541895392819,9,0.897334365484201
439.4035562189364,5,0.9999982809891175
439.4036228856065,1,0.6587975101269731
439.8644895762767,8,0.7050332277315107
440.05518958620894,8,0.998949179604272
440.1847562596239,4,0.5518694901204715
440.220789594834,8,0.952646154565676
440.4218896053079,12,0.6351152960080229
440.4335562725822,1,0.9738127913223933
440.4446896064954,5,0.9999752699921512
34.23346844965991,1,0.9704105238204429
34.245435116949835,6,0.4818942758388274
307.3476160076892,5,0.9997471026074232
440.7762896237663,8,0.9870113651480996
363.7400522781287,8,0.9943113668570569
441.0378896373912,1,0.8705266669225769
442.8723563996031,0,0.8466204023308512
442.9433230699659,5,0.9999091890743423
546.7996618124838,6,0.8663070734558461
443.0976897446725,9,0.9999838548600544
36.29343522361651,11,0.7984325272892412
443.1086564119104,8,0.9959117012537568
443.2631897532923,5,0.9997563988163711
444.5288564858792,9,0.8284250649589551
444.70685649515,1,0.9750918037797486
445.7601898833444,2,0.9428880126395035
38.2704019932502,2,0.9270298410113329
445.9501898932402,12,0.9786358295424031
445.99795656239473,10,0.7951322027905753
446.37678991545897,8,0.9996131725313246
446.60058992711527,0,0.47043003833159186
446.64825659626456,11,0.9384046250203333
446.837556606124,9,0.991902319092109
446.87382327467947,9,0.9830030540999098
447.00418994813606,11,0.9733484967082207
447.2757899622819,11,0.38430352069514917
447.5365899758653,4,0.7226416500566767
447.547989976459,7,0.5065366933829312
447.6787899832715,10,0.6766642471004122
447.9033233282993,3,0.9643056737318692
41.70346883872244,11,0.9108107835974834
448.1877900097819,3,0.9969354416945786
448.7089567035927,10,0.9382246791068113
578.0082301045968,10,0.7805012528213506
568.6697962848867,5,0.9999926678668135
449.0401567208427,11,0.7067176047257485
449.4664234097107,12,0.9135500121347445
449.5250234127628,8,0.9574050143862711
273.6905475880501,8,0.9992519321824822
43.13580224665648,7,0.9946368284499485
450.1406901114955,11,0.9955552789669787
450.2123567818948,8,0.8677848542653149
450.6376234707108,11,0.994954064693745
451.6680235243774,9,0.9390752029933849
451.68019019167775,8,0.5778629259150551
451.750856862025,9,0.945485121366416
548.0181618759474,1,0.6747818356077776
452.3774235613254,1,0.7610417192325263
452.4134902298705,12,0.9829046677549438
452.5086235681586,8,0.9996383557981209
452.8046569169104,8,0.9977938990800467
467.6614243573671,12,0.925394161012257
453.51459028721945,8,0.8896859713926929
631.3776328842534,2,0.9773670368282387
579.4615301802896,2,0.7700083598652961
579.4879968483347,2,0.7326608506339081
454.2371903248549,2,0.5697610383833038
454.4135570007073,10,0.9205227533833963
454.5087236723306,8,0.9992668695813702
49.20866922961832,11,0.5318892809916339
456.1312904235059,8,0.9962133119907051
456.3436237678983,5,0.9999982598126926
456.37935710309273,1,0.7441032080252498
456.7578237894712,8,0.9980616308107941
50.13213594438221,10,0.9999729265619464
457.47989049374553,3,0.9916995057099597
457.906357182624,8,0.9993495747808429
473.41322465694,8,0.9994812673803384
0.6177333655069478,12,0.9972216365488282
51.42250267825548,2,0.8886909688956789
458.1780905301101,2,0.7052778520212973
458.2736572017542,7,0.9996669221786134
458.3677238733202,8,0.8479431669713995
580.325696891965,8,0.9921724267704202
52.46416939917563,8,0.9995478403163811
280.4725812746144,4,0.9135839809581285
459.1968905831726,8,0.9991402023477195
459.2330239183879,8,0.9979234428707823
459.2800239208358,8,0.9998372525025405
459.5041905991778,12,0.998482947895801
459.8243572825198,4,0.8098993969089349
460.1083572973115,8,0.9919378836795576
460.14409063250594,12,0.8676309396110129
460.1554239664296,1,0.9706075813080001
460.2147906361882,4,0.8180820207646975
460.66405732625424,1,0.7096380268560476
460.6760573268792,1,0.49134124701049015
461.20965735467087,6,0.8834364496432415
461.3397573614469,7,0.6541216215715487
55.90916957860273,5,0.9998221115250661
461.5174573707021,7,0.98865309255458
462.0501240651119,4,0.4933072139563841
462.2037574064469,4,0.5645306821727379
462.5109240891119,0,0.999508942357421
462.7960241039608,8,0.6992853090177128
463.3168574644209,6,0.3778467977173567
463.3396907989435,4,0.9850302882089029
463.3876574681084,8,0.995928607272298
463.5653574773636,8,0.9986126256113665
57.56646966492045,11,0.993052827439168
57.82686967848295,9,0.3791752298597627
463.6602241489712,11,0.9983863918254183
463.7192574853792,8,0.9852092829044069
463.7309574859886,4,0.9475105519469894
464.5008908594226,8,0.9957201015927237
464.5948575309834,0,0.7388570720364608
465.0802908895997,8,0.998142056821408
465.18682422848167,1,0.9761621434450616
465.1992242291275,0,0.9805444804910443
465.5300242463567,7,0.9835562743141976
465.5534909142456,5,0.9999923884231159
465.8136575944626,1,0.982490579830566
465.8382909290789,7,0.881985480819439
466.13385761113966,3,0.9707598574941715
466.134024277815,2,0.9972964083421351
466.4414909604956,2,0.7987228543922857
466.76115764381154,4,0.6783289576455283
466.99745765611885,2,0.5513222548341261
467.3054576721605,10,0.5644839553434251
467.3301576734469,1,0.6624899802094679
467.37719100922993,0,0.9980093428728235
467.4123576777282,2,0.9734413566264772
467.5074910160164,2,0.874646559050572
467.5785910197195,3,0.99084026366338
468.5957577393637,3,0.9999863119983452
468.7973577498637,2,0.693803010088333
469.2827244418098,4,0.9595490128019413
469.6851577961032,1,0.5916909366756321
572.7314964964336,0,0.9991302700812938
470.18299115536536,1,0.9742530089499319
470.4188245009817,2,0.9928897555778665
470.9161578602178,2,0.962238261338833
562.9191959853763,4,0.7032005002195338
471.1766912071206,4,0.9320279489651893
471.5918245620754,10,0.8156075130357271
471.86292457619527,2,0.9889943450614331
613.4413652834061,4,0.9939456415524776
472.0523579193949,0,0.9842713527237926
65.5689367483823,10,0.6628223756304638
65.91220343292744,2,0.948425303701088
472.3722246027213,10,0.7082224986625584
472.49169127561015,4,0.944073164296387
472.6444246168984,0,0.991405129794123
472.7153579539262,10,0.9943367340242177
472.89339129653206,2,0.9507140920360617
472.9174912977873,2,0.7038185199764146
472.92969129842265,10,0.9566461347279815
473.14212464282025,3,0.9936303174020948
67.93647020502468,2,0.9753111087580086
67.09617016125904,0,0.9994404773227782
67.32110350630765,7,0.7474908275912867
67.52233685012189,7,0.38365372653154056
474.12459136065706,1,0.8794258330219114
68.18513688464273,1,0.9512542779546108
68.45743689882502,1,0.9427679684576934
68.29177022352988,1,0.7328237596328594
474.27882470202337,1,0.9294013631001292
475.1308914130685,0,0.8993860756556454
475.249691419256,1,0.858033868017768
314.8416497313368,1,0.8443153719816582
475.4511247630807,2,0.9960979715531524
476.05399146114667,1,0.9928431790104209
19.006867656607746,12,0.9557346581230108
19.6935343590383,0,0.535120220540638
476.077691462381,1,0.7808723359726149
476.1254914648706,11,0.8178418599565528
476.2905581401345,1,0.753822897988796
20.782601082427195,1,0.7477865113369376
71.44063705420004,0,0.8407002817451975
71.7486370702417,0,0.9811218276481499
477.747591549355,1,0.9532501886811777
478.1974582394522,1,0.8211025916824236
478.3985915832613,11,0.9986243905049541
478.45685825296266,9,0.9997863043461532
479.214458292421,11,0.9989175162092611
479.6887916504592,9,0.978544192961946
73.83213717875734,3,0.771237042312238
480.0196250010234,2,0.9587475746969416
480.0439583356241,2,0.7714926104254297
480.055425002888,2,0.7100551567994364
480.315591683105,4,0.9792658121584124
480.4578583571814,0,0.9854974486438344
480.6238916991623,2,0.9948553240170322
480.7540917059436,4,0.9315897492698798
480.8374917102873,4,0.900666246920575
310.71134951621696,0,0.9877701922858642
481.01479171952167,6,0.27444462809160175
481.4883250775182,0,0.7307289099574701
481.89102509849215,4,0.9331283414347767
481.97399176948,0,0.5541000514587373
25.5415013302866,2,0.996505572199292
482.2218584490564,10,0.5258853712426731
482.22212511573696,1,0.9198148521925384
483.1575251644557,7,0.7264796679800746
483.4297585119679,0,0.9993137216496673
483.4415251792474,7,0.9630758342940823
77.62020404271917,2,0.9928431114588032
483.5010251823463,10,0.5961597782449966
280.6641812845935,3,0.9995222483978917
483.9267918711884,3,0.9951905216535357
27.092334744392502,2,0.6677344153924614
484.52999190260505,10,0.9240730851281852
484.7795252489349,0,0.9925113896831088
484.8029252501536,2,0.8894329462135191
485.0630585970356,2,0.8926801803046989
485.217358605072,2,0.6348045948079891
79.64460414815667,10,0.9949524885844794
485.65472529451824,4,0.7971309627536629
485.796691968579,0,0.6852472512716737
485.9977586457179,2,0.7528470290916519
486.2106253234714,7,0.9435625040209952
80.46137085736328,10,0.6276111830918413
80.50867085982682,0,0.9986278981571345
80.72160420425044,0,0.9998745968836806
486.5072586722544,4,0.9826522451058265
486.85065869013977,2,0.6838578909969854
81.62133758444489,7,0.7534771577569155
81.69237092147787,4,0.9834628781521372
418.8328218142106,7,0.7730178573467721
487.2050587085981,7,0.99614141450748
488.2944920986728,4,0.8825657931408832
82.27253761836155,12,0.8240981476947693
82.67510430599523,2,0.9494552648395302
281.52728132954667,2,0.6275160533163509
488.6374921165374,2,0.8229767542656286
489.5846588325357,2,0.5417548595349777
489.63252550169534,0,0.9993871787927141
489.905492182579,4,0.9907264117791412
489.9757255195704,7,0.9948950193101864
490.17709219672486,2,0.9805504156929532
490.6270588868273,2,0.8484221992879336
491.4797922645738,3,0.9997585009448658
491.5743256028308,1,0.866531732823009
491.8699922848968,10,0.7280680795898494
85.49263778607511,2,0.6435749047722469
85.96590447739109,0,0.9995761451160288
492.6873923274696,0,0.9535246369003055
492.9702256755339,1,0.6376449989158542
597.8340644705257,4,0.9633699667210914
493.21975902186375,0,0.9910493858263919
493.2320590225044,0,0.9829054760527575
493.5158590372856,4,0.7474630498614523
493.6453923773655,0,0.992955484610679
493.8225590532596,0,0.9990758220206691
87.93127124642061,4,0.9491014203462134
494.3326924131624,0,0.9560953802482047
494.356025747711,0,0.9671424459166903
494.3802924156415,7,0.9755601674237897
494.9356257778985,0,0.9988127247871533
88.0851045877661,7,0.9579439790019327
88.5231046105786,4,0.9786368938329177
494.9603257791849,1,0.7771188278522537
627.9016327032117,7,0.9934664277500054
496.3684925191936,7,0.8915569569785359
90.96187140426436,0,0.96471939648255
497.0075925524801,7,0.9946473182968538
497.2923925673134,7,0.9982765029327593
497.5522925808499,1,0.9820833758059928
497.6822259209506,0,0.9994717435357823
608.9113983808036,4,0.9346689232155938
92.64280482514631,1,0.9834133209535341
578.9096968182149,1,0.5558530964388186
629.4656994513402,2,0.9979222207991683
93.5067382034762,2,0.565149604090376
93.55430487262028,9,0.9999999999999716
500.0139927090635,7,0.9823552944505283
500.4875927337301,4,0.9455289475950669
500.5825927386781,2,0.6547377451581886
94.53693825713243,7,0.9917517351328514
500.84329275225616,7,0.9548677388433136
501.1398261010339,7,0.9913225152094194
613.6408652937967,2,0.9932567648023738
95.11690495400572,9,0.5268368666873108
95.22347162622272,2,0.9311791067026062
95.30627163053524,7,0.9731151534302952
502.1811594886034,7,0.872983570654716
502.47749283737073,11,0.8975143678762086
502.5599928416676,2,0.9868199957929517
96.69130503600572,2,0.9393376762653076
96.8216050427922,7,0.6036170703743995
96.84527171069148,0,0.998722631647263
502.5827928428552,11,0.9977183137011657
503.6015262292475,11,0.9928938323177555
503.6837262335288,1,0.9902355621376847
503.7670595712024,2,0.7843002085515047
504.2284595952336,7,0.9620391330131511
579.9758968737461,1,0.9702506039715371
505.5077929951989,4,0.5735396218616526
506.2409263667163,1,0.9749219553693884
506.5488930494229,1,0.9699964990442083
506.56079305004266,1,0.8142161870891089
506.9759930716676,12,0.8619361456351418
534.4452945023605,4,0.9897418096617624
507.0585264092996,7,0.9990753393427553
100.30190522405783,4,0.9714393946488523
507.1054264117423,4,0.9415821593766384
507.6625264407579,7,0.8360324285604133
507.7325264444038,7,0.992077069766386
508.8463598357493,2,0.9951769335101404
101.05977193019672,3,0.9998121877110835
473.6758246706172,7,0.9911700016794162
590.8511974401681,7,0.9977251056079378
509.29622652584646,2,0.9979960139274427
509.35442652887775,1,0.9851665867702925
509.5553932060114,2,0.7942250490018942
509.5913265412163,4,0.9795431446408913
510.04135989798885,7,0.9945665853873111
103.52203872510646,7,0.991530188314578
103.53380539238596,2,0.9994341630527787
103.99550541643283,7,0.9932444073240125
510.160459904192,2,0.9962468136846084
510.2192265739194,7,0.9907067216425833
104.96613880032,8,0.7549519911291721
510.4081932504281,11,0.9997297114093728
511.3434266324715,6,0.8113077387033408
511.91182666207567,8,0.9972944919148189
512.0186933343083,9,0.9471136027674244
512.2435266793517,6,0.6201714567637988
512.2539933465636,11,0.9946959554234732
512.4326600225357,9,0.9136596324457033
512.4576933571728,11,0.9875242243308293
474.4923913798133,8,0.9987367386623315
512.5632600293378,11,0.6598995605369071
513.9011600990201,9,0.9999881187514007
418.69335514028,11,0.8358106467208247
514.0078267712423,6,0.9996306273967355
514.0677267743621,9,0.9999997517291799
514.0914934422666,9,0.9999784250084341
514.1250267773465,9,0.6458969246011839
514.1958601143691,9,0.9999758800687257
108.95573900811168,9,0.9999993463432877
514.2915267860184,11,0.8537861644209701
514.4218267928048,4,0.6908647328443834
514.4692601286087,6,0.9989664650288178
383.6390199812,4,0.582764843737006
515.0019601563534,8,0.9973399189168077
515.2979601717701,11,0.9973115705365521
515.3198935062459,9,0.5826100758947049
515.4993935155948,6,0.9967951460250664
515.5805601864889,11,0.994174041238868
110.67230576418288,1,0.8704162560573768
110.75493910182004,6,0.6833818871254548
516.0674602118482,11,0.998127093544829
516.1848602179629,9,0.6473027569775786
516.2446602210774,6,0.9991681041944735
111.21657245919678,11,0.9939433550656901
517.0483935962719,4,0.7186241561736181
517.0962269320966,5,0.9999359150113544
517.1450602679732,4,0.9698025497059573
517.1690602692232,7,0.6436547261139463
518.3398603302024,11,0.5693480294505789
518.363626998107,5,0.9994596226152902
518.374660332015,5,0.9999968406528438
518.3872603326712,4,0.6109705230562172
519.4067937191052,4,0.7705878290246914
113.7262059232402,5,0.9995366367498612
113.96320593558394,0,0.9866880911456576
519.9268937461937,9,0.9999999988176427
520.2567937633761,6,0.9556185912057307
520.3160937664646,9,0.8295062939738762
520.588927114008,1,0.6578986283570957
440.9072562972541,8,0.9886145112312946
520.6137937819698,8,0.9992519294441536
520.6366604498274,6,0.9458103535726039
520.8743271288726,7,0.7345192344458235
521.5003271614768,6,0.999981201512337
521.5704604984629,11,0.98599558712184
521.6652605034004,8,0.9748298222531927
521.67952717081,11,0.9154563357436482
521.6914605047649,1,0.6911931873716894
116.5556060706048,9,0.7425764212040531
522.1986271978466,6,0.9712717160789257
522.221360532364,6,0.9973760497191179
522.2347271997268,4,0.5125818331466574
522.2693272015289,6,0.9991964404008162
117.43187278291036,4,0.7903382865533295
117.34867277857704,11,0.393149241639783
466.9076909847768,7,0.7460848369443401
522.3280605379213,12,0.9475130014986339
523.0758605768691,1,0.5613340337903128
118.27207282667078,1,0.6941345794132905
118.23660615815687,6,0.9985037849633885
524.2108273026487,9,0.99913179040703
524.2229273032789,5,0.9999678246096494
524.2340939705272,1,0.7583394492503535
525.2404940229438,11,0.9809965051406445
525.3367273612893,0,0.9949877832492953
525.6662607117859,8,0.9860174962455465
525.7513607162181,9,0.9446976331202062
18.222734282434125,9,0.9999442229413159
120.4385062728392,12,0.6831319094663078
526.0098940630168,1,0.9704865679214391
526.0115940631052,8,0.985190928646234
526.0588940655688,9,0.9999999998682654
19.2171343342258,6,0.998493609361498
527.146627455555,6,0.999070503004134
527.2175941259178,4,0.8088495734450268
527.2541607944889,11,0.5611483613951881
527.6460608149004,11,0.6208314695930318
20.175967717498374,9,0.8962564571460727
20.36543439403309,1,0.6075891609389371
528.1666275086799,6,0.9837606514903322
528.2726941808709,6,0.9469222505084475
523.3720605922962,12,0.6792078415643211
21.478167785321297,4,0.947184375116137
123.0666064097194,1,0.9068598057498339
529.1243608918952,1,0.998491144238873
529.1478608931192,1,0.6301574259388789
529.2784942332563,6,0.5410445383129218
529.4090275733882,5,0.9999943649480406
124.12020646459442,4,0.7458489531219784
124.901439838617,6,0.9959091143012225
530.1532609454838,5,0.9988145657312931
530.3079942868761,5,0.9999994728699558
530.3322609548067,6,0.9886915315618358
531.6926943589959,0,0.9986235004469949
532.0715277120602,6,0.9996992222000503
532.0832943793397,11,0.9525205590844277
532.0947610466036,7,0.8245673350706663
532.1419610490619,4,0.7912458333184027
532.1551277164143,7,0.9114708860134018
532.1656277169612,7,0.36655789804469874
532.2384277207528,6,0.9988759868770982
473.429524657789,9,0.8277607819727826
532.2491610546452,11,0.5935386465762134
533.0428277626487,11,0.9250520373654285
533.0908944318188,1,0.7431534884622727
533.1127610996244,1,0.9684076278188334
533.1261944336574,6,0.9984845656152277
26.76983472759563,6,0.9898908446740946
534.178127821779,6,0.9405778630881313
128.2045066773184,6,0.8511885040344511
128.65454003409096,7,0.9084904464974471
280.82101462609523,7,0.717862871275376
27.33806809052445,1,0.8869784067088183
27.929934788017512,6,0.986266289294094
129.0333733871552,11,0.940113494154661
129.0686067223236,9,0.4876832848947647
129.74300675744863,11,0.693384647917422
129.5182067457403,1,0.7475893917373239
536.0264945847147,5,0.9991592350304205
130.1223401105389,8,0.9976437972762237
130.21667344878543,6,0.9132522888399827
494.9685924462822,8,0.9996444582001511
29.149301518192864,11,0.999712499589536
537.5043613283536,6,0.9916397455667678
537.5897613328015,9,0.8642369477237634
537.7067613388953,11,0.6946166901521607
537.8498946796834,12,0.8390699796973035
537.9902280203258,6,0.9996294623949449
538.0975280259144,6,0.9961314576068554
132.3474735597646,1,0.992184466294537
132.11110688078716,11,0.9473701498444121
132.9399402572889,6,0.9589848845369766
132.194073551775,7,0.8639767634568255
539.5312614339213,5,0.9999891161055521
133.61437362574898,1,0.7669093656174152
133.88637363991566,1,0.9234983597705684
133.2595736072698,5,0.9999962154715396
133.85090697140177,4,0.7641444278525735
32.09690167171372,1,0.9318770686820245
134.2535403257056,7,0.986983228468501
134.9757070299851,11,0.9998571610379944
133.40094028129934,11,0.5912015494568343
133.63787362697295,8,0.9113874628608888
134.17097365473856,4,0.7487213057563545
135.12934037132018,4,0.5504510570862886
134.5025736720094,6,0.8326241609648947
134.4548070028549,4,0.4142143321883166
134.6206070114903,11,0.8436496611924662
542.277694910298,11,0.9759845142978703
542.3598282479091,1,0.8400504170260626
542.4412949188189,2,0.8663670776147026
542.5009615885932,6,0.5733538966111025
542.513861589265,1,0.48848032133127306
543.1653282898623,5,0.9997377264137262
137.8524405131483,1,0.9586911266142467
137.13034047553893,5,0.999143263320623
137.1895071452872,1,0.9834978089646926
543.1885616244057,2,0.9956190218030886
36.78476858254013,2,0.9965000276889047
138.4085405421119,7,0.9982818335452215
138.906373901374,10,0.6588541012886446
544.1001283385498,2,0.5937729161397967
544.2904950151313,3,0.9968236936546925
544.454928357029,10,0.6268814843317257
139.77000727968826,8,0.9998165160684693
545.3672617378796,12,0.6369288473212015
545.472561743364,7,0.8088166525869348
545.5437617470724,8,0.5659639091459451
545.5553284143415,1,0.8798829033172044
546.1941617809474,9,0.999847853725664
546.2901951192824,7,0.5006489279456174
546.5509284661956,6,0.9278216401899021
546.7500284765655,6,0.9961008865656864
39.164235373137366,1,0.9411220891633462
141.32117402714485,6,0.9959661744735997
39.88646874408702,6,0.9990064971679538
39.86283540952278,4,0.8339330911590555
141.6165740425303,1,0.5419842307241131
40.38360210331272,1,0.9949284153139037
142.80050743752682,6,0.780842725525806
40.37180210269813,0,0.9909251686799501
142.13807406969173,1,0.6502594729354944
141.90114072401812,2,0.986102043241546
41.35426882053495,2,0.8998544712561993
143.01370744863098,2,0.7330192373409572
143.93737416340528,2,0.9904586359319283
143.74814082021604,2,0.5868128392869801
143.487474139973,10,0.673469732784732
517.4553936174698,4,0.7125895314227227
144.39864085409627,2,0.9319468209805792
144.52910752755807,2,0.5811655772339768
144.0440408356275,1,0.7016018177663225
144.4104075213758,2,0.8927662812957349
550.1018953178085,7,0.9987216034142775
145.01440755283411,2,0.8677463452888982
145.14504089297125,2,0.5735335419769193
551.1684287066904,2,0.8258068644891404
551.1791620405828,10,0.5265868155190206
44.39673564566343,2,0.5021516446243125
44.71633566230927,4,0.8565908768702819
146.03280760587575,4,0.9061595596801834
552.1139954226054,7,0.996211449203658
552.6811954521471,0,0.9837152594938128
552.7649954565117,1,0.9459775579931984
147.70154102612233,7,0.955879317031379
472.44809127333934,7,0.9995286156832592
528.8870608795359,0,0.9175471623325384
553.1076621410256,2,0.9635152024195542
553.2746954830585,2,0.9975898023636729
554.1488955285898,4,0.7404165536397886
554.220995532345,2,0.9896773000867766
554.2577288675915,10,0.8113651477494136
554.8600955656315,10,0.6377135361044348
47.85350249237005,1,0.9626334251493539
149.9862744784522,4,0.7821984825969461
555.0724289100239,2,0.9623358538726116
274.4548142945223,10,0.653444044717865
274.52568096487994,2,0.9018633456178232
555.2512955860064,11,0.9994356173064753
150.94557452841573,11,0.9324233126142871
150.1643078210581,1,0.9343547532853655
150.85074119014317,2,0.9766904315259604
376.89535296330064,2,0.8793873605584546
556.1622956334544,1,0.9679029421827676
557.0490956796419,4,0.8355859458773984
557.499395703095,5,0.999996299138543
557.7375957155012,7,0.7286136967554849
557.8541623882392,1,0.7573360577584475
558.4126290839926,2,0.9830190812194871
152.62664128263796,2,0.8392342346340104
473.0520579714626,1,0.8877571831300868
473.5724579985668,1,0.9857159572742158
417.8083217608512,5,0.9999987232781017
559.1235291210186,1,0.987265934238822
153.750808007855,2,0.8864848863769476
153.0761746393845,3,0.8611169832761286
153.85724134673174,2,0.8302091439478613
559.3953624685099,2,0.9166279310375225
52.56510273776591,3,0.9999691096747945
52.86093608650723,1,0.9569846686573402
154.30740803684458,11,0.9583706882644909
154.4022747084522,2,0.9883770465928411
280.8211479594356,2,0.6429133376379665
560.1164625060673,2,0.7722742008311122
561.0983625572079,1,0.8254538271229455
561.2054958961211,1,0.9947493494070028
561.275529233102,1,0.8375997644156679
561.3470959034961,2,0.7880391856498211
54.245969491977725,2,0.9402106310439378
54.58940284319821,2,0.991531744025218
156.52120815214667,3,0.9980923310674723
540.3906614786817,3,0.9980060638004019
562.0225626053433,2,0.8196126805295835
562.0461626065725,3,0.9997547899342435
157.17247485273347,4,0.8435553757188936
157.92974155884113,2,0.6442397959121109
157.61020820886543,3,0.7911003974231844
563.0883293275186,3,0.9999657416431597
56.25846959679544,10,0.5092817231650659
158.36780824832377,4,0.603630833691848
158.3917749162387,4,0.9732023087188921
158.42704158474217,4,0.9563026654593417
158.65230826314146,1,0.9590798207819289
281.52031466251714,2,0.9327410728008709
159.37407496740016,2,0.6278051708228239
159.6223416469974,2,0.7066167538521267
159.48077497295745,3,0.9808505413775133
565.018096094694,2,0.6586645616205896
383.5356533091496,1,0.9052161828530452
383.9132533288163,1,0.9953284442163045
160.27400834760502,4,0.9428032128641529
160.28554168153906,1,0.7094101795856274
566.2954294945552,2,0.8032689598135072
566.3677628316558,0,0.9985621113560178
567.0416962000899,7,0.9929619038096087
161.50510841172482,12,0.6156976401666374
161.6468417524401,1,0.9929794195499932
161.3632084043342,11,0.7037406122546784
567.0768628685881,4,0.5156804270033333
568.1185962561784,1,0.8534242993745659
568.2010962604753,5,0.9999608690572728
568.449596273418,5,0.9999724921056546
568.7003629531454,4,0.8767956199001987
568.7825296240916,1,0.9860807807929829
569.0072296357947,0,0.9978556823914211
163.10304182828386,1,0.8665151199333861
163.86050853440193,5,0.9999955454309226
163.97874187389326,5,0.9999969456376369
521.8692938473605,4,0.900830525334976
570.2845630356559,1,0.9906041744542654
164.2870752232856,0,0.8164128890375207
164.29887522390018,0,0.9996681076205236
570.3920630412548,7,0.9974199040218957
562.9134293184093,4,0.7759271794815185
571.1601630812601,1,0.9902144174006025
165.03284192879428,4,0.9493900569269061
571.1615297479979,1,0.9888643831908817
571.208629750451,2,0.9791141739507249
571.2554630862236,2,0.9862507267234939
572.2974964738295,2,0.992890371112485
166.24027532501478,7,0.8140830208474649
166.67817534782208,2,0.8929288588362294
572.6662631597027,5,0.9999483850996119
572.7356631633173,0,0.7363880226617633
573.0424631792965,4,0.9850364224435341
167.47110872245403,0,0.595712138396136
167.82620874094883,7,0.7929064880294161
167.95667541441065,1,0.944642517819546
573.3742631965778,7,0.9973982293587593
574.0393632312183,7,0.9360517597219521
168.16984209217972,1,0.9821375323248106
168.19347542674396,1,0.9421562273055731
168.21694209463286,0,0.9996459404773361
574.0500298984406,7,0.43267426728044844
575.0786632853486,2,0.9936196269872999
576.4775300248729,1,0.818296655773088
576.9376967155066,2,0.9659859099215193
576.9846300512844,3,0.9886183855711301
563.2212293344405,5,0.9999901285551911
634.8212997302777,2,0.9757422140479445
170.28880886920925,4,0.8256072314663587
170.6318422204089,3,0.9545275841024863
577.6720634204215,4,0.6035622280703374
18.68153430632996,2,0.8623552629966214
577.8142967611628,4,0.9507129208659272
171.35407559135857,2,0.6100193608684865
171.65034227345578,2,0.909739756470255
577.8865967649284,4,0.9772373831520454
577.9099967661472,4,0.9392940994601333
578.0036967710274,2,0.9818795646120164
172.14730896600614,2,0.987298396259624
172.18267563451482,2,0.6979447576004733
172.23037563699918,2,0.8621805163676017
172.32510897526657,4,0.9910190714995203
172.40800897958425,10,0.5060043875557833
172.6088089900426,4,0.9578078667691748
172.6679423264558,1,0.4803355417589533
172.75134233079953,0,0.8631266857387339
172.79874233326828,3,0.9998879754074833
172.81067566722314,2,0.9123455198254546
173.08284234806516,4,0.9447262965138942
173.14144235111726,6,0.44666837166170836
173.26010902396447,4,0.9641372292701458
173.27170902456865,4,0.7240363539669139
173.3552090289176,10,0.6310968846357234
174.0416090646676,2,0.7959060027835048
174.088842400461,9,0.9999516926982712
174.58614242636204,0,0.9991688182931945
175.33180913186553,1,0.9683957530569252
175.43844247075268,4,0.8485641210276255
175.9356424966485,1,0.8744098367167192
176.3026425157631,7,0.9742144036486816
582.0654303159093,7,0.9623556390898209
24.67156795164423,0,0.9988841499841684
582.2429636584892,1,0.9429099162274783
177.28537590028046,5,0.9999941202521737
583.058863700984,1,0.9277296654336284
583.5915303953938,11,0.5994244480557037
25.91463468305396,7,0.5977314489086911
583.6023970626264,1,0.9990741713866848
178.63460930388638,0,0.9996727728070945
178.919075985369,1,0.9738131278247547
584.2535970965431,5,0.9999816241597288
26.48286804598278,2,0.9634644585016447
584.3854304367427,9,0.8210324588539177
179.52284268348183,0,0.9998935060093749
585.1297304755084,1,0.748950438486688
585.1529971433869,5,0.9999935372171019
27.216801417541813,11,0.9997641024939129
585.2496638150882,11,0.9889234368441185
585.4467638253539,11,0.888296232822594
586.017530521748,0,0.999944859674975
586.0298638557236,5,0.9997193064545463
586.0904638588798,7,0.9914786017524445
586.1259971940639,9,0.9491816898630633
181.3575094457041,0,0.9990308214248949
181.86657613888465,1,0.6921793129341575
587.1664305815865,1,0.7917985334872472
587.2385972520118,1,0.7476293843144481
587.2503972526264,2,0.8304832436980556
182.42307616786903,7,0.5002382843239755
182.7658761857232,8,0.6568683817390396
545.6359617518744,7,0.6798137596746818
588.1125639641976,2,0.9990570689826149
588.3258973086421,3,0.9795787078954368
183.6779762332284,2,0.9863188745617654
183.7252095690218,6,0.8874939176400221
589.2739640246872,4,0.9671908113425864
589.3332640277757,4,0.9906783510134365
589.9835307283105,7,0.95724266188201
184.99200963500095,1,0.9684699402731262
590.1617640709268,7,0.9043343126140547
590.173864071557,11,0.3343919555299786
590.3273974128869,5,0.9999817036866473
590.504597422116,1,0.9895096140975961
591.0372641165258,5,0.9999895885076311
383.8203199906427,4,0.5910003868288991
591.1551974560015,1,0.9886106813430472
591.1786307905553,7,0.8446697822685937
591.1913974578869,5,0.9999723486922005
186.1995096978916,0,0.9993895374197066
186.21117636516595,4,0.966214806494185
186.2581097009437,1,0.9464728244316494
186.4001763750097,4,0.5637782544660566
186.48334304600797,4,0.9636006627038067
186.49550971330828,0,0.9759316409618793
186.8624097324177,12,0.9030533322996421
187.06314307620588,7,0.45594576463843595
187.07497641015556,0,0.9184878003497831
187.28800975458435,9,0.9937787071567222
187.32400975645933,4,0.6132163963841144
187.3827764261868,7,0.6769290864533415
187.64344310642983,2,0.9950764053106811
187.7739097798916,7,0.992349699732955
187.85680978420933,1,0.9038661773947719
188.3892431452736,2,0.8579719205317298
595.0038643231195,2,0.7257021564771572
595.0618309928053,2,0.8531793396938341
595.2759310039563,2,0.5915994588564748
540.8952281716279,10,0.9979192978246074
190.4138432507215,1,0.7522905003658934
190.9696766130045,4,0.4421588951822505
596.0217977094702,1,0.8301298266014696
596.0556310445658,0,0.9270939241305789
596.0819310459354,2,0.9540258943824476
191.20707662536907,2,0.657133135032179
191.9528099975427,3,0.5882537203673993
597.253897773642,1,0.650282290922745
597.3486644452445,1,0.9813360305719568
597.6088311254615,0,0.999523178842763
598.2113978235119,10,0.9541127971159186
192.14184334072152,3,0.8691626302160529
598.342964497031,2,0.7840631259044248
598.400064500005,2,0.6874758329224145
598.508597838991,7,0.9936485164385124
599.2058978753088,1,0.7877423479973346
193.6929100881729,4,0.929609310814321
599.3940645517758,1,0.9770120954385015
599.7861979055327,4,0.9846598606248638
599.9875312493522,2,0.53942043522409
600.4833646085102,2,0.7486714881653888
194.5807101344125,1,0.45857940549871157
194.68681013993856,1,0.9433949420312223
194.79381014551143,2,0.9846252150906554
600.698831286399,2,0.7958045422065291
588.681530660498,2,0.9584735208087379
195.80007686458785,4,0.8346743505878456
601.3260313190657,5,0.9999706954280533
601.6803646708539,7,0.9224126894841176
602.2257646992601,2,0.7113860539351002
602.4865313795084,2,0.9362510086307546
196.58147690528577,5,0.9992949101559476
196.99551026018332,11,0.9978159225248595
602.5441980491786,11,0.9997934737917874
602.7104313911699,11,0.9707426549140533
548.5362619029318,11,0.5256629438678331
197.8832436397528,11,0.9998829397896052
538.9270614024525,1,0.5904009971822181
603.1481647473018,9,0.869130069892997
603.3007980885849,1,0.9774392616412695
604.0358647935362,11,0.5818127577880553
198.16734365454968,7,0.6261432813445882
604.0819314626023,11,0.5062245670818978
604.3662314774095,11,0.9816796572371032
604.3806981448296,9,0.9416891078116711
605.490631535972,2,0.9847207217347607
199.0675103681,10,0.9998617082296529
605.5740315403158,11,0.9399127759235699
605.5761982070952,10,0.5389316714530348
605.6342982101213,5,0.9999966760172292
606.0476982316526,5,0.999882201810255
200.89061046305315,2,0.8901424774029459
606.1776315717533,2,0.9414138090851131
606.1890982390172,2,0.8639771353166238
606.2386982416004,10,0.7757341601706248
607.103464953307,10,0.9978807284534942
201.65954383643512,10,0.9802652250555179
607.4094983025797,3,0.85185867759419
607.4803316396022,2,0.9935519956166985
607.5386316426387,4,0.988781422279562
549.4480286170863,2,0.9387273513970024
608.0498983359338,11,0.4233705647148056
608.345198351314,1,0.47603214044255837
608.3580983519859,0,0.999886431850338
608.7129317038001,2,0.8217332381457122
608.9027983803556,2,0.8470722628505822
203.40017726042643,3,0.7036583658424909
590.9860974471942,2,0.6426989423184717
609.2555983987307,2,0.6571567880350302
609.3043984012724,12,0.6116594020799531
2.0253667721545248,2,0.949076397954299
3.268366836894115,1,0.7401876000606238
204.8440773356296,0,0.9881118678110357
610.2861317857377,0,0.707955342591912
280.6236479491491,0,0.6514358959737964
610.2876651191508,3,0.9989305403756243
611.128265162932,11,0.9996280863195864
611.3633651751769,2,0.985884287579861
611.4826985147255,2,0.8373253742093321
611.5896985202984,4,0.9729752829406786
611.682598525137,6,0.9994422206672207
206.22947740778585,8,0.999138487141352
206.48971075467296,6,0.9981972466977916
612.1444985491943,12,0.9613230940288721
612.1816318844616,6,0.9921765829446778
612.2161652195936,4,0.9763488614730682
207.23571079352715,7,0.6899780009763048
207.43664413732577,2,0.9666957807948863
207.72107748547333,2,0.9903080245621824
613.0669319305711,8,0.7973097977874026
613.0931319319355,8,0.9969248723532693
208.69177753603063,6,0.9990812518164944
591.4250641367237,6,0.9963048923742982
614.0376319811284,8,0.9370650724659499
614.0505986484703,1,0.565291108985786
614.0752653164217,7,0.9851719705164198
209.12967755883795,4,0.9947927485100412
209.40191090635008,7,0.9981474807001115
209.76884425879453,7,0.6842330992303053
615.0330653663071,8,0.9316416827178453
540.9378281738467,0,0.9951320005859886
616.394765437229,9,0.9356476752793902
616.750932122446,7,0.9471276355675797
616.796498791486,1,0.8904627618901441
561.4825959105534,7,0.9740855442037352
561.9924292704405,8,0.9953394325739758
211.95884437285704,2,0.9445123342816192
617.236698814413,8,0.9966875290411341
617.342298819913,8,0.998522502611334
612.9873985930953,4,0.5997355942674699
617.8982655155363,8,0.9993171914908945
212.3616443938362,12,0.9961524807970816
212.7405110802355,8,0.9995659736805301
618.1228988605693,6,0.9869799239958713
618.1713988630953,11,0.9995619481838837
618.645498887788,6,0.4503482465110754
619.2705322536752,11,0.982312939643257
619.2951655882915,8,0.9859816033637715
620.8100656671926,12,0.908371228337922
620.8218990011422,8,0.9953790903709289
214.29064449430496,8,0.9867559139058169
621.5457990388453,12,0.9497497255912407
521.8029605105722,8,0.9996337804228835
621.5909323745294,1,0.7919773569959038
621.7804657177343,11,0.9989695351878011
215.37974455102892,12,0.9167117216945536
215.53381122571992,11,0.9058066094987068
215.6760778997963,12,0.6876056028655394
621.9349990591162,5,0.999468925355428
622.4202657510572,2,0.9988908723119537
216.0433779189265,2,0.986234506696913
622.514732422644,2,0.904802018189144
622.5504990911735,3,0.9605933382624828
613.2010652708905,8,0.9978119776328674
622.5991990937099,12,0.9913528349513935
217.5106779953484,8,0.9963916765580102
217.52311132932928,8,0.9964771409418518
623.1891657911041,8,0.995211549578885
623.4032658022551,12,0.9807354701630752
623.5447324762898,8,0.9269311967705629
218.2449447002581,8,0.9986186672082937
218.2802780354317,4,0.9867855148767387
218.4814113792408,6,0.9967793039874387
364.9701523421964,6,0.9992160960020332
532.4053610627807,7,0.9866525487924833
219.90244478658624,0,0.9919046534750916
625.2977325675919,8,0.9995297970073012
625.4400659083384,11,0.9993790785111778
625.4509992422412,9,0.9998266120745168
625.5822659157446,11,0.9987039205058106
220.08004479583624,11,0.9997887027562097
220.8496448359196,9,0.9997613411484572
624.9299658817707,11,0.989797343633219
17.577734248840372,6,0.9557943666645227
17.589600916125093,11,0.9937781040267448
221.772878217338,1,0.7861874324022597
627.2267993347308,11,0.8204672436199293
627.2271326680815,11,0.9175677108920077
18.915400985177182,11,0.9917759272287351
18.950900987026145,11,0.965194457151199
222.1754115716366,2,0.6793345871185417
222.22221157407407,2,0.9403007555434401
222.40027825001508,2,0.9926089182435414
222.69624493209668,2,0.7685194143534254
614.242931991821,2,0.9673411470164852
223.749511653621,2,0.9743712488896638
594.1846976137879,10,0.9992439935074727
594.917697651965,4,0.8162729142133898
629.1439661012499,10,0.9811220213438828
629.3824661136717,10,0.8759124716316681
630.0791994832933,4,0.8022582731968698
584.5849971138035,10,0.9883527383964418
523.6857272752997,2,0.9961351604584232
523.8263939492928,2,0.9818033455083468
584.9890638015153,10,0.5188837035409324
631.2526328777429,2,0.973381265043686
225.98731177017308,12,0.9740039018985158
631.5360995591735,2,0.9520509225085663
631.5600662270884,2,0.9764769616178831
274.75458097680183,1,0.9855983761030622
632.0341329184461,4,0.579636792951816
226.63811180406893,2,0.899204437545765
226.92214515219567,4,0.8716463491490734
632.2590329301596,7,0.8811321335384873
632.2829662647395,7,0.9803968789368439
633.0023996355434,7,0.995845821330829
227.13564516331544,7,0.9975213887032579
227.18277849910365,4,0.6942092384245052
227.18287849910885,7,0.8503970132230885
227.3721118422981,12,0.8909068502580992
227.5259451836436,1,0.6715707744877807
227.7864451972113,1,0.9709300490547991
227.9049118700481,2,0.9969785701721388
228.22457855336407,4,0.8042665160040346
228.33117855891612,7,0.9851970267351551
228.768845248378,4,0.5937319608371018
635.2292664181927,7,0.991519296661988
635.4195997614391,2,0.8623555371044797
26.858801398895977,1,0.6277401185496708
463.96792416499727,4,0.9861468664679236
636.5302998192882,2,0.7686041202439977
230.2372119915221,12,0.8519418600599603
230.7581453519873,7,0.9837921540712956
27.3086680889932,1,0.8490241317238367
626.8486993150381,1,0.9093837097258065
637.2061665211562,7,0.9888602023143477
637.266099857611,1,0.993942603953376
637.2902665255364,7,0.9579793937927839
637.3615331959148,2,0.8397849995183487
555.2845955877408,2,0.7920812140662346
638.0942665674114,2,0.7585085545693315
232.6871454524561,4,0.9506673898623853
232.7699121234336,4,0.9679152909356188
232.8410787938068,1,0.9911185544185729
311.9867829159791,1,0.9479605399697437
596.5032310678782,2,0.8978516344434437
233.56351216476688,10,0.9972505751630163
233.89517884870784,2,0.8404629785077913
233.95391218510025,2,0.8187150054820309
233.9539455184353,10,0.9355384910711751
234.0491121900585,10,0.8526545712851258
234.80651222950647,4,0.9596802946508298
234.96057890419743,7,0.9857064539833097
235.2915122547669,2,0.9922142507043106
235.76567894612973,4,0.9886460971964011
235.8485122837773,0,0.9996602880492342
32.233235012147745,0,0.9789260646520567
236.09707896339012,2,0.6048357251992446
236.1206122979492,2,0.9780079898624503
236.31004564114883,10,0.9757981408399075
236.3924456454405,2,0.5104869835104096
236.4758123164492,7,0.9770880241556141
236.55867898743185,2,0.8752124196267719
237.2687790244162,3,0.9999317972254391
237.28041235835545,0,0.9889443173238739
237.49397903614536,10,0.5738295493329585
237.9671790607912,4,0.9930871102163427
238.1687790712912,4,0.9437626469721198
238.33391241322525,4,0.9650729191758589
595.6062310211595,4,0.9935474142772646
239.6007124792044,2,0.9884881527716287
239.7189791520308,4,0.9908161999766586
239.7784458217947,2,0.9411344844380469
36.43583523103318,2,0.9507075539595071
240.18074584274785,10,0.7119332027030416
240.41757918841623,2,0.6048612883736764
567.4735962225847,1,0.5253920525600067
37.19353527049672,4,0.8785097307722933
37.33546861122242,4,0.9539366860556491
37.77343530069986,4,0.8737680775978136
561.9210626000569,1,0.9666474791769488
440.9259562982281,4,0.9542255131261403
567.9347629132704,2,0.7271583453100824
628.1983660519999,4,0.9757202697850447
242.5249126315065,3,0.9998232945374232
242.82064598024263,2,0.7111552983407304
173.51040903700093,4,0.87436864499466
608.5399316947897,2,0.9637702726591859
243.1287459962895,2,0.8433074911848684
243.1407793302496,10,0.9999746791940339
243.4480460129197,10,0.6731565623322597
243.7325460277374,1,0.8832326030986315
243.75631269564192,4,0.9816911903397384
243.9691793733954,4,0.9351033012436457
244.83311275172528,3,0.9999194027533778
588.5990973228712,2,0.5869757789143446
41.34866882024328,7,0.9898978875086666
245.5789461239041,4,0.7810910945701464
245.74514613256036,11,0.7364658974764983
517.9689603108848,4,0.9937636277830425
227.77264519649253,1,0.838688749344403
578.1976634477965,0,0.9995800674796496
246.57327950902564,1,0.812692631171667
247.31941288122007,4,0.7055495324101295
247.94661291388675,4,0.8555696446615202
248.18337959288505,1,0.99459327143806
248.59801294781383,1,0.9868262676920382
248.70457962003084,4,0.8421765233654585
249.76951300882948,4,0.9399670576101459
549.7791286343311,2,0.9827896140254139
250.3732130402722,7,0.9920914027430693
250.66924638902395,1,0.7851881339555971
250.8945464007583,7,0.9124878590883873
48.0845025044013,2,0.9297809943767211
48.2029691772381,4,0.8137676226101087
252.95444650804475,4,0.9846466881090332
610.6723318058522,7,0.991245419082924
549.8396619708172,7,0.9994456849329747
473.4958246612421,7,0.935383750843875
51.73060269430236,7,0.9790174135788752
255.1559132893712,7,0.9944745612215607
377.4935529944569,12,0.6825000872248296
540.3510614766192,5,0.9999810685052962
56.07526958725377,1,0.9658765370520911
56.584202947094056,1,0.8756493021553218
56.89196962979024,1,0.9077756663100557
632.8269996264079,4,0.9125087347099251
59.80416978146734,7,0.9914127574311921
62.32566991279548,1,0.9812197747595778
625.877132597769,7,0.8044298422705025
384.4405866896149,4,0.9356682403898402
64.53937002809236,5,0.999992734262668
64.7170367040125,4,0.7873866198182979
64.7762700404309,1,0.8574279568846486
64.93023671511666,5,0.9999997346875983
613.9396653093592,5,0.9999940783091403
65.52207007927466,4,0.8615548865065242
65.80627009407674,0,0.9986044384733821
532.4574943988292,2,0.9802259563798299
593.1917642287393,11,0.948641002907862
67.35697017484237,11,0.43359294875995513
67.60540352111495,4,0.9051162656636543
563.0980626613589,1,0.9755893061717086
69.8074703024726,2,0.9660894206652585
69.09730359881807,4,0.9881033591945564
19.871467701638995,2,0.9827107358068671
19.14930099735948,2,0.9877639704649595
584.9544304663782,2,0.9590234820890849
22.002301145953243,3,0.9998222347206158
25.03283463712687,3,0.9984402255164454
417.8026884272245,2,0.93500302845741
26.15750136236993,2,0.8914450733407462
280.806014625314,3,0.9402776588166544
78.70983743280424,2,0.9919655723690602
78.95817077907161,4,0.9905816196109519
616.57763211342,2,0.7330503300508955
306.55788263322387,0,0.9994695972301991
81.3851375721428,2,0.9693766044353817
81.79950426039106,2,0.9621055077560824
82.08340427517753,7,0.9889323500521598
82.63977097082163,7,0.9048059719878282
617.9040321825033,0,0.9659876861327731
84.42750439726608,1,0.9883697106141272
85.11390443301609,7,0.996663364966799
597.7368311321283,0,0.9995466789976165
86.1204711521081,7,0.547726991061791
516.5275602358118,0,0.997575132714055
516.7782602488691,4,0.9803695018116572
516.8967269217059,7,0.7199892380147037
89.15077130993625,0,0.9976529841873156
90.0740713580248,1,0.6841288079872008
90.7490047265109,7,0.9746367405660228
90.8672713993373,4,0.7824255072884923
91.32903809005433,4,0.994341660398781
91.39993809374702,4,0.9299609284644699
91.83810478323488,11,0.38808409186107223
91.87367145175396,7,0.5952519139894064
91.73147144434772,2,0.9997892519044885
588.9103640057497,7,0.9968799067185563
568.163529591852,0,0.9876295713688352
93.4124715318998,4,0.9891784176345427
95.60273831264288,0,0.9884810203397653
538.731961392291,2,0.9991653625826792
96.54957169529044,2,0.9914944297006615
98.94097181984256,2,0.9179235958100114
99.24860516919846,2,0.7245333844664292
99.5092718494415,1,0.4291576691061936
102.14900532026095,1,0.9702241836343964
102.32660532951095,2,0.9821606864486525
104.41017210469674,4,0.9597850369699024
104.55227211209778,2,0.8714300710020079
104.85993879478876,10,0.9999735160229731
622.8081324379252,2,0.9458342866589421
570.719996391668,3,0.972763373872279
553.9692621859006,10,0.8292241975447564
581.7624969667983,10,0.9177279283602353
581.7857636346768,10,0.6474246136459203
527.9113941620532,4,0.9716752714157318
307.89711603630894,4,0.9670910914997164
111.28827246293116,2,0.8931478584824587
111.99823916657526,10,0.9999946807406919
475.6179247717682,3,0.999736569911901
112.83893921036172,3,0.9853214654493845
582.0946303174302,1,0.8037865863404827
521.7030605053691,2,0.6827200685017817
384.6101200317781,0,0.9885588360669487
115.54997268489473,3,0.9468985395395446
603.5977314373835,2,0.9478888491544405
116.5440394033357,2,0.933411985641593
116.62720607433396,0,0.970234743328143
116.78093941567424,2,0.6267118219576574
116.80460608357356,0,0.991465065238792
532.5656610711296,0,0.7975798282924307
117.60967279217076,3,0.9463667130239307
349.75675154983173,2,0.7725341478304983
118.24883949212736,2,0.8610348688229217
118.4856395044607,2,0.7775182132312384
534.8588278572321,10,0.9741144700064566
446.59992326041385,2,0.8047718917702316
446.65915659683225,10,0.9766854560158594
563.4547960132721,2,0.8351451002775203
614.2741986601161,0,0.929414594169585
614.5925653433644,10,0.971395084596595
533.9036944741522,10,0.9995348351729082
20.5907010724324,10,0.7381458593809671
122.2621730344885,2,0.7092822196100944
122.75907306036872,4,0.9803361968131693
585.9391305176646,4,0.9927763414081416
123.39860642701107,5,0.999919840967269
22.236167824800468,2,0.5202498506450803
124.26273980535136,4,0.927219722883688
125.23323985589823,1,0.44972934698090883
125.8845732231552,2,0.955200359766716
545.6948284216071,4,0.9853926107222134
24.887934629579995,0,0.5287154933357012
126.0383732311656,4,0.7924297918507275
25.905968015935905,8,0.9728549340638709
127.75477332056144,12,0.9700532182596006
585.5036971616524,1,0.7341261772773516
636.949266507776,4,0.9440261165676788
26.16646802950361,8,0.9765060367338312
26.521634714668544,8,0.7902105465399211
280.9512146328765,9,0.9999822391770853
622.8224657720051,6,0.7626209717051671
606.8661316076126,12,0.9790091960310311
545.6325950850324,8,0.9991628916233736
31.434368303873438,5,0.9999959770549428
627.2575660029999,8,0.9995894730394855
556.6260623242756,8,0.9992075783369904
33.979635103106084,4,0.9499466022116735
587.6328972725483,8,0.9999043098761542
526.3200607458378,8,0.955078703292452
36.1933018850679,5,0.9999361607742563
36.74970191404707,9,0.8633143157655311
39.673735399673824,9,0.8467831182789838
40.443168773081815,8,0.8542099050847465
40.17086875889952,3,0.5257321075421802
41.544068830420365,1,0.9735413170199605
578.4637301283208,5,0.9998361856617576
44.30250230742211,8,0.9980428675971411
45.58096904067559,4,0.9335570532156424
472.5539579455199,5,0.9997440404728393
579.3151968393347,8,0.999457063392334
518.9225603605514,1,0.5130184696955107
48.44576918988394,1,0.891336785572782
49.19153589539263,8,0.998321439744684
49.68883592129367,8,0.9997119553547992
549.7630286334926,12,0.9714784126209809
473.4308246578567,4,0.7084030406975477
417.7248550898373,5,0.9983414627884076
51.98540270757319,8,0.9890644231682199
560.7462292055343,12,0.4257110015406539
54.77916951974856,0,0.6692326680752034
540.3093281411122,12,0.9965191077366774
55.70253623450724,5,0.9998844217964569
418.3996884583182,8,0.9996897096128042
56.63763628321038,1,0.9315345058392391
622.4419990855224,3,0.7071029543254312
58.969769738009,3,0.9179158671914432
383.8424866584639,11,0.9655558733913392
551.4702287224092,12,0.9604091651301057
60.78100316567741,8,0.9994398734712678
592.405397521116,8,0.9996889693790331
592.8432975439233,8,0.999755308328919
61.66883654525207,8,0.998561650576279
633.9910663537031,1,0.9899248135471279
522.1857938638448,9,0.999977308321663
613.7064652972134,9,0.8993282454960005
552.40419543772,12,0.5039442595289974
591.9059308284354,8,0.9994159177578747
465.7933909267404,12,0.9932278073277282
532.923461089765,12,0.9262624167348015
314.9428164032725,8,0.991009703994456
533.3994611145566,4,0.5573112843545327
533.5168611206713,8,0.9868068133026706
20.97853442596539,8,0.9581601055688036
533.6226277928466,8,0.9993898534819903
635.4359330956232,8,0.9967089270257945
21.937334475902897,8,0.9947497304731895
625.1286325587846,12,0.8590689753502015
625.7664325920034,8,0.9994309832278303
605.5791648739164,8,0.9993336864829331
584.760463789609,2,0.9737821640166388
595.3532976746525,1,0.7001242035350413
636.8331998350642,8,0.9969952302339267
463.230490793256,8,0.9991697007119481
606.4168649175467,8,0.9940075927411781
596.8203644177289,8,0.9391829574867655
586.4760305456282,4,0.94009510908922
523.8352606164212,1,0.9644222361942484
384.50795335979024,8,0.9568860552054468
561.4287292410811,8,0.9989367237859724
523.1721605818848,12,0.9761468674474186
517.9433936428865,8,0.9979992967956162
517.9550269768257,2,0.9929128897986976
569.4016629896714,12,0.9975470665007119
569.9209963500534,12,0.7057949157245422
524.6794273270549,2,0.937175357274737
549.3761952800116,8,0.6348535835226179
310.6719828474999,8,0.989545772538591
0.7661000399010458,8,0.6733606440230785
573.8917298901958,4,0.6523170439529531
2.53220013188543,8,0.9143378500071199
4.832866918378498,12,0.9968964968885669
5.1007002656614855,2,0.9357084187332163
5.42216694907121,2,0.8998266749193004
8.632500449609422,2,0.9283681206938135
9.585467165909774,3,0.9064157318406574
8.067267086836848,8,0.9960914351096019
11.8532339506893,8,0.9999009557172569
8.217067094638933,8,0.5881361310329021
270.9669474461959,1,0.9931994383132179
15.589967478644182,8,0.7578653784583013
15.865200826312586,8,0.9892293074034034
15.917000829010505,4,0.9055544482098983
591.2823641292914,8,0.8145608351122814
516.399026895784,4,0.9441415919931897
561.4255959075846,0,0.9928196041288341
521.7078605056191,11,0.9848330222748228
613.9339653090623,8,0.9886501481306305
613.9763653112707,2,0.983130729346931
573.4961298695916,2,0.9915387156398368
273.81964759477404,2,0.8706521140203889
502.6195595114367,10,0.9998982194570866
614.5878653431196,2,0.8049332251374134
604.4910314839095,12,0.5108306702835879
19.495834348741425,8,0.9791729520211533
19.661567690706704,8,0.9997940762686637
19.19990099999489,8,0.5544649096680059
19.247234335793507,8,0.9985361200469597
594.9875976556057,8,0.9992476392284825
20.66780107644803,8,0.7829727471102228
523.5176272665445,8,0.9992238280135626
625.948665934828,12,0.9977287391115881
22.40806783375359,0,0.9605388160619521
615.4033653855936,7,0.9976826383328639
534.7144945163814,8,0.9994076479392195
473.7908913432768,12,0.9927562420503347
473.80252467721607,1,0.8563849131428629
585.2831971501681,7,0.9993443476020569
26.55136804955049,1,0.965078970174219
26.657934721767504,1,0.9041495790092925
173.88804239000268,7,0.9767300013943448
28.54013481979877,7,0.9948352388436557
311.58494956171694,12,0.9658404342171043
362.52068554795335,2,0.9737254589552652
627.4284326785659,12,0.9861587781267307
515.9805268739872,8,0.9996528349743884
627.5828660199426,2,0.6871960388770759
34.75510181016165,8,0.9786887290009205
516.6320935745896,9,0.9506960975071842
37.110935266194645,8,0.996308095734259
473.64655800242616,3,0.999966236867526
38.732702017328336,4,0.6531032856098078
313.72791633999645,4,0.9926641393012074
547.391128509956,2,0.799524315746442
598.7880311868782,4,0.8646610672762686
42.994535572632174,2,0.8531133543900374
273.5490142473452,2,0.5055345231736754
472.4297246057161,4,0.548728794128758
542.3809615823432,4,0.9760317795637528
585.2641638158434,2,0.9492338781610357
49.126635892012416,2,0.9340963111910194
49.99083593702284,10,0.978114862330466
310.6267828451458,4,0.9831532845205088
549.7350619653693,10,0.8484563714352523
600.7405979552411,10,0.5217116418097858
417.8015884271672,4,0.9903534219131042
51.50616934927979,2,0.9733397467398057
55.56663622742912,10,0.97140983122202
591.6179641467705,10,0.6427809590958458
532.4219610636452,1,0.9422163676480991
57.24760298164614,2,0.7858740321351754
58.17083636306455,2,0.6531120960572919
383.92028666251593,2,0.7168072220817636
612.9782652592863,2,0.8855650197778016
541.9821615615724,4,0.9758676698879137
582.2911636609997,2,0.768557674182179
62.089269900482975,10,0.5014261099565426
62.11300323505242,10,0.9996867850239146
277.6688811285883,2,0.9647860143401074
384.6416533667538,2,0.6588573958459629
64.40957002133194,2,0.7841896310900001
280.8836812960258,2,0.802526500913006
65.51050341200556,10,0.5088089581665719
66.49297012984238,3,0.895248165934295
573.5704632067965,7,0.9954540210575865
573.6169965425535,2,0.8284165354342568
67.85433686741356,4,0.7624231371799304
18.249967617185863,2,0.8255781798310553
69.05010359635975,2,0.6488880498060432
69.27500360807329,4,0.8473895735194474
19.161500997994896,12,0.9191716004266743
19.516667683159827,2,0.9067192355785024
20.191434384970595,1,0.9350455814029628
20.38090106150532,7,0.9992603363712599
584.7197304541542,3,0.9997763953587361
613.7462986326213,1,0.9468087536075089
635.9283664546041,7,0.9984252750135202
274.6872809732966,1,0.9092236065337839
23.51793455822582,0,0.9808099730118084
24.28743459830395,0,0.9148015904927158
585.9033305158,1,0.9498253532245216
636.6740664934426,2,0.9771489121399468
26.880001400000143,2,0.9943972848213133
280.6273479493418,1,0.8729535127812452
27.365334758611255,4,0.9002435842856391
79.52680414202126,10,0.8149948764822932
418.3485884556568,1,0.9791298750345102
637.7751665507916,7,0.9981399282812301
525.4641607012597,2,0.9964170094271322
82.9005376510699,2,0.9685446706210445
82.9597709874883,7,0.9988246310660879
83.74107102818101,2,0.8677945645172849
84.167304383714,2,0.8921947147098865
84.92507108984768,10,0.6868179733627977
562.2190959489127,7,0.8180804004356721
85.42223778240844,7,0.9564960824717502
85.59963779164804,1,0.9913128263609691
85.73000446510463,4,0.7167540785690482
86.1323711527279,4,0.8268441732657025
86.39297116630081,2,0.9593988127190952
87.70707123474352,2,0.8667219083906552
88.72493795442409,2,0.7216871293120974
89.55373799759076,3,0.9969408185867837
89.9206713500352,2,0.9148748687300995
90.93890473640153,2,0.70748041471158
92.71453816221576,10,0.9188347777434259
568.1752629257965,3,0.9997295608324427
273.835947595623,2,0.53542326484973
94.45457158617586,4,0.4905768283683816
95.20050495835989,11,0.9997412923185528
609.9153650997603,11,0.9997279640344676
96.65657170086337,11,0.9994986146328189
597.2689977744286,2,0.8519202038951859
579.5127968496264,0,0.9995847518400425
99.73447186117068,10,0.6458976353953625
600.7673312899668,5,0.9999960144631059
539.701994776147,7,0.9511411342542978
0.2267333451423623,2,0.7270654249706605
104.22113876151792,2,0.8909948657943318
104.5879387806221,4,0.8816331752691662
611.6912985255901,2,0.9927121683174989
105.28637215033216,4,0.9901554349399687
418.977021821721,8,0.9984880003752643
613.2539319403106,6,0.7975613714692975
591.5156308081073,1,0.8742161696584333
561.4769292435916,8,0.9993734933100596
561.6440625856297,8,0.8573225425785108
110.25863907597108,4,0.9583437334097221
110.32967241300406,8,0.9959936693325574
110.4715724203947,1,0.9958579080326012
110.4954390883044,8,0.9998916783973484
592.8980975467775,1,0.9781625080943533
572.61456315701,8,0.9094977422003923
113.47860591034436,8,0.9963172556616117
562.6393959708033,9,0.964778290918494
114.88707265036868,12,0.8928201826615584
613.9264653086717,8,0.9984746026195317
115.4909726818218,1,0.9883087453297402
542.0575615654994,12,0.9554306402966772
116.81690608421415,8,0.9981240335284957
116.46160606570896,7,0.9347932357746875
116.56827273793118,1,0.6446270658194627
117.385139447143,0,0.9985785315116247
117.36143944590862,7,0.9889927422435408
117.21927277183744,8,0.9991695540294542
117.72857279836349,1,0.9343529535299463
117.12470610024542,8,0.996308790226929
118.59273951003884,8,0.9997214156591446
118.0126061464902,8,0.9996380162621744
117.13653943419509,1,0.8853096671640475
117.12473943358049,12,0.9325889609653781
563.2761293373,11,0.9541990184576281
553.5717288318624,8,0.9936690542360985
604.5571981540223,0,0.9266370955036163
121.8718396808253,1,0.49745418132089264
533.8456278044612,12,0.9875494425677198
123.3632397585024,2,0.9896873477184126
274.7965143123192,12,0.9261154952846052
554.8981289009457,8,0.9995294543483969
25.01853463638208,8,0.9992654086016763
127.55383997676284,8,0.9854845461941233
636.725133162769,12,0.9926476226788513
636.9366665071198,12,0.9955687083454414
128.54820669521945,8,0.9944025979266519
128.03910666870382,8,0.9990462790115627
128.3119400162472,2,0.9901492113226058
627.3851660096458,7,0.8887973631198128
129.4599400760389,8,0.9996080696878067
529.9610609354734,2,0.9525612065519321
131.20044016668993,2,0.8600485275659233
131.50824018272118,8,0.9991027304573605
131.57910685307883,3,0.999584134743578
131.6265735222177,7,0.9972114429097132
132.76270691472467,8,0.9976449686721861
586.4991305468312,8,0.9978234787423949
464.8137242090494,1,0.9879386447444728
133.57980695728196,8,0.9990801776828095
133.87527363933754,8,0.973824093270073
133.3780736134417,12,0.998964152438676
133.27184027457537,8,0.9977928692844765
32.81983504269983,12,0.910255135508657
134.82294035536182,12,0.9289864882538368
133.6863402961639,1,0.9852276849337412
134.52644033991913,12,0.9957841138672218
134.21900699057363,7,0.997188224820006
281.7668146753557,8,0.9923010088126057
135.87630707689135,5,0.9999822697229744
135.7104404015858,11,0.924330921043602
135.5563070602247,2,0.6001962468737759
581.8534636382028,8,0.9981889150463964
136.34994043489309,1,0.9687629075705283
137.7110738391188,4,0.9679975077953389
638.4629665866146,9,0.7932765126291508
526.6152607612129,12,0.836818552632184
36.18190188447415,12,0.6083101661696526
138.91834056866395,8,0.9982346043973573
36.56066857086825,8,0.9866408679192635
36.88023525417902,8,0.9996987284524449
138.13714052797644,8,0.8703965579167047
628.867532753519,8,0.9841361242687853
139.2737072538393,8,0.9630543682438998
141.6653073784018,12,0.7043143539183933
141.3335740277907,0,0.9812497962001349
141.5465073722143,0,0.9214208525264465
142.2923740777282,5,0.999997755587106
142.67097409744696,5,0.9999979111917912
41.29590215082835,1,0.8973269215268957
143.47640747272993,1,0.8358035533611192
41.59176883290474,8,0.9986736211496524
143.07350745174557,8,0.99945935468553
143.1095741202907,4,0.6964656331235506
143.9850408325546,2,0.9911582650550796
144.48254085846605,1,0.9981974544233033
144.6952408695442,8,0.9209447554652972
144.29324084860667,7,0.4476344417509342
144.21024084428376,8,0.9985519489701489
144.25757418008237,8,0.9910784040461336
145.72564092321085,8,0.9938167293028429
145.25220756521952,1,0.7556863851991902
145.524107579381,8,0.9317362262707108
144.64824086709626,8,0.7461685184885604
44.12520229818774,0,0.9094724292003912
146.1520076120841,2,0.9822738036426869
45.0959356820801,0,0.9936755063109819
569.8700296807323,4,0.8995794382252625
149.30057444273865,11,0.585821978198913
48.71846920408706,10,0.8102090025923577
559.8356291581072,12,0.8082508520287177
610.4275984597724,4,0.9964629372571148
151.2422412105338,8,0.9993593748189955
549.3262952774127,12,0.701808064832275
152.61490794869354,8,0.9980163083926024
152.5207746104574,8,0.981795869716752
152.67437461845742,12,0.5274991919537707
51.5595026853909,12,0.5555946899870867
153.17137464434285,8,0.9849245416394173
153.19537464559284,12,0.972798960760553
153.86987468072306,8,0.9993292980891727
580.8881302545917,9,0.47909032021254067
154.91210806833936,2,0.9713549488645628
154.15427469553555,2,0.9801507219032801
154.16574136279945,2,0.944062392324903
155.598808104105,2,0.8461473353025117
155.20757475039494,0,0.9936586700515865
155.4209747615095,0,0.9357449391610887
377.7829863428649,0,0.4859329769884003
156.11920813120918,4,0.6785126342701205
156.19014146823696,2,0.9834895921984258
157.43300819963628,0,0.9913883601918461
157.55204153916924,7,0.993840287371402
157.62274154285154,0,0.9966371311479258
418.6240218033356,0,0.9995248653299433
591.2218974594754,2,0.9285472121706373
158.19097490578037,0,0.9843259174436999
591.6724974829441,4,0.9783781591510958
591.8258641575986,1,0.9339425918333791
159.30407496375432,2,0.9974030084616016
160.72444170439843,1,0.8386427862007904
533.4560611175046,12,0.5010814427250118
59.88163645216873,0,0.9997606152966589
162.48804179625262,2,0.9409155723191955
162.5829751345304,0,0.9997681378968437
162.7720418110443,12,0.46450351561856307
162.98527515548352,2,0.8134158946607977
162.45254179440366,0,0.9979204584513947
163.0801084937561,7,0.8889096887637069
162.60670846909983,1,0.9181181768251043
61.254903190359705,2,0.8799109262852286
62.545269924232976,3,0.9320695737728986
163.62480852212587,1,0.9566328913160137
164.23990855416235,10,0.7303544464982729
164.00367520852518,10,0.567461816062838
164.20457521898874,3,0.9658881489038589
63.77646998835798,2,0.7494042528657516
63.88296999390486,1,0.9595417043541793
164.4061085628186,4,0.9948240082920532
603.39926476038,11,0.999853811687278
166.5842086762613,11,0.9994575454136146
166.83307535588978,1,0.8983790275699897
166.9393086947561,0,0.9997867350618724
166.96337536267623,1,0.9582725315947325
167.19944204163806,1,0.9939884379823415
532.4401943979282,0,0.9987131861814244
532.449694398423,0,0.9976435937950159
168.1824087595009,11,0.998574918987849
168.52534211069536,8,0.8703474483210591
522.4618272115549,2,0.9965691149004243
169.11784214155472,2,0.9940128091765237
169.1529088100478,2,0.9413514241276613
169.1652754773585,0,0.9986936163682114
169.40157548966584,4,0.825235286329384
169.96994218593494,4,0.9226542227753931
169.98157551987418,2,0.9903789406357921
170.57330888402697,3,0.9921709259225521
170.5854755513273,2,0.7753705607552613
170.62117555318667,2,0.610366378878408
170.86994223280993,10,0.5508986009685419
171.76950894632904,1,0.9867224115840543
543.8845616606557,0,0.9997855899519342
19.8187676988942,4,0.9506970567475217
172.03004229323182,11,0.9998325729749622
172.2072756357961,11,0.9989610659535967
172.7876089993551,12,0.588948227305114
20.706567745133796,1,0.8976736256847091
172.84687566910856,7,0.9958873241115568
173.01197567770754,1,0.9554215465590369
173.0596756801919,3,0.9999941892122168
173.1310090172405,11,0.9956305059886762
21.073567764248377,0,0.9800493735030605
173.154275685119,11,0.9655264502510352
173.22514235547663,11,0.9974737053727337
173.23694235609122,0,0.9978915703773223
173.24900902338635,4,0.5799391699809889
22.399434499970607,1,0.9876297487301754
173.30804235979434,9,0.998508657391664
174.07790906655822,5,0.999965353761467
174.84700910661553,11,0.9992259681832083
175.0960424529193,11,0.9906931683028137
175.2611757948534,2,0.9919263836239901
175.27300912880304,2,0.9361756634451011
175.28497579609297,10,0.6519699491822545
175.6993758176763,10,0.5372850769237395
175.747242486836,2,0.78781977954476
176.12540917319888,2,0.8156647993723397
176.65814253427874,10,0.6992219580939625
176.9897092182145,11,0.9997234090510393
177.19100922869887,11,0.9977024524177001
177.2151758966242,6,0.5547490949164698
25.06296797202965,0,0.9995660856991371
177.2269758972388,11,0.9991599213428778
177.2505425651329,6,0.8227560505716817
177.93727593423358,11,0.9976022664975024
178.18547594716068,3,0.9995403360505464
178.35134262246623,2,0.9267008791139473
178.54084263233602,2,0.946465533440384
179.3455426742475,11,0.9780323205027892
280.64591461697546,11,0.8510055514812457
351.8662516597016,1,0.7578818391350819
27.13470141326577,11,0.9827366068584849
180.1745093840895,10,0.6342877729829683
555.8376956165481,2,0.9914774985558069
181.16884276921104,11,0.4544943867831629
182.70747618268155,7,0.9790566503265928
183.0389761999472,1,0.9819210745719696
183.13394287156,2,0.9612359454501294
464.5569908623445,1,0.4090391112313077
627.4366993456631,7,0.9665590166930084
185.50140966153225,2,0.9228498786533512
185.5960429997944,4,0.8747960299858754
186.12860969419893,0,0.9994455019475541
186.4247097096208,1,0.8746594781091497
186.43650971023536,7,0.9599562844103945
186.46030971147496,1,0.8769646702147105
186.4842430460548,4,0.5662535158912035
186.51920971454268,0,0.8365300917456123
186.61427638616072,0,0.9985313075102747
186.8513430651746,2,0.9592057221873018
187.0875430774767,3,0.990116563794796
187.1114430787215,4,0.947932062262484
188.42560981383437,7,0.6532197352066663
188.7922098329281,7,0.7771650097916691
188.80407650021283,1,0.8486295374629634
419.9040218700023,0,0.998833419986242
587.4587639301456,7,0.6163605776083271
189.60904320880485,7,0.9656282498922303
189.86994322239337,7,0.7785790263310939
638.467499920184,1,0.5241940161774858
190.85234327356005,0,0.9950914822754003
191.47974330623717,4,0.6509098874535267
191.7046099846156,7,0.9874337248068693
591.8941641611559,1,0.9835635803037917
472.6665912847196,4,0.8818131272327945
194.1551434455809,1,0.5582743646101039
196.6649102429646,7,0.9987403221158385
197.10261026576148,0,0.9999456869589717
197.83661030399065,1,0.9699141643555814
538.4057947086366,1,0.6055441450859881
198.7124770162754,4,0.5477809064147225
198.8902770255358,1,0.9933442297180041
589.2579640238539,4,0.9340663630722565
199.7667104045167,0,0.8412465121734464
199.84944374215905,1,0.8867143331038158
579.2119301672896,5,0.9999884397549585
579.697430192576,12,0.8829146294108171
200.20474376066423,7,0.9929805991736813
201.684443837732,0,0.9998810796990253
201.99161052039693,7,0.8133434519363942
549.673528628831,9,0.9998820085036062
203.72024394376325,4,0.9416366985465812
203.9689106233813,4,0.7901806095560724
590.9630307793261,2,0.9985560793479146
2.545900132598972,4,0.9427714874186038
2.293966786144109,1,0.8975151738491248
3.1078334951996696,2,0.9880160217088007
204.2883439733518,1,0.8834988630079007
204.91581067269905,4,0.7836360911360868
580.3235968918556,10,0.5529052132812052
205.7326107152407,4,0.9751450861615589
237.74674571597697,1,0.919478437359566
207.74527748673376,11,0.9997994921943814
208.2188775114004,2,0.996669701239312
208.29017751511395,11,0.9929866085637982
208.83444421012783,11,0.997794412448105
209.8166775946192,4,0.9881930675116309
632.1848662596301,7,0.9966666597474994
291.97301520692866,1,0.8522745540348609
637.8014332188263,2,0.949281093852941
210.05354427362263,2,0.9962633120685783
210.38531095756883,3,0.7327992082435105
211.21384433405493,2,0.5843153702211009
211.5338110173865,1,0.7801969719218526
608.354331685123,11,0.9601337084063772
577.6811634208955,11,0.9961410859233134
213.67594446228932,7,0.9587570866388908
213.94841114314696,7,0.6297145389984027
214.398177833239,7,0.5508264669980245
215.22717787641608,1,0.9896983081359603
215.2978445467633,1,0.9739357905534445
215.4161112195897,5,0.999997903653119
215.60604456281536,11,0.9986722083077275
215.7716445714404,11,0.9990392682051508
216.22144459486748,7,0.7330924713844008
216.57644461335707,7,0.628472672547236
562.2771626186037,0,0.9996360722842488
562.2898626192651,4,0.885262696161797
217.038177970739,1,0.636427795693022
217.3221779855307,5,0.9999963732521989
217.77221134230325,4,0.9611833920237698
218.5177113811314,7,0.9986085256524678
218.58901138484487,0,0.9983445481960552
464.4542908569956,9,0.6477695265384432
219.4293780952807,5,0.9999987655852126
219.512578099614,11,0.9997546390927741
219.92697812119732,11,0.8899584894628265
16.998400885333425,11,0.8935848472696993
220.4949781507807,11,0.9981061263387309
220.75541149767827,5,0.9999953919498539
273.32261423555354,4,0.969859464212425
221.1696115192512,7,0.7422625355095419
221.6313782099682,5,0.9999722670133402
273.5468475805657,7,0.6124146098287008
222.0458115648866,1,0.8981499824519156
222.2824449105446,5,0.9999990108624874
222.29427824449425,0,0.9992902899000091
19.09370099446365,7,0.9735908854545378
223.5490116431783,1,0.8902013895942206
223.5727783110828,4,0.9307037628526362
223.95161166414704,5,0.999986262533852
223.99894499994565,11,0.9972792089780542
533.7679278004143,11,0.9993920842554234
224.40167835425467,11,0.9835766187384578
224.48401169187625,11,0.9799477777919734
21.721801131343867,7,0.9942539661244175
224.5438783616609,0,0.9980119703462182
225.01677838629115,7,0.8988173562974175
225.28917840047865,1,0.560293496601327
22.479401170802205,1,0.6803954372356805
225.62111175110016,1,0.7311599088090275
639.7492999869444,11,0.9998598408167452
226.047278439963,11,0.9970165434982465
226.1891117806835,11,0.9919567541118778
226.2366784498276,5,0.9999789263517805
226.38994512447687,5,0.999992429039562
226.78101181151163,7,0.8727372761538655
227.3015785052912,12,0.5583888541777858
227.4204451781488,0,0.9966125784416523
227.4910118484908,1,0.7264457278737736
227.69244519231543,1,0.8964512216892622
227.71624519355504,1,0.7955811423127791
227.8822452022009,2,0.9797265382103529
227.9764118737721,3,0.9859131105007096
228.7816785823797,2,0.828209248919824
229.2551786070412,10,0.5063733135858444
229.3498452786384,10,0.9817671721286214
26.184768030456738,2,0.6930546242176218
585.8872638482966,4,0.9621101911246348
231.7765787383641,2,0.9599895001952397
232.72387878770263,2,0.9232765753452152
567.5470628930777,2,0.6901119297907682
233.4103121567877,10,0.506859781911094
233.68234550428943,2,0.9523135740319165
30.979234946835238,2,0.8996212842129067
535.8749279101539,10,0.8837920592998296
5.354200278864612,2,0.5321075381887276
234.1915121974752,7,0.9958170378842547
234.34564553883632,10,0.6861289520337688
637.5232332043367,2,0.926890213641194
281.69018133803104,0,0.8249437458580476
0.0639666699982642,7,0.9983542731895375
236.085478962786,7,0.9899995591251918
236.08571229613148,7,0.9247800755785256
236.54764565352383,12,0.9969088635423974
236.7722123318867,1,0.9834525459408211
236.8667790034787,2,0.9195406151133386
237.04484567941967,3,0.9525555663165085
237.0567123467044,1,0.7492765787383955
237.09171234852727,2,0.9868647379021853
34.305668453420324,1,0.6983311477215208
237.39977903123912,7,0.8297058897270005
237.45867903430684,6,0.8056298922587315
237.50601237010545,11,0.9994170501060942
237.60114570839363,9,0.8445423385941039
237.99134572871657,9,0.7316234246024006
591.5337308090501,7,0.7537664073427801
239.40057913544743,7,0.9987017429794699
239.5426791428485,7,0.9962719736884581
239.5660791440673,7,0.9936087154922154
239.82617915761412,7,0.9973731610069722
239.9449124971315,0,0.9991702183437461
239.9803791656454,1,0.6506152140012479
37.312535276694646,7,0.9914564451410057
241.70841258898048,7,0.9843745009004982
39.40790205249501,4,0.8632623076358659
243.17647933210893,1,0.671936739230376
243.72161269383463,1,0.49596224851063797
243.8394793666402,0,0.9355769069664758
40.18916875985265,1,0.6155058914861675
415.3868883014016,4,0.9858074107293586
244.00534604194576,4,0.9778831019750944
244.37224606105517,0,0.9987824602381719
244.64484607525304,1,0.5892217675645673
41.06523547214779,0,0.9942108093370408
244.71551274560028,0,0.8090374591778464
244.84551275237112,1,0.9649862014384786
244.9406460906593,4,0.9871888290665917
245.9826794782652,0,0.9943210190771338
42.54493554921551,1,0.7830839073412953
592.0932641715258,0,0.4927562215825155
246.3372461633989,2,0.9733929827168164
43.551168934956834,4,0.9753214960117301
247.107212870168,0,0.9684282747151429
248.65777961759332,0,0.9048576664319109
248.9420462990656,4,0.666623096069099
528.4562941904334,0,0.9993432311315114
46.62910242859921,12,0.6529257642502331
250.17304636318016,4,0.7758944646945711
250.90684640139887,4,0.5337817183987306
250.9307797359788,7,0.9046699587290499
518.2790936603708,4,0.6551182042256904
274.6851143065171,4,0.5431572623738119
253.3926798642028,0,0.9998278864342902
253.48761320248053,12,0.9189851529122023
473.6261246680286,2,0.9998430129194222
254.3993132499649,2,0.994836757010811
254.683513264767,2,0.6596029084022692
52.77310274859924,11,0.6561754064077987
256.05584666957606,2,0.7743080682216251
256.70691337015245,4,0.9885795189087973
53.35313611214265,2,0.8069085079232418
256.74364670539893,2,0.9961670236907895
257.24024673126354,0,0.9994139503136378
257.3110800682861,4,0.927388089529444
257.33568006956733,7,0.7905059575028767
257.8556800966507,7,0.8868775842910737
550.1857619888432,0,0.95804194320088
258.6489801379684,9,0.7357787968486433
258.68491347317325,0,0.9961686356586422
55.25920287808363,7,0.998409988495446
55.70900290151072,7,0.9918349252751962
258.8141468132375,0,0.9860146243732256
259.6319135224962,4,0.8918502176799354
260.40064689586774,7,0.566992899706035
260.5201802354267,0,0.9984166534507072
260.5548135705639,7,0.9847910406852542
260.6736135767514,7,0.9814404211362967
260.7082135785535,2,0.9936805601911957
260.74508024714027,1,0.9374353509086681
260.9689135921316,4,0.5118402266492367
261.0406802625361,1,0.9835366697953656
261.1585469353417,4,0.5200424792358453
261.17091360265243,12,0.4177291408737851
261.28958027549965,4,0.7976092787589683
261.35994694583127,0,0.9987821332695049
262.1418803198903,1,0.9120691109050469
271.986980832656,2,0.86618206819313
263.4438470543677,9,0.83077756412427
263.56228039386946,1,0.8854913072265473
60.692903161088864,1,0.5559253398591408
60.90586983884755,11,0.9448265931634968
263.7389137364025,4,0.9878681271439113
263.75084707035734,1,0.9874757162907027
264.8996137968556,4,0.9309593041136391
61.99506989557672,5,0.9999922159345103
264.9817804678018,2,0.9992571538913169
633.0154663028906,5,0.9999979354031862
62.38570324925554,0,0.9976292853810729
266.0947138591004,4,0.8637170409503059
266.21354719862296,11,0.8489884164860508
63.1787366238927,1,0.9569720346334073
63.88916999422777,0,0.9559436136714672
63.96003666458542,2,0.9426066292646672
266.5219805480205,9,0.997244964685507
267.7050139429702,9,0.7938056466617711
267.8111806151664,11,0.9137113752716411
64.65873670097604,6,0.44431904148331924
64.97827005095174,0,0.9945700157337343
268.69941399476187,1,0.9886790173036925
384.6893533692382,6,0.9973407435060768
65.59363674966876,1,0.9633009789267685
65.33327006944133,9,0.5389135477540518
269.1139140163504,5,0.999999196503619
269.5876807076924,1,0.9480234594546469
269.9419473928105,4,0.4890099768336104
270.03701406442855,1,0.9829456086958928
270.0965140675275,1,0.9822194986225334
16.8653342117362,5,0.9987982016067611
67.59447018721217,4,0.9480444455169669
270.6888807650466,5,0.9999940807577555
270.8893141088192,5,0.9999721734055164
271.2447807939997,0,0.9994315498046473
271.71801415198064,6,0.5569410851944496
68.69537024455072,1,0.9862895401531377
68.07963687914794,2,0.990125836017472
68.47047023283717,1,0.6437797803919317
272.45188085686954,3,0.9997752247431846
272.48764752539904,10,0.5232679781661557
69.39383694759586,2,0.5361154055226509
272.72508087109867,10,0.9944069546346483
272.94961421612646,1,0.6549120571701696
273.1154142247619,1,0.8813000669529806
19.25660100294802,11,0.6468833470645954
70.63683701233545,5,0.9502813174247643
273.3989475728626,5,0.9999907226870347
273.4938809111404,5,0.9997776367888237
273.5064809117966,9,0.3856623594356106
20.66536774298796,11,0.9978984521101834
273.5526809142029,5,0.9999705842642346
273.55378091426013,5,0.999984873842014
274.12078094379143,5,0.9998679892078246
274.3813476240293,5,0.9952294930094254
274.4058142919702,1,0.985258399171128
172.93224234022142,11,0.9985822587517235
274.6063143024129,1,0.9046714509178558
275.3880143431265,11,0.8553445588317923
275.4477476795709,8,0.9238436968791662
22.10956781820672,1,0.6347427864749914
276.20511438568377,0,0.7947655502988697
276.2520477214616,12,0.7802923542856325
276.3942477288678,11,0.9950869393073447
276.4181143967775,11,0.6607412930762283
276.5837477387376,1,0.9792042629044577
276.7262810794945,6,0.7908755367786356
276.92681442327233,0,0.9978844505251099
277.12804776708657,0,0.9894931941118446
277.38951444737125,0,0.9309851083406091
277.4005477812793,5,0.6490935511351609
277.42444778252406,11,0.9255469676899115
277.48411445229834,11,0.8928496496159744
278.0755811497706,6,0.6886674962065604
278.14674782014384,6,0.9938185610164718
278.16998115468726,7,0.5833540767514783
278.44174783550847,4,0.513261512284457
278.83324785589906,5,0.9999776399761432
279.1767145404546,5,0.9999611912726062
279.6859479003105,5,0.9992087925971996
26.217434698824796,1,0.9769626605263992
279.709214568189,1,0.9479390200582707
279.7557145706109,0,0.9877960381555962
280.0056812502966,6,0.8957071123624875
280.0057145836317,1,0.4278508535171618
27.61430143824494,4,0.9204542121041441
280.12411458979835,4,0.42032042380395773
280.1473145910067,0,0.9897334934371653
280.93631463210045,11,0.9512877580953956
270.7929474371334,11,0.4028767235410229
28.016834792543552,5,0.8034187967861048
281.1177146415484,1,0.8703880997141916
281.2248479804616,1,0.9224329199259178
282.4313813766352,5,0.999997269749603
283.2728814204633,1,0.756068298631155
284.1490147994286,5,0.9999550259630652
284.2664481388783,0,0.9818192610799386
284.4446481481595,11,0.9967727331258904
81.19647089564974,11,0.8981060835746235
285.2487148567047,1,0.5149061193295051
285.26051485731927,0,0.9986180035583702
285.3437815283227,0,0.8360265104007656
285.67498154557273,4,0.7687708887197124
286.3506815807654,4,0.9353057194756359
286.88251494179843,4,0.7545786960821014
287.8535816590415,9,0.7913843618078178
84.34537105965497,6,0.5072070681068677
288.2438150126995,7,0.36147970243200195
288.5166150269078,11,0.689726885068098
85.31607111021226,11,0.9599266246584734
85.33990444478691,1,0.838686147293554
288.64631503366303,5,0.9999981210068145
288.7065483701335,5,0.9993564028902807
288.8239483762481,1,0.9435220730178197
86.81957118851956,5,0.98830453693391
288.8355483768523,2,0.994106400514245
289.07354838924806,5,0.9999921306093836
289.19064839534707,5,0.9999859709051989
289.9606817687863,4,0.6255386272801697
87.70737123475915,7,0.5548838108263409
87.7782379051168,12,0.39349882909370454
290.0674817743488,1,0.8870256397765645
290.2797817854061,1,0.9018893795919091
290.7659484773939,0,0.9723723987959642
88.95043796616888,4,0.9262389109977744
290.8486151483661,6,0.8129465013148117
291.1452818304842,0,0.9997777537467726
291.1805818323228,6,0.8153668419670926
291.1919151662464,4,0.9452537735834768
89.82640467845881,11,0.9995740587943792
291.2268151680641,11,0.6980818894673522
291.274281837203,11,0.9863039901110527
292.197815218637,4,0.9898133472652297
292.2101485526127,11,0.9363475997520138
90.7142047246984,1,0.5968698871820136
90.9272714024623,2,0.9985037119486735
293.05018192969777,7,0.9973158237159989
293.57141529017866,7,0.9996841558718997
293.92694864202934,12,0.8933761065100905
91.0100714067748,12,0.9978500325393608
91.17583808207516,1,0.9536197919034181
294.30601532843906,4,0.6215645994278622
294.53094867348767,2,0.998043861063094
294.97981536353285,0,0.9921307765437067
92.08747146288938,7,0.5375849008660925
92.40700481286508,4,0.9783186337347459
295.997948749894,7,0.8297067101686729
296.5314154443453,2,0.7124972264751084
560.6979958696887,3,0.9996435773771774
93.2712048578755,7,0.7113360067439826
273.74191425739207,2,0.9724560627312784
297.57341549861616,7,0.9937683389646252
94.15903823745016,7,0.9782074578942761
94.70350493247447,7,0.9867018749661592
94.9166382769085,7,0.8911608888273681
95.05890495098488,3,0.9815467197820125
299.02821557438705,2,0.995127477039858
299.34818225771863,2,0.7099065487953773
96.57410502990156,2,0.7073520153860094
300.08224896261794,10,0.6533447563957312
300.45014898177936,10,0.6950647573242781
300.53171565269434,10,0.9907925515099307
528.6596608676921,10,0.8157432363211397
301.59761570821,2,0.7485363142275213
301.6089490421336,10,0.6141521958164048
301.7037490470711,2,0.918187800728363
302.2138157403037,2,0.5889285165861026
302.9110824432864,2,0.8375188449786797
581.41533028205,2,0.836175818394245
303.2671157951631,10,0.965730699266941
303.26714912849815,10,0.6625935100560217
303.43254913711274,0,0.9865977772941362
303.5745158111735,1,0.48693473322280384
303.78741582226206,3,0.540772533744179
304.0832491710034,1,0.6848895810916499
304.3329158506735,0,0.9974735476124549
304.45124919017,1,0.9377203247455819
304.5104158599183,5,0.9997884355436033
304.55718252902074,1,0.6892006951789358
304.62798253270824,10,0.9989201802730403
304.6395825333124,11,0.3780982925062147
304.87754921237314,5,0.9998372014184289
304.9005825469061,7,0.9942808553691723
304.9248825481717,7,0.9717564120618514
305.1605492271128,5,0.9999772621686832
305.2205825635728,4,0.9791025274568168
305.3030825678697,1,0.9926346753714808
103.93727208006652,1,0.9621088081932647
305.8482825962655,4,0.8283188161955456
306.048649273368,6,0.7579841742532181
306.0839492752065,2,0.9215637871856034
306.2268492826492,4,0.9030523944001634
104.37540543621932,7,0.9001830982022107
104.7660721232332,7,0.856779629646402
307.6821826917812,2,0.9923355327288724
308.1553160497569,7,0.9985332618080321
308.36894939421694,7,0.9980882368383449
105.05000547135474,1,0.929753465266228
105.0620388053148,7,0.9512160225816633
308.640649408368,7,0.9815273306803121
308.8071827503749,7,0.8029274243226265
309.17464943618046,7,0.9441866225950554
309.3512494453784,4,0.9677169400218066
309.4226827824322,2,0.7560411024050443
309.5882827910572,4,0.980244456368667
309.73091613181936,2,0.9835809960135937
310.06224948240964,1,0.9852809913748144
310.0732494829826,7,0.9670363966744665
310.073949483019,4,0.994987559957719
310.1800494885451,2,0.906495052354601
310.2992494947534,2,0.9868115660688038
310.369616165085,2,0.9977717173046012
108.6488723254624,0,0.9882511721672208
310.60721617746,2,0.6051953284730639
311.0204495323159,2,0.9868900690336708
311.08071620212144,7,0.9997279833668978
311.29374954655026,7,0.9950349983612302
311.32911621505895,2,0.9855926485124784
311.43494955390446,2,0.8040192946158886
312.05098291932285,10,0.8690042510154052
312.2521162631319,10,0.9605000847069327
313.5187829957708,2,0.9050919905804469
110.294605744511,2,0.6627004939154579
313.77898300932287,10,0.9998178400227244
313.8267163451423,1,0.9069359064137472
314.2639163679132,10,0.644062184547702
314.42974970988365,4,0.9932245362029496
314.5252163815225,2,0.7997668640704023
314.8919830672916,2,0.8894068130313584
314.9743830715833,4,0.5223365427437883
315.02178307405205,7,0.9997699454474394
315.06914974318573,2,0.7506228253700148
112.49627252584784,7,0.9965949775727209
315.27101642036627,11,0.9987028038761585
315.5427497678524,11,0.9951190836574859
315.8271164493298,11,0.9767054547449667
316.13451646534025,8,0.9989725280558708
316.4538831486406,4,0.9828965910009202
316.64418315855204,1,0.5214845567573893
316.83378316842703,8,0.9992024993547272
317.4013831979896,4,0.9658542037979221
317.44924986714926,5,0.9325586707117596
317.934883225776,7,0.8544092011126083
562.247062617036,1,0.8333060624403177
318.94004994479513,8,0.9981975372286891
562.2586959509753,1,0.6937086852765948
613.9073653076769,4,0.48499809863088894
115.36100600838604,2,0.9478531283146142
319.059016617658,11,0.9179376511550191
319.0938166194705,1,0.5255690555766064
319.4146166361788,8,0.9994822536089901
116.79337274965516,1,0.8222156893942062
116.9356727570666,8,0.9985638160793086
319.5677833108229,11,0.9490572775280505
319.66261664909547,8,0.999247381807946
520.9801604677181,8,0.9974750962563981
321.53238341314585,12,0.9986116041212341
321.71028342241146,8,0.9991529340277328
118.37970616561002,8,0.99940840633961
118.29687282796245,4,0.47508410067608786
118.3087061619121,1,0.9770158526044169
118.2615728261239,6,0.5743811364093532
322.10065010940974,8,0.998249576156961
322.361916789684,1,0.9520128361728339
322.43215012667537,1,0.722596989309634
322.6577834717604,12,0.8030140325617565
322.7527834767083,8,0.9959606255672075
322.8825501501337,4,0.5096276500831955
323.79375019759203,2,0.9483158409962494
323.9721168735486,1,0.49874883539690246
563.1947959997304,1,0.4454721575865457
324.2676502222743,7,0.9754691691139967
324.36168356050524,8,0.99628806066707
324.6112835735052,8,0.9593016628398537
324.6221169074028,7,0.99900279406084
324.7291169129757,8,0.9991380930918552
325.45148361726564,8,0.9897272640450452
20.650634408887264,12,0.9502396230967421
20.41383439655393,1,0.9405412668312582
122.20363969810656,8,0.9985269179386976
350.92891827754875,8,0.4952535942009342
326.7058503492639,8,0.9971695190892135
523.1216605792546,7,0.7383311820408818
327.2154503758056,7,0.9368760726291999
327.77131707142365,12,0.9981721965374066
328.49351710903824,12,0.878767724622068
330.2692505348577,2,0.9739187647507382
473.9258913503081,8,0.996434217215098
331.8676172847726,8,0.9407105406234084
26.699934723955003,7,0.6002728081853944
331.985883957599,12,0.7915168639972106
463.9623574980407,12,0.9840355392394953
280.5367812779581,12,0.9978861709775457
332.2460839711511,1,0.9832759534284299
332.5073173180903,7,0.7907731964503792
332.7195506624775,8,0.9977091326954458
332.967950675415,7,0.975339118331435
598.4460978357358,11,0.7911893291517773
333.58351737414245,1,0.4547926804823936
333.97458406117715,7,0.9458161339091941
334.27128407663025,7,0.9905762770603591
334.30675074514414,12,0.9929503392050895
334.44771741915287,8,0.5668395374487813
334.721417433408,8,0.5854947133162646
334.75651743523616,12,0.892077744490562
335.08775078582124,4,0.9459622384534698
30.34606824719113,7,0.8868881476141631
335.465850805514,10,0.5669979110082555
335.4659174721841,12,0.9646699935909172
335.7268508191077,8,0.9985106919737481
586.6271972201681,12,0.531130636618785
31.683768316863016,12,0.9470408249167425
337.1244842252344,9,0.7477147983026569
337.57331758194454,4,0.5510933337308139
337.72711758995496,11,0.6673011866023069
337.81078426097923,10,0.984208119479539
337.9058175992622,7,0.5815914331155577
338.2597842843647,2,0.8420593949315914
338.89961765102265,9,0.9957900827659726
515.8923602027285,12,0.9916104110200055
566.9581961957409,8,0.9992527257349535
627.2788993374444,12,0.8893960974233183
339.0304176578352,1,0.9772368554181963
339.39631767689247,8,0.9442015685493254
339.6340843559428,7,0.9958976096758939
339.7401176947987,8,0.9856479616687394
340.29718439047923,1,0.9947304446232658
340.8403510854359,12,0.5284846660484743
35.04580182530227,4,0.618938886046375
35.50750184934915,12,0.5037842176343479
340.87711775401743,7,0.9851703590516573
341.5389844551564,11,0.5161356840325914
341.680884462547,4,0.8590316202523702
36.513668568420336,8,0.9996020276612758
341.8939511403109,4,0.9675466730159727
342.2256511575869,8,0.6419548094228483
342.29718449464593,8,0.9997147700851751
277.9571144769338,12,0.9990132456675165
343.36191788343416,7,0.9267915447951195
343.5990512291182,2,0.8906633577817015
343.96668458159905,8,0.9835778837336416
344.026184584698,12,0.9982810058665753
344.10885125567023,12,0.9671058767870512
344.29811793219454,8,0.7819781435574853
344.39208460375534,9,0.5158721662080435
344.8897512963421,12,0.79621130316971
345.115284641422,9,0.9877349305277758
345.17338464444805,12,0.9953250545644716
40.15980209165647,1,0.908114134476719
345.3507513203526,8,0.9986164298805253
345.8716513474828,1,0.9583838406126018
346.1085513598213,1,0.9622215944502867
346.381518040705,1,0.5026275708848773
41.30810215146376,1,0.501425969675619
41.86450218044293,1,0.41407328033844076
346.4752513789203,4,0.909383735293902
346.90205140114944,1,0.5662742767082731
347.5893514369463,7,0.9593325218445684
347.6243847721043,4,0.9587924551540472
347.64808477333867,1,0.5374961186537928
347.69481810910605,6,0.4845928537603998
347.7419181115592,4,0.8260135114835703
347.8251514492276,1,0.971743522827534
348.1799181343717,8,0.974330063408786
348.6187181572258,12,0.9908521590002011
349.305184859646,12,0.9978992715831728
314.4436163772725,4,0.9752500488655959
44.954235674699895,2,0.8697630153729381
349.3173515269463,8,0.9990992680824021
349.31741819361645,1,0.5006383776816828
350.0634182324706,7,0.8646925832526906
350.0864849003387,7,0.9972888517766483
350.5127849225418,8,0.9973556684110189
350.666951597238,2,0.8739924817135043
350.8201516052172,8,0.9974966270197064
351.2106849588908,9,0.9996537976506802
351.2703849620001,12,0.9941483080876657
46.61153576101761,8,0.9980871040108906
46.64703576286657,12,0.9983809174254823
351.4836183064394,9,0.9911941988509227
351.5307183088925,12,0.9930353790025712
351.53088497556786,12,0.8142561881766834
47.298135796778034,3,0.9975710345509534
351.6489183150488,8,0.9970987917417082
351.6612849823595,12,0.985374729909017
352.2057850107189,9,0.8960202871476839
352.2890183483873,7,0.9869941555052539
352.3829850199481,8,0.9530745003031841
353.222918397028,4,0.9120081668159626
353.2706517328474,2,0.7582601801925507
353.93428510074494,2,0.9587556294539495
354.099418442679,10,0.7328839996654598
49.25146923184749,2,0.8586255680179006
354.8334851475783,2,0.5558852001575765
354.86951848278835,2,0.7179979629811234
355.09371849446546,2,0.8917165059316272
355.22408516792206,2,0.9356524752280373
355.43681851233526,4,0.7156206899203624
355.91038520366686,10,0.9998817230868591
356.0877518795714,2,0.9638487603042256
356.7283519129359,2,0.8040154631521054
356.7637519147797,2,0.6284362674727635
574.3748299153573,2,0.5935584404911233
357.08238526470853,2,0.965611419779409
357.0940185986478,2,0.71877672461011
357.3670519462016,10,0.7489855692644477
357.4257519492589,2,0.8679313162432801
357.4848852856721,7,0.9981228604650155
357.60411862521545,1,0.7889646043607493
357.62728529308873,9,0.999999982667518
357.6745519622172,4,0.9706770044675663
358.0183853134585,4,0.8166381940266576
358.04118531464604,2,0.9830536691395044
358.14805198687867,1,0.8319109342468877
358.2317853245731,8,0.9973030739819083
358.3607519979568,11,0.9923975428082894
358.57385200905577,6,0.9153463537196287
358.8464186899186,8,0.46812578268691085
359.08298536890646,6,0.9987500151547647
359.14255203867555,6,0.9920454110333259
359.1547520393109,5,0.999995399722772
359.177785373844,11,0.589144513611054
359.2616853782137,1,0.9873915262969549
361.2258521471808,0,0.9398088216493461
361.28605215031615,4,0.9796332694820219
540.757994831147,6,0.9971940725207122
591.5519974766681,11,0.760657894352325
591.6122974798087,6,0.9987645381014396
362.1380188613561,1,0.9037652083859554
362.8248188971269,1,0.608111777399121
362.9549522372381,4,0.9001876623067654
276.881547754248,4,0.7568831152598154
363.17905224891,1,0.5435962445848139
363.6418856063492,2,0.9503732516127028
363.73638561127103,4,0.9375090127895853
363.7943856142919,2,0.9954340971439208
363.8191189489134,8,0.9975739839456087
363.8308189495228,4,0.4601597862959324
8.596600447739629,1,0.7633905561525772
364.03148562664086,1,0.516638384658893
364.0548189611895,12,0.9932211632900263
364.3874523118474,12,0.560001494940154
364.4230856470367,8,0.8709990263526413
364.6717523266547,1,0.9510615254280719
364.6822856605367,8,0.7966335623081373
364.6941189944864,6,0.9980898794811307
364.9676190087311,1,0.959414284284189
365.1214523500766,4,0.7253898645987295
365.3696523630037,8,0.9910921417260098
365.464852367962,12,0.908697582060128
365.5236857043596,6,0.9908470383011189
365.6063857086669,6,0.9981575695358261
366.091219067252,1,0.4474006219739275
366.9564857789846,11,0.9994460045071051
367.29901913015823,11,0.9989745410265752
367.4051858023544,11,0.9998115506941554
367.7722858214742,6,0.9334158587940489
367.89115249433183,7,0.9447201827687157
63.98986999947257,1,0.9822743043410795
368.0680525035454,1,0.9197799152909761
368.4828191918145,1,0.9991471203177663
368.6611858677711,2,0.9977479261622367
368.7085858702398,8,0.9621208413242687
368.849785877594,8,0.7417646302770127
369.5124192454395,8,0.9588388175779179
369.67871925410094,6,0.9986898270524788
369.7140192559395,4,0.9892300926441111
369.8686192639916,4,0.6793908165225944
369.9629859355732,1,0.49896357808777553
370.0697192744655,3,0.823527229968767
370.0817526084256,2,0.8909254223023118
370.1763859466877,2,0.8914209711835785
370.6606859719117,1,0.9256415631647906
371.3600193416687,1,0.9861940068375603
371.3946860101409,8,0.9988246840673214
371.4536526798788,12,0.9744641365841833
371.5018193490541,8,0.9975760181020088
371.5483860181461,11,0.9989972832281828
371.5842526866808,6,0.9954750537479685
372.4371527311027,11,0.6497545908807482
372.94598609093777,6,0.9997926145583748
522.2260605326087,1,0.6971170396230707
373.9279861420836,6,0.7175915909276297
573.8725965558659,6,0.9738846414442296
374.5205528396131,6,0.9993132227119766
18.50510096380739,6,0.9992254854311363
314.8361830643853,1,0.8257032585049583
542.1404282364821,5,0.9999935873087208
375.01795286551936,2,0.9969281078612315
375.02931953277806,2,0.9407841162305647
375.1590195395333,10,0.9991029720021327
375.3017528803006,10,0.9700150064084045
585.9576638519632,10,0.9996318685907467
376.2844529314829,8,0.9991567778574417
20.10320104704177,6,0.999696100899759
376.59195294749856,8,0.9971740910403017
376.59215294750896,9,0.999878367101695
376.6035862814378,6,0.9319476333701112
376.615219615377,6,0.9961587005727629
376.9116529641496,8,0.8920429814090598
377.2194863135159,11,0.9762198152709479
377.2429529814048,2,0.5995071223381022
377.4330529913058,2,0.6626901832582596
377.5268196628562,1,0.9899773675199314
377.527186329542,2,0.8701456669780252
377.53865299680587,4,0.9203211207634973
377.5745196653406,3,0.9995923248804578
377.7882863431409,3,0.48512212596168697
378.08345302518086,10,0.6799993821022801
378.0961530258423,7,0.7701057912657613
378.28555303570687,7,0.982179773323396
378.3793863739274,1,0.9942540264544304
378.8887530671236,0,0.986155302316796
380.8412865021514,11,0.997964584776228
615.6148320632741,11,0.9986186282862067
381.8120865527139,0,0.9895886962267629
381.883653223108,0,0.998267702198683
585.3634971543504,1,0.9756397107588677
382.2147532403528,0,0.9998111731260542
26.282734702225834,1,0.9587096817895818
382.4163865841878,7,0.9531714662495152
382.4168532508788,0,0.986479364785403
382.5224532563788,9,0.9999577533564135
382.7366199342,11,0.9904345839119231
382.7832532699621,0,0.9798242485334866
382.8193532718423,2,0.9636561858375104
382.9960199477104,5,0.9991015171761081
383.00818661501074,2,0.9969383922846243
383.0206532823267,7,0.9802935256631395
383.0324199496062,7,0.9819791469516241
383.25701996130414,7,0.9984994556604748
383.3047532971236,4,0.6071855729965279
383.32845329835794,0,0.9717355586007554
384.0851200044344,0,0.9969550706544934
311.8662162430329,0,0.998870223949386
384.1442533408476,0,0.8632291422579972
384.15625334147256,2,0.9503521937346308
384.2626866803493,2,0.9734711389345193
384.4284866889847,4,0.9850564072000031
385.12718672537534,2,0.8908957542041072
385.2697533994673,3,0.9974733839517225
385.34042006981457,2,0.9953365607695065
386.5596201333146,10,0.5224948151407354
386.5835534678944,4,0.8121076121330736
387.1403868302295,1,0.7846102869871651
387.26972017029897,4,0.7586768831541674
387.424286845016,7,0.9875903323086429
387.9452202054812,4,0.5877494958751394
418.4962884633495,4,0.9769418671289793
388.5847535721236,11,0.9997488924708299
388.6310202412,11,0.9989181402845665
389.64922029423127,6,0.77909270200351
390.5969870102608,1,0.5240773062824171
390.6206870114952,0,0.9984513333403586
597.2468311066074,1,0.7070014677059311
363.937952288436,1,0.5040140555701202
391.8513537422591,7,0.9997306578977089
391.93395374656114,1,0.9515984863302441
391.9459204138511,7,0.9072599887037737
587.4366639289944,4,0.7526271078135943
392.24262042930417,7,0.8203814701093632
392.6805537854465,2,0.9143377415452578
392.7626537897226,2,0.927478486533631
392.9054537971601,10,0.9734317359665157
392.9171204644344,2,0.7211010650098739
465.8464575961709,3,0.966462176430639
516.4987269009767,1,0.6682357030694505
516.5695935713344,5,0.99995935893839
628.8932994215277,1,0.85867929038478
394.7993538958007,0,0.9978427916749275
395.0952872445473,0,0.9536017425835163
395.50868726607854,0,0.9330711332611464
395.8282539493893,7,0.9547246290272283
397.7582207165751,7,0.880971774926007
398.9535874455004,4,0.9663764009916834
568.2880629316714,9,0.920016855723207
590.7806307698261,8,0.962074434291637
399.2389541270299,1,0.5094923779954714
399.2743874622087,0,0.9877724726131871
399.664287482516,1,0.7798469902428934
400.1494541744518,1,0.9536649039216876
400.4583541905403,1,0.9637249445677988
401.7485875910733,5,0.9999850562810233
401.8066875940994,1,0.977449670092381
401.9852876034015,1,0.5637971195658518
589.0570973467254,4,0.9357482652390331
402.2095209484136,1,0.8567299410618078
402.4700876286514,4,0.700169608643107
402.861054315681,2,0.967039575069362
402.94355431997786,1,0.6861606656441668
403.0385209915907,5,0.9975045330357643
403.038654324931,4,0.7393721097986337
403.499454348931,2,0.9924834918633786
403.98508770755774,2,0.8675910909652317
569.03376297051,1,0.9746012703130862
404.2697210557157,2,0.9974760011387062
404.3525210600282,2,0.8134774795381928
404.6011877396463,0,0.5379385808627216
404.719621079148,4,0.9502856201761625
405.27508777474526,2,0.9808407404695517
405.2873544420508,2,0.8775080726704343
405.3816877802973,4,0.9550467905294653
405.535621121648,2,0.9755773624564786
405.7377544655091,1,0.9714920701308035
405.80778780249005,4,0.9550554759012698
405.8322211370959,4,0.8219414728567489
274.5293476317376,2,0.9945248743623006
406.0686544827435,4,0.9772447398222679
351.83265165795154,1,0.5893369783504897
407.4415878875838,2,0.9964028425421523
407.5138545580143,2,0.9173495762625199
407.7031545678737,2,0.6823790705444056
5.107000265989611,3,0.7427052405695562
6.488367004602465,10,0.9821949185055711
7.85713374255907,2,0.9038960310912193
6.469867003638924,10,0.6250672997730516
7.294100379901081,2,0.719987520419288
5.617533625913224,4,0.7647985444297719
408.31878793327127,0,0.9995692382880406
408.6021212813616,1,0.9835503040804892
408.6255546159154,2,0.8459353226350406
408.6735546184154,11,0.9769013793109457
409.2066213128459,2,0.9698563415053865
409.63185466832687,2,0.9331825757043273
409.8326880121203,5,0.9998689274221286
410.3430880387036,4,0.9365323294421383
540.5594281541383,1,0.9184254123874769
411.36072142503866,0,0.9850768480370393
411.3849547596341,7,0.42450701354618625
411.4073880941359,0,0.9942413180047612
411.52622143365846,0,0.7061616417536539
411.5620881021932,7,0.8611277478696752
411.6688214410855,7,0.9992057301169534
411.72802144416886,5,0.9999420836725013
411.9764881237765,9,0.6527497938763898
412.0704547953373,11,0.9612200164890575
412.3307214755595,0,0.9950390369487008
412.390488145339,0,0.9998774234083232
412.66255482617584,0,0.936287432938538
413.08875484837375,5,0.9995513629907739
413.2905881922192,4,0.9698043079610319
413.6094882088286,4,0.909236995249381
414.2613215761116,5,0.9999768970724117
414.3082549118894,2,0.9962747254498808
414.4857215877991,2,0.743338705802502
414.52135492298834,0,0.9997032648293348
414.6282882618911,0,0.8251522003242395
415.1374216217418,5,0.999987403184933
415.2084216254397,0,0.995101618592183
415.3978216353043,9,0.5394158533775194
415.4203883031464,1,0.8612133899666188
415.4680216389606,1,0.7029457453804957
415.6816883167557,1,0.9616648055642341
415.7176883186307,2,0.999184767460935
415.8826216605543,2,0.8653248339087141
415.9886883327453,2,0.986359301419309
416.0131550006863,2,0.9372610139270598
416.0366216685752,2,0.5990433903907171
417.42218840740674,2,0.9823449737575946
417.4330550746394,2,0.8334122051559644
417.574921748695,3,0.9999656684139251
417.6697884203026,2,0.9262250980151632
417.753488424662,2,0.7946268611208154
417.765521758622,1,0.9643246670682142
417.7761884258443,2,0.8632159449913329
417.8355217622679,2,0.7690593480963003
417.836555095655,2,0.9862892931432181
417.8484217629397,2,0.584150702793542
418.07332177465327,7,0.9987796813704181
418.2743551184571,2,0.8058670739514382
418.33342178820016,2,0.7992992232308935
418.43908846037033,2,0.5961289895969715
418.4987551301446,10,0.9330581220672874
419.2098885005161,3,0.9950795301157105
419.232855168379,11,0.9221111035390992
420.1806218844085,7,0.9892813195614385
420.6182552405352,3,0.9908222753775761
420.7248552460873,10,0.5390835720850968
420.8783885874172,10,0.8368644403130513
421.2094219379919,10,0.6198200195700094
421.2336886059224,1,0.9145983667001213
421.3052219429814,2,0.767365502078389
421.6716219620648,2,0.9495163071170442
421.77808863427657,7,0.946918613153401
421.86135530528,2,0.991419568503097
421.9557219768616,7,0.9920042610345908
422.3576886644641,3,0.7837377457115707
422.4530886694328,2,0.6194260284925767
423.0686220348252,2,0.9915682233863989
423.1990220416168,2,0.9573835834445823
423.2928220465023,2,0.9514992807492636
573.5555632060205,2,0.8551543485509426
573.8739298892688,4,0.942008278776204
17.64990091926572,1,0.8984351361927726
424.0161220841741,1,0.979576932217403
424.1690887588079,4,0.6186684053119224
424.53668877795366,2,0.9537084435854147
424.7850554575561,7,0.9919639854398481
425.45898882599016,10,0.5397643915372722
19.16516766485253,4,0.4831570106855161
19.757001029010524,7,0.9963340698075452
426.6078555524936,3,0.9998014582857985
426.79708889568286,9,0.6833714437187616
426.8450888981829,7,0.9968628594053281
426.8454555648686,4,0.9502095716626161
427.0817222438408,1,0.5419588382150826
427.2831889210005,4,0.9696251218229154
427.37785559259777,2,0.7682712529914416
427.3778889259328,4,0.9658355282407324
427.4965889321151,1,0.9201526588832999
427.804188948136,3,0.7886284631466758
428.5368889862975,4,0.860640940751659
428.8459890023964,4,0.9592817641901474
584.7756971237358,0,0.973188449669974
613.1994652708071,1,0.571334481140177
274.79084764535736,2,0.5687295770656157
430.2302890744954,4,0.4528417025722367
430.3258557461394,11,0.9998848422878593
431.9107558286864,4,0.5573689192605842
433.8062225940752,2,0.9782448915053754
173.69890904681864,2,0.5901048741444147
280.5066812763904,11,0.9976944632295213
27.42813476188209,6,0.8623693786976881
27.54650143471369,11,0.9932777272349271
434.1364892779433,1,0.7284531517060042
434.2551226174554,11,0.9964087682020745
434.38558929091727,1,0.9597645896111368
434.5636226335232,4,0.9792122217494186
435.34412267417423,11,0.9988967365502978
435.3675893420631,9,0.9999715332779195
435.4869560149468,1,0.9085653429037119
435.49895601557176,7,0.9995487399175443
435.5226560168061,4,0.9289922880442286
436.4213560636135,0,0.988311428455695
436.9315560901864,7,0.4231536120214251
535.7925279058622,9,0.9225714011758713
535.9945612497181,12,0.8811323210258478
437.0612560969416,7,0.9911119779915063
437.7360894654225,2,0.9770637435379348
418.98418848876094,2,0.9902719675214542
437.76002280000233,2,0.7218019627779683
437.9731228111013,0,0.9986549243593512
438.1741894882402,1,0.6599688352430327
438.1968894894225,2,0.8976583110475427
438.8600895239642,3,0.9412725764539435
637.8655332221649,2,0.6835459653398694
439.3336228819607,10,0.6598792483177046
439.3458228825961,10,0.5236142058263761
439.3938562184312,10,0.9984486006171334
439.5832562282957,1,0.9780706004377642
439.6652895659017,7,0.9993218870730086
440.0199229177055,2,0.9660030715921492
440.044156252301,2,0.9202553657243483
440.1976229269607,2,0.6384868073867929
440.2103229276221,10,0.7848180617427976
440.3042562658479,10,0.9271579943457604
440.4821562751135,2,0.9257264286977029
440.482889608485,10,0.9999200865290035
440.5410896115162,2,0.5831639190364992
440.7193562874676,7,0.7927483801768079
440.76648962325584,1,0.8995336167640442
441.09852297388255,2,0.8787171212190709
35.01643515710609,2,0.8653552307492256
441.2041229793826,4,0.5345801031687676
441.3582229874086,2,0.762826219727553
441.524022996044,1,0.9754864561961104
442.4121230422992,2,0.9992266938431521
443.323023089742,1,0.751516344201281
443.3351230903722,2,0.9226352752505939
587.2719305870813,0,0.9750344611137779
444.353589810084,11,0.8636330972570038
445.6074232087212,4,0.7613164028675343
445.7620565501083,1,0.7939399625298104
445.77325655069166,4,0.7316286661107795
595.3231643397497,3,0.9701908900565558
446.1412232365232,2,0.7883717284486992
39.242602043885626,2,0.6980607109855218
446.3068565784833,4,0.5382694755194928
446.3183899124173,7,0.9876066414269087
446.3296899130059,4,0.5704936737517635
364.4745189830488,0,0.3092516384158362
446.4011565833948,7,0.9716648268103091
446.4253232513201,1,0.9872480232279092
446.44902325255447,2,0.9974563953693595
446.5676565920666,4,0.9750047162134362
447.170689956808,7,0.6372201171084999
447.2182899592871,2,0.9132388853524445
447.3252232981899,4,0.7561276228539928
447.3371899654798,1,0.8728666338502402
447.4556233049816,4,0.6786235159822565
448.6738233684295,3,0.8671632333528979
448.69829003637045,2,0.7853454137106128
448.7331567048531,4,0.9749977345174291
448.87535671225936,2,0.9322133033609236
449.6573567529885,2,0.8660228462688352
449.7513567578844,10,0.6616142767016174
450.0945567757594,2,0.8648377192736837
450.165390112782,3,0.9917262474123276
450.5915901349799,10,0.99975522876552
450.5918568016604,4,0.4937149463532607
450.8991568176656,2,0.6556492565109836
451.1486568306604,2,0.6211950201562332
451.6574235238253,0,0.9949698971025085
451.7640235293774,2,0.5928845831620788
451.78702353057537,2,0.6235156979397829
451.965423539867,7,0.9982663373708088
452.0842568793896,2,0.8226434942982145
452.2016902188393,10,0.7274118312933388
452.4029902293236,10,0.9975057668530357
452.4391235645389,2,0.5010730201403508
472.8096579588376,10,0.8154091636196468
453.1488569348375,10,0.6542177123987782
453.23255693919685,2,0.8812366290000925
453.7994236353879,2,0.8737078554763867
453.84702363786704,2,0.5325857062811475
453.9653569773636,10,0.9999867020676431
454.02502364713786,10,0.5036166874026973
454.54572367425766,2,0.7037048900710806
592.4950308591177,0,0.9994746846629907
274.5910809682862,10,0.771844597409544
455.7884570723167,3,0.9998448243553648
455.8250570742229,2,0.8439861139901419
591.4675974722722,0,0.9974751573602605
456.48712377537225,1,0.9027347297040885
456.7123571204365,0,0.9998612430072965
457.3166904852455,7,0.9843293027819642
457.82482384504414,0,0.9867537470578099
590.5392640905883,2,0.9986755007638083
0.891166713081602,2,0.8645806890100934
458.3222905376205,2,0.4945770726617227
458.5239572147906,3,0.9097304871652843
458.73732389257015,3,0.9972996335487803
458.9371572363115,4,0.9601924947077006
533.3705277797164,10,0.6846580562727863
52.59583607269994,2,0.9046176149976629
459.03295724130106,1,0.886708760461379
459.1983905832507,0,0.8710765649824893
459.2462905857455,2,0.9303683701053189
459.2568239196275,2,0.9810385058370693
53.79160280164612,2,0.8980758201579145
459.5412572677751,1,0.6466074988233229
459.7425906115945,4,0.9713388624260506
459.7666572795146,3,0.9925830110400107
460.2396906374851,2,0.639706080375387
460.4063239794973,2,0.9577653472802724
460.689857327598,10,0.8830423497869788
460.7014239948671,4,0.9907068483085998
460.7246906627456,7,0.9837590540752842
460.7958906664539,4,0.8896592091623495
461.10492401588266,0,0.996846041644752
462.20495740650944,10,0.741292577664178
462.2170574071396,10,0.636951790961634
462.4297907515528,2,0.7447699935408401
418.8076884795682,7,0.9994965280933834
56.09996958854023,2,0.9504942259933233
462.5245574231553,7,0.9371707132199425
462.53642409044,0,0.9979534421773268
462.6900907651101,4,0.9060293354091313
462.74899076817786,0,0.9851249731986341
463.0225907824278,2,0.9239514053315545
463.05812411761184,2,0.7683405378665048
463.30662413055455,2,0.9041760802474497
463.377857467598,3,0.8416484648776364
463.41259080274034,2,0.8933405588544092
464.0279241681223,2,0.7591952902792555
464.1585908415945,2,0.5645856115891852
464.1701575088636,11,0.9996272499431096
464.3602575187646,11,0.9996911179739345
464.40755752122817,11,0.9983194941978629
59.343703090818025,0,0.9941647836894105
465.1172575581917,2,0.9751279308019928
465.1996575624834,1,0.585720357535588
465.8276575951917,7,0.9055973686964466
466.1117909433237,1,0.8829324125810887
466.3961909581362,5,0.9999963459999005
466.4546909611831,11,0.999870901671891
466.6919909735424,11,0.9994288490991907
466.7156243081066,11,0.5838305794594556
466.774324311164,5,0.999851725273427
61.36796986291526,2,0.9576196203750335
467.07012432657024,5,0.9999922715286196
467.14209099698513,7,0.9911998968480077
467.17722433214834,2,0.9929527416035693
467.3075243389348,2,0.9751648977514467
468.0653910450737,2,0.9776763953938054
468.40832439626814,7,0.9985464781887264
468.42022439688793,1,0.9851808624197113
469.2251577721449,1,0.6066143436351327
469.4022244480338,11,0.9897950997157016
63.877669993628814,4,0.9690518338194424
470.0543911486674,10,0.9999977104243875
470.63345784549387,2,0.997629873676297
562.3039959533346,2,0.727038981083456
471.9719245818723,7,0.97899594108693
64.44580335655243,2,0.8653820314592195
64.7654700398684,2,0.8026337745256347
64.81300337567743,3,0.7030750745187461
471.9834245824713,2,0.8518092958701686
472.26742459726296,2,0.6386270992023926
65.07327005589966,3,0.7891569734860676
65.30987006822258,2,0.828791976977329
472.31509126641225,10,0.7587134969367296
472.3387246009765,2,0.5400161680365182
472.3970912706831,4,0.9909331769019553
66.48193679593439,2,0.6637125265190814
472.6343579497074,9,0.9999977003812015
472.6465246170077,9,0.9238927941939357
472.6811579521449,9,0.7479694487910573
473.15542464351296,9,0.9881534267101321
67.27503683724169,9,0.8747093747618477
67.3223701730403,9,0.9893942659797108
473.19129131204767,1,0.9379299275248122
473.2144246465859,1,0.5334520998579703
474.114491360131,9,0.9832164267956524
68.70767024519134,7,0.8234623109038125
68.1512368828771,9,0.9397468906115118
68.17503688411668,4,0.9708816766068139
68.50637023470696,0,0.5090711983252443
475.27412475386194,7,0.8771359557336131
69.63083695993961,9,0.9851012802383199
69.08623693157503,11,0.8644022396295062
69.07463693097085,4,0.7071410025770436
475.3925247600286,1,0.8185759671114283
476.0434581272647,1,0.8510570539681283
70.77930368642225,11,0.7403913053590504
476.48225815011887,1,0.5207423954615071
477.39352486424735,1,0.35399958864878883
533.9491944765219,1,0.9632791524292592
478.1517915704071,1,0.6511278927325465
478.6489582629678,11,0.9944980053265301
478.87319160798,12,0.7160667057544231
594.433830960097,8,0.9992499581515917
523.5921606037598,11,0.9712253921357648
479.4407249708724,6,0.9000643523130464
479.6196583135251,9,0.6019545954410165
479.64319164808416,8,0.9781775460580622
479.8078249899922,2,0.9287768183351327
479.8319249912474,10,0.6269731691975118
479.9629583314053,2,0.6284234547035099
73.09953714060109,7,0.9983186897081187
480.31752501653904,9,0.998759202412125
480.4002583541814,9,0.945664950048733
564.7769627488017,1,0.4405982130198164
23.684467900232764,11,0.9301288441816704
481.05149172143314,11,0.9981929491321268
481.1698583942648,5,0.9999992624726153
481.2760917331311,5,0.9999797765532203
627.6140993549027,11,0.9890693865270793
482.1408251115026,1,0.8235895775184574
482.1759584466658,0,0.9848400467873506
482.2118251152005,2,0.8764543547569981
482.3542251226172,11,0.7274439376081943
482.4725584621137,9,0.978873743216715
482.6966918071207,11,0.6969084097907096
482.7439918095842,11,0.996373007970087
407.815121240372,9,0.6615478926594655
483.0158584904106,1,0.751497276575957
26.383501374140767,1,0.7501219081679118
483.33609184042274,4,0.7323295660126068
483.4541585132387,11,0.9181332245423729
280.6878479524928,11,0.586896188500595
483.46602518052345,1,0.7272008696262774
483.6440585231293,1,0.6641268746949239
484.6972919113186,11,0.6055299807797176
484.8281585848012,5,0.9999988312313954
485.1823919365842,11,0.9441439911235401
270.9125807766976,5,0.9999972169603171
485.2772252748568,5,0.9999696894374438
79.91817082907161,11,0.9710881626613028
485.2891919421467,5,0.9998803982160643
485.4676252847734,7,0.9984226289563362
485.7504252995026,4,0.9307597856457703
486.5797253426953,0,0.9991729560013513
487.36039205002174,8,0.9976752087017385
487.37362538404426,12,0.43667321283643434
545.8547284299352,1,0.99268434292402
616.3885987702412,4,0.7842549862118741
81.36267090430599,1,0.9451299489248665
418.8681218160492,5,0.6463143533846655
637.7859332180191,9,0.6129409647849745
82.1203042770994,11,0.5984630879657903
489.0418588042648,6,0.8944819849915169
281.4800813270883,8,0.9963899659028916
489.2663588159575,12,0.7865216545165202
489.2784254832527,8,0.9639652320475076
83.35113767453865,11,0.7839791593634239
489.9295255171641,7,0.889914888314774
490.7708255609818,6,0.998598356094798
490.85345889861895,7,0.8780692555444276
490.88869223378737,4,0.5559641143500212
510.6935599319576,8,0.9994881952513816
566.7083961827304,6,0.9603935499120606
492.0613589615304,6,0.9965411639508635
492.3332923090269,7,0.9588592049218562
492.7112923287145,4,0.8100302319305761
492.8894923379957,7,0.513911086065593
492.9017590053013,5,0.9999815727503641
86.20427115647269,5,0.9999631521919972
86.99727119777478,5,0.9998900946484458
492.9361256737579,1,0.8511977567751539
492.937159007145,1,0.8708707621528634
492.9843923429384,5,0.9997329365791827
493.44579236696967,1,0.9754610065246012
493.80092571879953,6,0.999576515452188
493.8595257218517,7,0.9997348286267386
493.8842590564731,0,0.99932060458325
493.93125905892106,6,0.22868751466951992
88.0155045841411,11,0.6621941075815067
88.11010458906819,11,0.9863884838625498
88.24050459585985,11,0.9880744908813212
494.0858924003082,7,0.47743088631206604
494.097292400902,12,0.9977045714091847
89.51907132911853,1,0.9054277206782012
495.1631257897474,3,0.8749471448930867
495.36372580019537,3,0.9819041964761758
495.77795915510336,6,0.9975266618374347
496.38149251987073,8,0.9980542900624471
90.95123807037724,1,0.6243419224435638
496.476659191494,8,0.9987022820983293
496.4882258587631,11,0.997323107673325
497.3995925728968,9,0.9537141242420611
497.70799258895926,9,0.3719801534500316
91.21193808395536,1,0.9387152082756646
91.34200475739632,6,0.9988016929022075
91.5432047678755,6,0.9997100774995874
91.7563714456446,11,0.8577821320734756
498.642425970961,5,0.9062394241632055
92.64430482522444,5,0.9885030490569215
92.41933814684076,11,0.6141151029167354
92.44293814806994,11,0.9656483095509135
92.70347149497272,12,0.5202346081335102
499.37625934251486,8,0.9027920285395377
499.7788593634836,6,0.99963938557264
527.8072274899612,8,0.9987169407087689
629.3000327760451,12,0.685584443831675
273.0893808900727,1,0.712332915426051
501.8157594695721,1,0.8682318229758205
501.8509594714055,1,0.8172019232948606
95.63917164787378,1,0.6307250486350219
502.0527928152509,1,0.976603722152452
502.1226594855565,1,0.9853003808735038
502.1229928189072,11,0.6868260045748836
502.5729595090097,1,0.6868835014375343
502.60895951088463,5,0.9999327253134639
502.7863261867892,11,0.5201250854814611
502.8446261898257,10,0.902650735949645
503.283526212685,1,0.7726733439537659
503.50789289103744,1,0.9736204927031142
504.2073929274697,4,0.9863641628747071
569.9259963503139,2,0.8505405460986134
505.3551596539159,2,0.627660987934689
505.5804929989853,2,0.7873261271906924
505.7453596742389,2,0.7038996826937052
569.618396334293,10,0.747645953743534
506.3373597050722,10,0.6403499724999401
506.51529304767286,10,0.6229161067232708
506.5268263816069,4,0.9901303505818742
506.6211263865184,7,0.9449225038328583
506.77529306121454,7,0.9972283093259653
507.64032643960167,7,0.9951292312797361
507.7230931105791,7,0.9989001893566485
507.9358264549923,1,0.5460286956781356
507.9481264556329,7,0.9987534353137455
508.3030598074524,12,0.7733512767410079
101.36890527963077,7,0.9951448035177146
101.38053861357,7,0.9930981954992063
508.4323598141868,7,0.6235266508446314
0.8116333756059071,12,0.8772415682017355
1.5274667462222304,7,0.7899295052971761
102.31580532894849,12,0.9977740390157064
102.55277200795716,7,0.9635177445185108
102.71843868325227,7,0.9563229540831641
508.61052649013294,4,0.8817751947332512
509.2380265228152,12,0.8944852517276193
103.89030541095369,7,0.9876121718695631
509.7357932154072,7,0.9902640587011938
509.80572655238296,12,0.7367591049666196
510.2562932425166,7,0.9911626937310966
510.4097932505114,1,0.9980113379959974
104.48233877512207,7,0.9975996533932934
104.81377212571758,7,0.9861903489279504
104.9676721337332,7,0.9981508354121235
510.57545992580657,1,0.984917000928299
511.0260599492753,7,0.9486600286850834
105.10973880779918,4,0.9316838707145773
511.14459328878223,1,0.990083773603997
511.392126635008,4,0.9295785889777552
511.6763933164802,1,0.9762344918182697
591.5031641407913,2,0.9234949258903689
110.25943907601274,7,0.902109089496065
110.37757241549886,2,0.7921150718947266
110.68563909821066,2,0.7310517699496862
111.54973914321587,7,0.7981463895751569
112.78097254067596,1,0.9916815773991559
545.4402950750168,4,0.8309127106257619
116.46250606575585,1,0.9954349079777888
116.52173940217423,12,0.5960693850472653
532.5786610718067,7,0.9381292677576366
117.25547277372286,7,0.9513878625319504
117.07807276448328,2,0.991693527629516
117.16087276879576,4,0.5987867946207662
522.5897272182164,4,0.8914310955914263
573.406996531616,2,0.8982547824973733
118.60530617736,4,0.915871929128653
118.22650615763084,1,0.9954668262482361
563.4085626775308,12,0.5969982667256243
119.89550624455794,2,0.9985336377769739
584.9499637994788,4,0.8738562177018997
121.35160632039648,7,0.924904158244226
121.94343968455448,1,0.9891816566506962
122.0145396882576,4,0.9944125349730312
122.3103063703288,1,0.9892964661939052
584.8153971258035,4,0.5802995871319757
447.4051566356864,2,0.8939783094796363
124.41783981342948,2,0.9632858253715745
554.4244622096089,2,0.9176930096650552
126.32367324602498,2,0.8728465743718623
562.6783293061645,2,0.9984184687492027
595.5034976824754,2,0.794069768337308
127.32983996509616,2,0.9530731030113923
127.67330664965172,2,0.9833204629959716
128.11104000578368,2,0.715154817826761
280.48928127548413,7,0.7292902901277796
129.54344008038785,7,0.7855655987502191
129.80367342727502,7,0.9984356048170161
28.41676814670675,2,0.9972353331360103
131.87574020186182,7,0.9989821248098364
131.14140683028197,2,0.9697524142973505
131.68654019200764,7,0.8688860896204469
131.91084020368996,2,0.8066581351780865
131.9703402067889,10,0.9929691783715846
132.1601402166743,1,0.9294535237067092
132.3843735616865,1,0.5354208807312804
132.3609068937976,5,0.9999905633261679
464.83825754366046,1,0.9893318146727992
133.90000697395905,1,0.9911014727944594
574.7935632704996,1,0.9933543780343105
627.2197660010312,1,0.9874850263840436
134.77634035293474,4,0.9009696705535531
134.70497368255107,12,0.9936092541304952
134.78787368686878,11,0.7163218885067671
135.50980705780282,7,0.9870975387306391
135.8292404077733,4,0.8602956764842734
135.06030703439134,7,0.8772823511164067
34.83296848088387,1,0.9296072259829482
136.42177377196774,4,0.9521879962962507
137.84200717927158,7,0.8482490117926273
638.2516332422742,1,0.9651975297556141
36.33646855919117,4,0.8919440324898762
138.67090722244345,0,0.9996500560975297
628.938599423887,0,0.998836094678969
139.8309406161952,0,0.9989789358341362
139.9489739556761,0,0.9625892744625347
39.0711353682884,2,0.9973407611281141
141.40560736487575,0,0.944184727887315
39.86430207626584,0,0.5204793728553921
40.12470208982834,2,0.9112322192037356
142.60104076047125,2,0.9609376965735762
40.70473545337175,2,0.7868929406905093
41.6637021699846,2,0.9776755632106284
143.45314080485147,2,0.9547044278755317
143.13364078821084,2,0.7236082814141608
41.87663551440821,10,0.8010816439314196
578.5327634652497,4,0.9698947897141184
144.2704075140841,2,0.9071813068307579
144.24627417949384,4,0.8256264151806648
144.84997421093655,2,0.9800602005716874
273.81528092787994,2,0.7404114531677519
145.92767426706675,9,0.44744793613383116
145.00400755229245,2,0.7762471046575725
145.5963075831414,10,0.735758268298372
146.87420764969872,3,0.9961086205153973
147.08734099413277,2,0.6020095404064396
472.8028246251484,4,0.9818283866056843
528.8758275456174,1,0.7723869777674497
48.45876919056102,0,0.6493960274618307
150.9938411975963,4,0.6938143127234647
150.68644118158588,1,0.44189572471969485
629.4298661161405,4,0.8921085238637643
49.7963692602277,4,0.9829123436083887
532.4921944006365,7,0.9817849238037584
152.7346079549279,7,0.999786986565509
417.7367884237922,0,0.9988799302824898
153.62220800115708,2,0.9894895080763221
154.8062413961588,2,0.9144880833264288
627.4808993479652,4,0.8220449312797888
53.66746946184751,1,0.676417966189548
326.9066836930573,10,0.549144794132814
156.9012748386085,1,0.6241947866035741
540.7824281657529,2,0.935666318536768
157.84867488795223,1,0.8947758074557265
157.71847488117098,4,0.8976033747807379
591.5182641415778,4,0.945760221858723
591.826064157609,1,0.6584329757281898
158.90170827613107,4,0.9797291828870849
158.13250823606856,7,0.9956863750958311
632.3836329366492,2,0.9965326337695538
159.3522082995946,2,0.9988084446624829
159.6006083125321,3,0.9997218279911234
159.5414749761189,4,0.9612156376701538
160.2990083489071,1,0.8909332047040591
160.89080837973003,4,0.4485178806525582
160.0857416711328,7,0.9963330039019006
160.5832083637092,2,0.8956100014697598
612.8425985855537,4,0.9553693326082664
161.03314172047655,2,0.9947868921828774
161.23397506426997,2,0.7810099825144117
161.35244173710677,2,0.8041537085931011
60.01270312566178,4,0.9841929487215176
60.68753649414269,7,0.9745937948023777
162.46520846173004,4,0.9404865857209489
162.55970846665193,4,0.9311244060690319
60.97160317560449,1,0.8388008085738285
162.13364177779428,7,0.998795847083882
162.80894181296614,4,0.9551411763399532
163.43630851230816,4,0.5344462715659406
163.44780851290713,1,0.940466487771548
582.098396984293,2,0.9960187771355394
582.5701303421959,10,0.9993431892718886
592.5484975285691,2,0.9629617084843558
164.5606752375356,10,0.6836706791596802
164.85650858627693,2,0.725686605020603
164.25320855485504,2,0.8137963836210782
562.3563959560638,4,0.7280008099829727
633.021432969868,0,0.9350178623721311
165.79144196830472,7,0.9991890627227712
613.826298636788,7,0.9815805637345402
552.4880621087547,0,0.6859292634183046
166.06434198251824,4,0.5042999049633088
166.7859420201016,1,0.8092955318969878
166.85750869049568,0,0.998217249580588
561.8313292620498,4,0.906143032512827
563.5485626848225,7,0.9488348470532111
167.87524207683597,2,0.9952755694820521
167.6147087299332,2,0.8930578446441972
168.194942093487,2,0.8905430151866528
168.51420877678217,1,0.9928269350393519
168.6923087860582,4,0.983297598457647
168.85757546133252,2,0.9991345797059967
522.2864605357545,2,0.9801004435696922
169.3908088224384,2,0.8894353423808063
169.6632088366259,10,0.5043246572174366
169.71007550573356,2,0.6736316092381496
169.8167088446207,2,0.74390527819229
169.9471755180825,4,0.980749205167081
170.2312421995443,4,0.9897400510846012
170.29014220261203,7,0.9014274561874313
273.57954758226884,7,0.9962757589358366
591.5614974771629,4,0.9221648005826829
171.87644228523183,1,0.9085212763187525
314.8468497316076,7,0.9980826576317108
19.45253434648621,4,0.848990697604485
172.19617563521794,2,0.9687974078202649
172.50380898457385,2,0.98716993136944
172.56347565434814,2,0.8743866796686889
20.127267714961917,0,0.9997789923510556
20.73100107973969,1,0.9646467197511566
172.58690898890197,4,0.9962272969129519
172.6934423277839,2,0.9747124497521691
172.78787566603566,2,0.8823938367884565
21.09800109885428,0,0.999408258745058
172.80017566667627,2,0.8163622687214251
173.04870901295405,2,0.9168596496605339
173.10740901601136,2,0.7656800735353221
173.11930901663115,4,0.8971694296553598
173.16714235245578,1,0.5518986142749177
173.20244235429433,0,0.9934861269591877
174.01940906351135,1,0.9571668361934415
174.741642434461,4,0.9779730118374446
175.2502424609506,11,0.5933218679449166
23.18150120736992,1,0.9936364041069119
175.4751758059992,5,0.9999977183897807
175.52287580848358,1,0.9832057925556185
175.67637581647838,0,0.9093446122884752
175.97247583190023,0,0.996283744385992
176.07940917080302,1,0.7312757713797207
176.2923758485617,1,0.8298388497775071
176.33934251767457,1,0.31994902737746256
176.61194253187247,0,0.9713708773426996
176.63514253308082,1,0.6615230299785506
177.12077589170755,4,0.8016487024015843
177.2865425670079,1,0.7125369270492369
177.4642425762631,5,0.9999906831196081
178.2572426175652,5,0.9999315214837432
178.47014262865375,5,0.9999575950179137
26.15283469546021,11,0.5850767680353249
178.48200929593847,0,0.9996746716964423
179.40570934404784,9,0.9999966835518135
179.63077602243672,9,0.9999176622485455
280.397547937373,0,0.918031283718176
280.87141462872023,11,0.9668181675214117
280.8946812965987,1,0.9317833284735488
180.3052093908968,2,0.7958624975502038
473.3020246511484,2,0.9455111395907908
606.5472649243384,11,0.9867216536389912
181.87967613956693,1,0.9894797403760579
181.9031094741208,5,0.9999517119406722
627.4010660104739,5,0.9998270581373387
29.42020153230224,5,0.9935084383914548
182.9096761932128,2,0.9935112540092302
596.7011310781855,4,0.8838530169883607
183.54867622649405,9,0.675393233205412
183.77390957155828,5,0.999998622346379
637.8742998892882,1,0.6136742291108044
185.1000763072961,2,0.5799259747152586
185.33647631960864,1,0.9594697256600739
623.7347324861856,1,0.8894717852502452
186.59120971829267,1,0.9208656324177652
186.99367640592115,1,0.9796474817075413
187.0057097398812,2,0.7582441768077886
187.73934311142463,3,0.9999140395390113
597.3410644448487,2,0.7880286243660981
191.7174766519524,10,0.9974727002713283
191.8944433278361,10,0.6991390728586978
192.51054335992464,4,0.9872356203538771
192.6171766988118,1,0.9853248844306787
521.8917605151972,0,0.9929948078789491
517.4349269497371,1,0.8227624382514422
195.83697686650973,1,0.7492666484583306
273.87691426442336,4,0.980069357123367
196.83114358495592,5,0.9996393771399055
314.7549830601562,4,0.836022960368086
609.9711651026664,0,0.7157843576268583
197.06797693062435,2,0.7156634100844973
197.26964360779445,2,0.9884337874064568
198.19257698919725,3,0.986847028272484
585.3701971546993,9,0.9999809421489969
199.92104374588823,5,0.9999892144912924
569.6124296673156,5,0.9999322322006157
383.6578533155142,5,0.9992407902621262
200.69031045262088,0,0.9940684390990001
201.3176104852928,4,0.8165205159240455
201.77994384270596,2,0.8218081333558355
202.7028438907737,2,0.9295121815214819
539.8392281166279,9,0.9472299594259673
3.606533521173631,4,0.49504640880656026
3.858833534314257,2,0.8101750592052656
204.5853773221556,5,0.9999292447253672
280.57644794669073,3,0.8891845594190614
205.5792773739213,1,0.7958374310631621
206.503144088706,4,0.9863955643438115
585.9639638522914,4,0.945867828836542
550.7367286842061,2,0.76180977558011
207.4854108065324,2,0.9277161094131663
208.0422108355324,4,0.987961972883824
208.17244417564868,1,0.629779112761513
208.18391084291255,10,0.5707692090420208
208.4325108558605,4,0.6762750108774445
208.52704419411745,1,0.3738113649563188
208.9182775478275,2,0.7367679391488425
209.79371092675635,4,0.9670501795030377
591.9934641663278,4,0.7608662126922716
210.06641094095943,2,0.8769537268766169
383.5733533111132,4,0.8605838045587565
211.5577776853015,1,0.8965568630182107
578.2371301165188,2,0.9716448666413554
213.4163777821036,4,0.9642920352801523
213.7598111333241,2,0.5639697006764209
214.17407782156712,4,0.809047545133249
214.340111163548,9,0.9391900218520697
214.60017784375984,4,0.9658936908525069
214.6596778468588,3,0.9980778628984504
214.78987785364004,10,0.6939035530550457
215.2868445461904,2,0.6736659105134818
216.00904458380495,3,0.3813407361973514
216.2337445955081,4,0.6446947726268505
216.57741128007407,7,0.6576389298642592
216.60091128129804,2,0.9250427931328452
217.15747797695252,2,0.8505694497874882
217.5595446645602,4,0.9483679668598591
217.9387780176453,3,0.9997319419112903
542.8325949391991,1,0.9896271445601025
218.5304447151279,4,0.981767615697009
218.8147447299352,2,0.9703042307166997
218.95704473734665,2,0.7923758123377794
532.3814277282008,4,0.9233054112099648
532.7622277480341,9,0.656199112902835
219.05171140894387,5,0.9999737962101899
219.99844479158625,5,0.9999125707025182
221.7148782143172,1,0.9885014457911658
553.9691621858954,1,0.9812741222357336
222.08167823342131,10,0.8269721694619676
19.627234355585173,2,0.9610433150884234
19.05900099265635,1,0.9905334471714741
19.29570100498448,2,0.7983532005147573
223.91707832901508,1,0.9806229028806909
472.9619246334348,2,0.9988557788930128
20.053334377777887,1,0.9962882179696165
533.7786944676418,2,0.9986764380877179
594.7276976420692,2,0.8699188939197793
22.39726783319109,2,0.9916982749752704
226.27284511837797,10,0.8241474563023179
226.28464511899253,0,0.9952369636672463
23.20226787511818,5,0.9991352487376951
226.31987845416091,0,0.9829494935577805
226.3551451226644,4,0.9526836946184704
226.55701179984496,2,0.9954649271850712
226.84077848129115,2,0.8135979107511745
24.516334610225822,4,0.6452021591839238
226.86424514918005,4,0.9274053057963996
226.87667848316093,4,0.8353104235346546
227.19587849978595,4,0.9841069797644547
227.38577850967656,1,0.9520850693204813
227.5509118516106,2,0.8677229058839665
227.71654519357068,1,0.9846328564597826
228.03671187691268,1,0.9508851500960076
228.47444523304463,2,0.9496114251640274
229.0783119311627,3,0.9901672077976378
407.5399212260386,3,0.9999177384607141
173.6514090443447,2,0.5706183336938416
173.95920906037594,0,0.9857066616017912
231.078612035345,0,0.982612539898116
580.70249691159,10,0.9987469009179569
233.0916454735238,4,0.7449412048397108
233.1739121444752,2,0.850566212039778
233.32784548582592,2,0.94550306555919
234.10974552654983,2,0.8423341095008876
234.20394553145613,10,0.6340875806869055
31.07466828513905,10,0.8415718960346081
234.28684553577384,10,0.922456858054322
235.16314558141443,0,0.9985828761495188
235.3761455925082,2,0.7952682844460018
235.71907894370267,2,0.9007224130081032
236.11007896406724,2,0.4987911961732594
236.39424564553423,10,0.9999239319701196
236.53631231960023,0,0.9983644130318065
236.65454565909155,7,0.9629902844961299
236.90314567203947,4,0.8011454178100809
556.798595666595,1,0.8055112746688136
238.19394573926863,7,0.9910950144201119
238.3950457497426,4,0.522153270432012
238.7029790991141,4,0.9031514547735322
238.8802124416784,2,0.9385495668027852
414.9957216143616,4,0.8935215950970128
239.5901458119874,2,0.9898841867994076
612.9755319258106,2,0.9867265168407109
241.08234588970612,10,0.5305925375676744
241.7569125915065,2,0.6433111934630552
241.81571259456905,10,0.9266122367211066
38.68650201492208,10,0.5163324861693263
242.57381263405335,4,0.9026402413437016
242.95237932043707,3,0.9837284513631148
39.85846874262869,2,0.7739229332668485
243.20134600007077,7,0.9997205133608185
243.5088460160864,2,0.9164104211149244
40.17813542594466,10,0.7477689268526859
40.4741687746964,1,0.6617936353689605
244.041446043826,2,0.8748473013504374
244.70421274501172,2,0.9265660656021392
244.74004608021136,2,0.6774911858344945
244.95291275796487,3,0.972880999062616
527.5901941453241,1,0.702264147761724
245.4030794480777,4,0.9699999791124114
578.9299968192722,1,0.6609620179276013
593.4911975776681,2,0.9466332529129087
629.6996661301927,4,0.6480471774196674
532.9101277557372,1,0.9889981261478823
273.6783475874147,2,0.8346302705060852
247.83001290781385,2,0.8436041965484801
44.60560232320857,2,0.8011864835039882
248.10187958864023,3,0.9459693621096503
248.2201795948017,10,0.9994975228136287
248.59947961455688,1,0.9790990797111636
248.67064628493011,1,0.9715719063251814
249.17937964476,4,0.8343754354831548
249.8541463465708,11,0.9996390302998097
250.8720797329215,9,0.5709309568493592
569.3556963206107,11,0.7949548564423616
252.44644648158643,4,0.9625087362573015
252.77824649886767,4,0.9868636174620663
549.7575619665412,4,0.9414772480332209
253.5357132049857,2,0.9312422066368616
573.9271632253746,2,0.910754161019003
590.7054307659095,12,0.302653221581276
590.98889744734,9,0.8658265382399051
570.9179630686455,1,0.9859325973122689
615.5205987250329,4,0.8057523506221714
540.6930948277668,7,0.8871659704776027
56.14770292435968,2,0.9595957429797488
464.8929242131744,10,0.6525299772954491
57.61573633415309,0,0.9713402443888988
523.6344272726278,4,0.9604412775624658
62.45743658632499,4,0.6520691810998565
63.73600331958367,4,0.7462964426079477
64.1030700053684,1,0.5576667920225912
64.44613668990313,3,0.9929937833686673
173.7246090481572,2,0.9404394315063077
548.6455285752894,2,0.9732164253340864
65.58250341575557,2,0.9748706500746945
532.623961074166,4,0.9374306287139511
66.37593679041355,10,0.9608325773433004
522.184427197107,4,0.9918119614961153
16.42800085562509,10,0.9788387770203102
67.3349035070264,2,0.6035430205405173
68.30557022424863,5,0.9987717264483061
68.74340358038579,5,0.999049852925524
68.44760356497953,2,0.6960645427546609
68.81463691742918,2,0.7663694348539452
68.08070354587015,3,0.9894450360780989
69.11050359950558,2,0.6269980940339038
68.77903691557502,3,0.9996464749781553
68.88560358779203,7,0.9975838399455094
314.47404971219095,7,0.9955491732540046
543.9117616620724,0,0.9988457545900765
553.7346288403468,2,0.957827627286552
594.7893309786126,2,0.9862323381878544
629.7189661311978,2,0.5567340964791296
523.3098605890566,4,0.9523432795100673
279.7158812352029,4,0.8008073180962728
22.216901157130327,1,0.776962229290421
74.89937056767575,4,0.9890992322692898
595.5117643495727,4,0.8819393482351384
26.47860137909389,2,0.9949584064511772
26.51410138094285,1,0.7252146988985624
280.5927479475397,1,0.4323532424113045
27.650568106800492,2,0.9594884523050211
270.8756474414407,2,0.9090717485719916
80.5815708636237,9,0.9060205260847171
585.3181304853208,4,0.6564799625087264
625.9691659358957,1,0.5443528405330071
81.10233755741363,11,0.6940924383932852
81.75357092466537,8,0.5253824840642551
82.90187098447267,2,0.5172144096759521
281.5045146616942,8,0.9468068826303931
83.07930432704732,12,0.2934754018989847
358.3708853318179,8,0.9995481610051702
87.37680455087546,6,0.9950572106037223
516.3386268926382,9,0.5745892985795856
90.4546713778477,4,0.8494527796955241
91.28317142099876,12,0.9842088744301885
91.79210478083904,6,0.9903316567009602
91.86313811787204,6,0.9980863128700724
527.6888608171296,1,0.6224919824391003
92.1354714653894,6,0.9849254095086779
604.7117314954043,6,0.9969597497764295
629.2884994421111,8,0.9994978850717521
273.40998090677056,6,0.939566380125797
94.85823827386685,2,0.840650261508771
548.2801952229283,2,0.6559040283650558
528.340427517732,1,0.5050082806871756
592.1985975103452,11,0.6847750264834737
569.3718629881193,1,0.4493620731606758
569.5717629985309,4,0.7611280345918905
98.17297177984254,0,0.9487050177702389
569.7018630053069,1,0.9396974678310693
100.20923855256476,8,0.9621957424478172
310.8907495255607,8,0.9933244694228117
539.5013280990289,8,0.998845408680868
549.2152286049613,6,0.9995789539868541
549.5473619555933,6,0.9937195559183866
610.8524651485675,8,0.9497604187817418
1.6129334173402865,12,0.8639884328691546
102.5412720073582,1,0.5015437261437425
103.91430541220367,1,0.5104207533988677
104.15127209121236,11,0.4437571878273923
104.25783876342938,0,0.9949882529657733
104.86153879487208,0,0.9472536350807242
107.5486722681603,8,0.9604428757203747
108.61420565699017,6,0.9764865667260323
276.5948144059806,12,0.941842510764375
612.9598319249928,9,0.7389797718137124
112.70997253697804,11,0.9997549838919715
112.98237255116554,8,0.9953549352307456
568.9936296350863,2,0.9754695900498536
521.8546938466001,6,0.8682217589755492
277.4938811194737,8,0.949053911703655
562.8501626484475,9,0.937928391120035
116.10773938061172,8,0.9971255447514381
116.48660606701104,11,0.9499333323765942
116.510106068235,8,0.9933892968390658
116.73497274661348,1,0.6041505290245529
634.5686997171215,4,0.9521792500773755
118.46353950330966,11,0.9994680055503128
624.9489325494252,9,0.5372787802047363
17.77470092576572,11,0.9128073593214394
119.5051062242246,7,0.7637330089864475
119.55273956003884,12,0.6848179908988953
563.9057960367617,8,0.9476750224536071
19.4083676775192,8,0.9822352812810887
20.615834407074765,2,0.9876859669482678
20.994667760139,12,0.649685218893343
122.10963969321072,12,0.937504222794692
22.249501158828245,8,0.9746140254305904
22.61650117794283,4,0.900575529218983
126.18207323864998,8,0.9956122532978897
544.2589950134908,12,0.8592586392358341
127.91013999532014,4,0.6765642143917484
26.44023471042896,2,0.5660344167770476
280.902947963696,4,0.5220265725120803
27.45830143011994,1,0.6168905817011721
32.73803503843941,1,0.9295621631118361
560.9292292150656,1,0.7662206426101729
35.579201853083525,11,0.5902452268374896
638.4061665836562,2,0.9189998335311799
36.763101914744986,1,0.6540787555453802
37.13003526718944,8,0.9981577572687322
38.23086865785785,6,0.993898028696265
39.63963539789778,8,0.9989621551577006
598.7814978532047,8,0.9995409468778356
527.7621274876122,8,0.9993557634910468
523.3871605930826,11,0.9960993840118588
314.89334973402947,6,0.8330729847235318
44.96673567535094,11,0.3612075407852817
609.789031759847,11,0.999460571289904
45.688902379630456,2,0.7278249681107494
45.819135719746775,1,0.9200754708563842
49.228602563989845,11,0.8728024081816849
549.2546619403485,1,0.6890180182508051
529.9304942672146,4,0.9082898695869808
51.66723602433535,2,0.9787868765469931
418.57672180087206,1,0.6735692046950582
59.76440311272949,8,0.9935281763639258
541.5747615403536,12,0.5610324011879214
61.62306987620172,8,0.998109057389667
465.88035759793655,7,0.9884155616095611
521.9882605202233,8,0.9750709873318149
62.38063658232499,11,0.9990152798885548
63.24486996067048,11,0.9988834367881997
63.63553664768437,11,0.9011629692528924
613.1155985997724,11,0.9998508505675354
613.7660986336526,1,0.9288968774736864
446.6735899309173,11,0.6394035391518923
19.097734328007046,7,0.9092058967014928
447.8698899932246,12,0.7064837827078483
320.7775167071632,1,0.8074342617433619
585.4229304907792,1,0.9760648537775505
585.9909305203626,1,0.9942900063038317
26.792434728772715,8,0.9981181731712928
26.165068029430696,8,0.9863918256076881
26.532001381875144,2,0.9986130815103662
27.751368112050496,3,0.9914826007641825
28.26036813856092,2,0.9605698874302807
311.99651624981936,2,0.7892994037243446
635.9015331198732,2,0.8231407049500826
637.9706665609739,3,0.986823025962957
525.9896607286296,3,0.9786819402772607
476.5991581562074,10,0.8747436653646216
637.6112332089201,1,0.4951066737440687
546.7375618092494,2,0.7620971611204905
536.2758279310341,2,0.7970319773975466
384.5072866930889,7,0.8424864782379979
598.489864504682,2,0.9789911405824901
626.4707659620208,2,0.917504509451183
314.7074830576822,2,0.9207342896992585
279.8065145732567,3,0.9588690555539625
